python3 tools/build_patches.py --main --cbios ~/projects/cbios
Depending: src/basic.asm
Depending: src/disk.asm
Depending: src/music.asm
Depending: src/logo_msx2+.asm
Depending: src/logo_msx2.asm
Depending: src/logo_msx1.asm
Depending: src/sub.asm
Depending: src/main_msx2+_br.asm
Depending: src/main_msx2+_jp.asm
Depending: src/main_msx2+_eu.asm
Depending: src/main_msx2+.asm
Depending: src/main_msx2_br.asm
Depending: src/main_msx2_jp.asm
Depending: src/main_msx2_eu.asm
Depending: src/main_msx2.asm
Depending: src/main_msx1_br.asm
Depending: src/main_msx1_jp.asm
Depending: src/main_msx1_eu.asm
Depending: src/main_msx1.asm
Depending: src/basic_tables.asm
Depending: src/debug.asm
Depending: src/hardware.asm
Depending: src/systemvars.asm
Depending: src/hooks.asm
Depending: src/logo.asm
Depending: src/video.asm
Depending: src/slot.asm
Depending: src/util.asm
Depending: src/main.asm
Depending: src/scancodes_jp.asm
Depending: src/scancodes_de.asm
Depending: src/scancodes_fr.asm
Depending: src/scancodes_uk.asm
Depending: src/scancodes_us.asm
Depending: src/locale.asm
Creating: derived/asm/version.asm
Depending: derived/asm/version.asm
Depending: src/font.asm
Depending: src/inlin.asm
Depending: src/chput.asm
Depending: src/font_us.asm
Depending: src/font_br.asm
Depending: src/font_jp.asm
Assembling: src/main_msx1_eu.asm
WARNING: Var AMPLTX is never used on line 896 of file systemvars.asm
WARNING: Var ARG is never used on line 601 of file systemvars.asm
WARNING: Var ARG_ is never used on line 350 of file systemvars.asm
WARNING: Var ARYTA2 is never used on line 560 of file systemvars.asm
WARNING: Var ARYTAB is never used on line 517 of file systemvars.asm
WARNING: Var ASPCT1 is never used on line 272 of file systemvars.asm
WARNING: Var ASPCT2 is never used on line 278 of file systemvars.asm
WARNING: Var ASPECT is never used on line 696 of file systemvars.asm
WARNING: Var AUTINC is never used on line 472 of file systemvars.asm
WARNING: Var AUTLIN is never used on line 469 of file systemvars.asm
WARNING: Var AVCSAV is never used on line 816 of file systemvars.asm
WARNING: Var BASROM is never used on line 920 of file systemvars.asm
WARNING: Var BRDATR is never used on line 1093 of file systemvars.asm
WARNING: Var BUF is never used on line 340 of file systemvars.asm
WARNING: Var BUFMIN is never used on line 336 of file systemvars.asm
WARNING: Var CAPST is never used on line 1069 of file systemvars.asm
WARNING: Var CASPRV is never used on line 1092 of file systemvars.asm
WARNING: Var CDUMMY is never used on line 349 of file systemvars.asm
WARNING: Var CENCNT is never used on line 700 of file systemvars.asm
WARNING: Var CHRCNT is never used on line 822 of file systemvars.asm
WARNING: Var CLIKSW is never used on line 151 of file systemvars.asm
WARNING: Var CLINEF is never used on line 706 of file systemvars.asm
WARNING: Var CLMLST is never used on line 70 of file systemvars.asm
WARNING: Var CNPNTS is never used on line 709 of file systemvars.asm
WARNING: Var CNSDFG is never used on line 164 of file systemvars.asm
WARNING: Var CONLO is never used on line 406 of file systemvars.asm
WARNING: Var CONSAV is never used on line 397 of file systemvars.asm
WARNING: Var CONTXT is never used on line 382 of file systemvars.asm
WARNING: Var CONTYP is never used on line 402 of file systemvars.asm
WARNING: Var CPCNT is never used on line 717 of file systemvars.asm
WARNING: Var CPCNT8 is never used on line 721 of file systemvars.asm
WARNING: Var CPLOTF is never used on line 714 of file systemvars.asm
WARNING: Var CRCSUM is never used on line 724 of file systemvars.asm
WARNING: Var CS120 is never used on line 243 of file systemvars.asm
WARNING: Var CS240 is never used on line 251 of file systemvars.asm
WARNING: Var CSAVEA is never used on line 735 of file systemvars.asm
WARNING: Var CSAVEM is never used on line 738 of file systemvars.asm
WARNING: Var CSCLXY is never used on line 732 of file systemvars.asm
WARNING: Var CSTCNT is never used on line 728 of file systemvars.asm
WARNING: Var CURLIN is never used on line 324 of file systemvars.asm
WARNING: Var CXOFF is never used on line 741 of file systemvars.asm
WARNING: Var CYOFF is never used on line 744 of file systemvars.asm
WARNING: Var DAC is never used on line 595 of file systemvars.asm
WARNING: Var DATLIN is never used on line 447 of file systemvars.asm
WARNING: Var DATPTR is never used on line 524 of file systemvars.asm
WARNING: Var DECCNT is never used on line 584 of file systemvars.asm
WARNING: Var DECTM2 is never used on line 583 of file systemvars.asm
WARNING: Var DECTMP is never used on line 582 of file systemvars.asm
WARNING: Var DEFTBL is never used on line 529 of file systemvars.asm
WARNING: Var DIMFLG is never used on line 361 of file systemvars.asm
WARNING: Var DISPADDR is never used on line 40 of file main.asm
WARNING: Var DONUM is never used on line 378 of file systemvars.asm
WARNING: Var DORES is never used on line 374 of file systemvars.asm
WARNING: Var DOT is never used on line 486 of file systemvars.asm
WARNING: Var DPPAGE is never used on line 812 of file systemvars.asm
WARNING: Var DRVINF is never used on line 840 of file systemvars.asm
WARNING: Var DRWANG is never used on line 1099 of file systemvars.asm
WARNING: Var DRWFLG is never used on line 1098 of file systemvars.asm
WARNING: Var DSCTMP is never used on line 430 of file systemvars.asm
WARNING: Var DX is never used on line 345 of file systemvars.asm
WARNING: Var DY is never used on line 346 of file systemvars.asm
WARNING: Var ENDBUF is never used on line 354 of file systemvars.asm
WARNING: Var ENDFOR is never used on line 444 of file systemvars.asm
WARNING: Var ENDPRG is never used on line 283 of file systemvars.asm
WARNING: Var ENSTOP is never used on line 916 of file systemvars.asm
WARNING: Var ENVLPX is never used on line 902 of file systemvars.asm
WARNING: Var ENVPRX is never used on line 897 of file systemvars.asm
WARNING: Var ERRFLG is never used on line 287 of file systemvars.asm
WARNING: Var ERRLIN is never used on line 483 of file systemvars.asm
WARNING: Var ERRTXT is never used on line 491 of file systemvars.asm
WARNING: Var FBUFFR is never used on line 581 of file systemvars.asm
WARNING: Var FILNAM is never used on line 631 of file systemvars.asm
WARNING: Var FILNM2 is never used on line 634 of file systemvars.asm
WARNING: Var FILTAB is never used on line 615 of file systemvars.asm
WARNING: Var FLBMEM is never used on line 1089 of file systemvars.asm
WARNING: Var FLKINP is never used on line 455 of file systemvars.asm
WARNING: Var FNKFLG is never used on line 940 of file systemvars.asm
WARNING: Var FNKSWI is never used on line 936 of file systemvars.asm
WARNING: Var FRCNEW is never used on line 215 of file systemvars.asm
WARNING: Var FRETOP is never used on line 435 of file systemvars.asm
WARNING: Var FUNACT is never used on line 571 of file systemvars.asm
WARNING: Var GXPOS is never used on line 1094 of file systemvars.asm
WARNING: Var GYPOS is never used on line 1095 of file systemvars.asm
WARNING: Var G_LOF is never used on line 194 of file hooks.asm
WARNING: Var HEADER is never used on line 265 of file systemvars.asm
WARNING: Var HIGH_ is never used on line 261 of file systemvars.asm
WARNING: Var HOLD is never used on line 600 of file systemvars.asm
WARNING: Var HOLD2 is never used on line 599 of file systemvars.asm
WARNING: Var HOLD8 is never used on line 598 of file systemvars.asm
WARNING: Var H_ATTR is never used on line 115 of file hooks.asm
WARNING: Var H_BAKU is never used on line 203 of file hooks.asm
WARNING: Var H_BEXT is never used on line 375 of file hooks.asm
WARNING: Var H_BINL is never used on line 170 of file hooks.asm
WARNING: Var H_BINS is never used on line 167 of file hooks.asm
WARNING: Var H_BUFL is never used on line 339 of file hooks.asm
WARNING: Var H_CLEA is never used on line 225 of file hooks.asm
WARNING: Var H_CMD is never used on line 106 of file hooks.asm
WARNING: Var H_COMP is never used on line 306 of file hooks.asm
WARNING: Var H_COPY is never used on line 103 of file hooks.asm
WARNING: Var H_CRDO is never used on line 240 of file hooks.asm
WARNING: Var H_CRUN is never used on line 270 of file hooks.asm
WARNING: Var H_CRUS is never used on line 273 of file hooks.asm
WARNING: Var H_CVD is never used on line 142 of file hooks.asm
WARNING: Var H_CVI is never used on line 136 of file hooks.asm
WARNING: Var H_CVS is never used on line 139 of file hooks.asm
WARNING: Var H_DEVN is never used on line 215 of file hooks.asm
WARNING: Var H_DGET is never used on line 176 of file hooks.asm
WARNING: Var H_DIRD is never used on line 261 of file hooks.asm
WARNING: Var H_DSKC is never used on line 243 of file hooks.asm
WARNING: Var H_DSKF is never used on line 109 of file hooks.asm
WARNING: Var H_DSKI is never used on line 112 of file hooks.asm
WARNING: Var H_DSKO is never used on line 88 of file hooks.asm
WARNING: Var H_DSPC is never used on line 42 of file hooks.asm
WARNING: Var H_DSPF is never used on line 48 of file hooks.asm
WARNING: Var H_EOF is never used on line 197 of file hooks.asm
WARNING: Var H_ERAC is never used on line 45 of file hooks.asm
WARNING: Var H_ERAF is never used on line 51 of file hooks.asm
WARNING: Var H_ERRF is never used on line 252 of file hooks.asm
WARNING: Var H_ERRO is never used on line 360 of file hooks.asm
WARNING: Var H_ERRP is never used on line 249 of file hooks.asm
WARNING: Var H_EVAL is never used on line 321 of file hooks.asm
WARNING: Var H_FIEL is never used on line 124 of file hooks.asm
WARNING: Var H_FILE is never used on line 173 of file hooks.asm
WARNING: Var H_FILO is never used on line 179 of file hooks.asm
WARNING: Var H_FINE is never used on line 267 of file hooks.asm
WARNING: Var H_FING is never used on line 327 of file hooks.asm
WARNING: Var H_FINI is never used on line 264 of file hooks.asm
WARNING: Var H_FINP is never used on line 309 of file hooks.asm
WARNING: Var H_FPOS is never used on line 200 of file hooks.asm
WARNING: Var H_FRET is never used on line 348 of file hooks.asm
WARNING: Var H_FRME is never used on line 315 of file hooks.asm
WARNING: Var H_FRQI is never used on line 342 of file hooks.asm
WARNING: Var H_GEND is never used on line 218 of file hooks.asm
WARNING: Var H_GETP is never used on line 145 of file hooks.asm
WARNING: Var H_GONE is never used on line 294 of file hooks.asm
WARNING: Var H_INDS is never used on line 182 of file hooks.asm
WARNING: Var H_INIP is never used on line 61 of file hooks.asm
WARNING: Var H_INLI is never used on line 82 of file hooks.asm
WARNING: Var H_IPL is never used on line 100 of file hooks.asm
WARNING: Var H_ISFL is never used on line 234 of file hooks.asm
WARNING: Var H_ISMI is never used on line 330 of file hooks.asm
WARNING: Var H_ISRE is never used on line 277 of file hooks.asm
WARNING: Var H_KEYC is never used on line 66 of file hooks.asm
WARNING: Var H_KILL is never used on line 97 of file hooks.asm
WARNING: Var H_KYEA is never used on line 70 of file hooks.asm
WARNING: Var H_LIST is never used on line 336 of file hooks.asm
WARNING: Var H_LOC is never used on line 191 of file hooks.asm
WARNING: Var H_LOPD is never used on line 228 of file hooks.asm
WARNING: Var H_LSET is never used on line 118 of file hooks.asm
WARNING: Var H_MAIN is never used on line 258 of file hooks.asm
WARNING: Var H_MERG is never used on line 161 of file hooks.asm
WARNING: Var H_MKDS is never used on line 133 of file hooks.asm
WARNING: Var H_MKIS is never used on line 127 of file hooks.asm
WARNING: Var H_MKSS is never used on line 130 of file hooks.asm
WARNING: Var H_NAME is never used on line 94 of file hooks.asm
WARNING: Var H_NEWS is never used on line 291 of file hooks.asm
WARNING: Var H_NODE is never used on line 209 of file hooks.asm
WARNING: Var H_NOFO is never used on line 152 of file hooks.asm
WARNING: Var H_NOTR is never used on line 285 of file hooks.asm
WARNING: Var H_NTFL is never used on line 158 of file hooks.asm
WARNING: Var H_NTFN is never used on line 281 of file hooks.asm
WARNING: Var H_NTPL is never used on line 318 of file hooks.asm
WARNING: Var H_NULO is never used on line 155 of file hooks.asm
WARNING: Var H_OKNO is never used on line 324 of file hooks.asm
WARNING: Var H_ONGO is never used on line 85 of file hooks.asm
WARNING: Var H_PARD is never used on line 206 of file hooks.asm
WARNING: Var H_PLAY is never used on line 372 of file hooks.asm
WARNING: Var H_POSD is never used on line 212 of file hooks.asm
WARNING: Var H_PRGE is never used on line 246 of file hooks.asm
WARNING: Var H_PRTF is never used on line 303 of file hooks.asm
WARNING: Var H_PTRG is never used on line 351 of file hooks.asm
WARNING: Var H_READ is never used on line 255 of file hooks.asm
WARNING: Var H_RETU is never used on line 300 of file hooks.asm
WARNING: Var H_RSET is never used on line 121 of file hooks.asm
WARNING: Var H_RSLF is never used on line 185 of file hooks.asm
WARNING: Var H_SAVD is never used on line 188 of file hooks.asm
WARNING: Var H_SAVE is never used on line 164 of file hooks.asm
WARNING: Var H_SCNE is never used on line 345 of file hooks.asm
WARNING: Var H_SCRE is never used on line 369 of file hooks.asm
WARNING: Var H_SETF is never used on line 148 of file hooks.asm
WARNING: Var H_SETS is never used on line 91 of file hooks.asm
WARNING: Var H_SNGF is never used on line 288 of file hooks.asm
WARNING: Var H_TRMN is never used on line 312 of file hooks.asm
WARNING: Var H_WIDT is never used on line 333 of file hooks.asm
WARNING: Var INTCNT is never used on line 1030 of file systemvars.asm
WARNING: Var INTFLG is never used on line 1012 of file systemvars.asm
WARNING: Var INTVAL is never used on line 1025 of file systemvars.asm
WARNING: Var KANAMD is never used on line 1083 of file systemvars.asm
WARNING: Var KANAST is never used on line 1079 of file systemvars.asm
WARNING: Var KBFMIN is never used on line 328 of file systemvars.asm
WARNING: Var KBUF is never used on line 332 of file systemvars.asm
WARNING: Var LASTSTAC is never used on line 41 of file main.asm
WARNING: Var LFPROG is never used on line 772 of file systemvars.asm
WARNING: Var LIMPNT is never used on line 959 of file systemvars.asm
WARNING: Var LOCAL_BASIC_JP is never used on line 115 of file hardware.asm
WARNING: Var LOCAL_CHSET_KO is never used on line 95 of file hardware.asm
WARNING: Var LOCAL_DATE_MDY is never used on line 102 of file hardware.asm
WARNING: Var LOCAL_DATE_YMD is never used on line 101 of file hardware.asm
WARNING: Var LOGOPR is never used on line 836 of file systemvars.asm
WARNING: Var LOHADR is never used on line 757 of file systemvars.asm
WARNING: Var LOHCNT is never used on line 760 of file systemvars.asm
WARNING: Var LOHDIR is never used on line 754 of file systemvars.asm
WARNING: Var LOHMSK is never used on line 751 of file systemvars.asm
WARNING: Var LOWLIM is never used on line 1034 of file systemvars.asm
WARNING: Var LOW_ is never used on line 256 of file systemvars.asm
WARNING: Var L_OP is never used on line 351 of file systemvars.asm
WARNING: Var MAXDEL is never used on line 685 of file systemvars.asm
WARNING: Var MAXFIL is never used on line 612 of file systemvars.asm
WARNING: Var MAXUPD is never used on line 199 of file systemvars.asm
WARNING: Var MCLFLG is never used on line 785 of file systemvars.asm
WARNING: Var MCLLEN is never used on line 862 of file systemvars.asm
WARNING: Var MCLPTR is never used on line 865 of file systemvars.asm
WARNING: Var MCLSEX is never used on line 904 of file systemvars.asm
WARNING: Var MCLSTX is never used on line 903 of file systemvars.asm
WARNING: Var MCLTAB is never used on line 781 of file systemvars.asm
WARNING: Var MEMSIZ is never used on line 410 of file systemvars.asm
WARNING: Var METREX is never used on line 889 of file systemvars.asm
WARNING: Var MINDEL is never used on line 684 of file systemvars.asm
WARNING: Var MINUPD is never used on line 203 of file systemvars.asm
WARNING: Var MLTCOL is never used on line 135 of file systemvars.asm
WARNING: Var MODE is never used on line 828 of file systemvars.asm
WARNING: Var MODEL_MSX2 is never used on line 85 of file hardware.asm
WARNING: Var MODEL_MSX2P is never used on line 86 of file hardware.asm
WARNING: Var MOVCNT is never used on line 766 of file systemvars.asm
WARNING: Var MUSICF is never used on line 874 of file systemvars.asm
WARNING: Var NLONLY is never used on line 638 of file systemvars.asm
WARNING: Var NOFUNS is never used on line 564 of file systemvars.asm
WARNING: Var NOTELX is never used on line 899 of file systemvars.asm
WARNING: Var NTICSX is never used on line 894 of file systemvars.asm
WARNING: Var NTMSXP is never used on line 301 of file systemvars.asm
WARNING: Var NULBUF is never used on line 618 of file systemvars.asm
WARNING: Var NX is never used on line 347 of file systemvars.asm
WARNING: Var NY is never used on line 348 of file systemvars.asm
WARNING: Var OCTAVX is never used on line 898 of file systemvars.asm
WARNING: Var OLDLIN is never used on line 506 of file systemvars.asm
WARNING: Var OLDTXT is never used on line 509 of file systemvars.asm
WARNING: Var ONEFLG is never used on line 500 of file systemvars.asm
WARNING: Var ONELIN is never used on line 495 of file systemvars.asm
WARNING: Var ONGSBF is never used on line 943 of file systemvars.asm
WARNING: Var PADX is never used on line 1018 of file systemvars.asm
WARNING: Var PADY is never used on line 1015 of file systemvars.asm
WARNING: Var PARM1 is never used on line 542 of file systemvars.asm
WARNING: Var PARM2 is never used on line 551 of file systemvars.asm
WARNING: Var PDIREC is never used on line 769 of file systemvars.asm
WARNING: Var PLYCNT is never used on line 877 of file systemvars.asm
WARNING: Var PRMDRV is never used on line 545 of file systemvars.asm
WARNING: Var PRMFLG is never used on line 555 of file systemvars.asm
WARNING: Var PRMLEN is never used on line 538 of file systemvars.asm
WARNING: Var PRMLN2 is never used on line 548 of file systemvars.asm
WARNING: Var PRMSTK is never used on line 535 of file systemvars.asm
WARNING: Var PROCNM is never used on line 1136 of file systemvars.asm
WARNING: Var PRSCNT is never used on line 850 of file systemvars.asm
WARNING: Var PRTFLG is never used on line 295 of file systemvars.asm
WARNING: Var PTRFLG is never used on line 462 of file systemvars.asm
WARNING: Var QLENGX is never used on line 893 of file systemvars.asm
WARNING: Var QUEBAK is never used on line 803 of file systemvars.asm
WARNING: Var QUEUEN is never used on line 868 of file systemvars.asm
WARNING: Var RAWPRT is never used on line 308 of file systemvars.asm
WARNING: Var RG25SAV is never used on line 1163 of file systemvars.asm
WARNING: Var RG2SAV is never used on line 170 of file systemvars.asm
WARNING: Var RG3SAV is never used on line 171 of file systemvars.asm
WARNING: Var RG4SAV is never used on line 172 of file systemvars.asm
WARNING: Var RG5SAV is never used on line 173 of file systemvars.asm
WARNING: Var RG6SAV is never used on line 174 of file systemvars.asm
WARNING: Var RG7SAV is never used on line 175 of file systemvars.asm
WARNING: Var RG8SAV is never used on line 1149 of file systemvars.asm
WARNING: Var RNDX is never used on line 604 of file systemvars.asm
WARNING: Var ROMA is never used on line 825 of file systemvars.asm
WARNING: Var RS2IQ is never used on line 809 of file systemvars.asm
WARNING: Var RTC_ADDR is never used on line 55 of file hardware.asm
WARNING: Var RTC_DATA is never used on line 56 of file hardware.asm
WARNING: Var RTPROG is never used on line 775 of file systemvars.asm
WARNING: Var RTYCNT is never used on line 1008 of file systemvars.asm
WARNING: Var RUNBNF is never used on line 1100 of file systemvars.asm
WARNING: Var RUNFLG is never used on line 625 of file systemvars.asm
WARNING: Var SAVEND is never used on line 644 of file systemvars.asm
WARNING: Var SAVENT is never used on line 1101 of file systemvars.asm
WARNING: Var SAVSP is never used on line 853 of file systemvars.asm
WARNING: Var SAVSTK is never used on line 480 of file systemvars.asm
WARNING: Var SAVTXT is never used on line 476 of file systemvars.asm
WARNING: Var SAVVOL is never used on line 859 of file systemvars.asm
WARNING: Var SKPCNT is never used on line 763 of file systemvars.asm
WARNING: Var SLTWRK is never used on line 1130 of file systemvars.asm
WARNING: Var SP_REGS is never used on line 42 of file main.asm
WARNING: Var STREND is never used on line 521 of file systemvars.asm
WARNING: Var SUBFLG is never used on line 452 of file systemvars.asm
WARNING: Var SWPTMP is never used on line 575 of file systemvars.asm
WARNING: Var SX is never used on line 343 of file systemvars.asm
WARNING: Var SY is never used on line 344 of file systemvars.asm
WARNING: Var SYSFLAGS is never used on line 58 of file hardware.asm
WARNING: Var TEMP3 is never used on line 438 of file systemvars.asm
WARNING: Var TEMP8 is never used on line 441 of file systemvars.asm
WARNING: Var TEMP9 is never used on line 568 of file systemvars.asm
WARNING: Var TEMPOX is never used on line 900 of file systemvars.asm
WARNING: Var TEMPPT is never used on line 421 of file systemvars.asm
WARNING: Var TEMPST is never used on line 426 of file systemvars.asm
WARNING: Var TONPRX is never used on line 895 of file systemvars.asm
WARNING: Var TRCFLG is never used on line 578 of file systemvars.asm
WARNING: Var TRPTBL is never used on line 1005 of file systemvars.asm
WARNING: Var TXTCOL is never used on line 77 of file systemvars.asm
WARNING: Var TXTTAB is never used on line 417 of file systemvars.asm
WARNING: Var USRTAB is never used on line 51 of file systemvars.asm
WARNING: Var VALTYP is never used on line 369 of file systemvars.asm
WARNING: Var VARTAB is never used on line 513 of file systemvars.asm
WARNING: Var VCBB is never used on line 882 of file systemvars.asm
WARNING: Var VCBC is never used on line 884 of file systemvars.asm
WARNING: Var VCXLEN is never used on line 890 of file systemvars.asm
WARNING: Var VCXPTR is never used on line 891 of file systemvars.asm
WARNING: Var VCXSTP is never used on line 892 of file systemvars.asm
WARNING: Var VDP_PALT is never used on line 43 of file hardware.asm
WARNING: Var VDP_REGS is never used on line 44 of file hardware.asm
WARNING: Var VLZADR is never used on line 316 of file systemvars.asm
WARNING: Var VLZDAT is never used on line 320 of file systemvars.asm
WARNING: Var VOLUMX is never used on line 901 of file systemvars.asm
WARNING: Var WINWID is never used on line 1035 of file systemvars.asm
WARNING: Var XSAVE is never used on line 832 of file systemvars.asm
WARNING: Var YSAVE is never used on line 835 of file systemvars.asm
WARNING: Var bigfil is never used on line 1364 of file video.asm
WARNING: Var chknew is never used on line 1350 of file video.asm
WARNING: Var chkram_pslot_end is never used on line 736 of file main.asm
WARNING: Var clrspr_attr_spritemode2 is never used on line 521 of file video.asm
WARNING: Var fetchc_text is never used on line 2286 of file video.asm
WARNING: Var grpprt_text is never used on line 1343 of file video.asm
WARNING: Var idbyt1 is never used on line 105 of file main.asm
WARNING: Var idbyt2 is never used on line 116 of file main.asm
WARNING: Var joy_end is never used on line 2329 of file main.asm
WARNING: Var mapxy_text is never used on line 2275 of file video.asm
WARNING: Var nrdvrm is never used on line 1460 of file video.asm
WARNING: Var nwrvrm is never used on line 1473 of file video.asm
WARNING: Var print_debug_hexword is never used on line 87 of file debug.asm
WARNING: Var romid is never used on line 127 of file main.asm
WARNING: Var scalxy_text is never used on line 2232 of file video.asm
WARNING: Var scode_tbl_code is never used on line 59 of file scancodes_us.asm
WARNING: Var scode_tbl_graph is never used on line 43 of file scancodes_us.asm
WARNING: Var scode_tbl_shift_code is never used on line 67 of file scancodes_us.asm
WARNING: Var scode_tbl_shift_graph is never used on line 51 of file scancodes_us.asm
WARNING: Var search_roms_no is never used on line 915 of file main.asm
WARNING: Var stack_error is never used on line 2984 of file main.asm
WARNING: Var str_proginfo_length is never used on line 3140 of file main.asm
WARNING: Var subrom is never used on line 2927 of file main.asm
WARNING: Var vdp_dr is never used on line 63 of file main.asm
WARNING: Var vdp_dw is never used on line 65 of file main.asm
WARNING: Var vdpsta is never used on line 1490 of file video.asm
WARNING: Var wrtvdp_nosav is never used on line 99 of file video.asm
WARNING: Var wrtvdp_sav is never used on line 94 of file video.asm
Depending: src/basic.asm
Depending: src/disk.asm
Depending: src/music.asm
Depending: src/logo_msx2+.asm
Depending: src/logo_msx2.asm
Depending: src/logo_msx1.asm
Depending: src/sub.asm
Depending: src/main_msx2+_br.asm
Depending: src/main_msx2+_jp.asm
Depending: src/main_msx2+_eu.asm
Depending: src/main_msx2+.asm
Depending: src/main_msx2_br.asm
Depending: src/main_msx2_jp.asm
Depending: src/main_msx2_eu.asm
Depending: src/main_msx2.asm
Depending: src/main_msx1_br.asm
Depending: src/main_msx1_jp.asm
Depending: src/main_msx1_eu.asm
Depending: src/main_msx1.asm
Depending: src/basic_tables.asm
Depending: src/debug.asm
Depending: src/hardware.asm
Depending: src/systemvars.asm
Depending: src/hooks.asm
Depending: src/logo.asm
Depending: src/video.asm
Depending: src/slot.asm
Depending: src/util.asm
Depending: src/main.asm
Depending: src/statements.asm
Depending: src/scancodes_jp.asm
Depending: src/scancodes_de.asm
Depending: src/scancodes_fr.asm
Depending: src/scancodes_uk.asm
Depending: src/scancodes_us.asm
Depending: src/locale.asm
Creating: derived/asm/version.asm
Depending: derived/asm/version.asm
Depending: src/font.asm
Depending: src/inlin.asm
Depending: src/chput.asm
Depending: src/font_us.asm
Depending: src/font_br.asm
Depending: src/font_jp.asm
Assembling: src/main_msx1_eu.asm
WARNING: Var AMPLTX is never used on line 896 of file systemvars.asm
WARNING: Var ARG is never used on line 601 of file systemvars.asm
WARNING: Var ARG_ is never used on line 350 of file systemvars.asm
WARNING: Var ARYTA2 is never used on line 560 of file systemvars.asm
WARNING: Var ARYTAB is never used on line 517 of file systemvars.asm
WARNING: Var ASPCT1 is never used on line 272 of file systemvars.asm
WARNING: Var ASPCT2 is never used on line 278 of file systemvars.asm
WARNING: Var ASPECT is never used on line 696 of file systemvars.asm
WARNING: Var AUTINC is never used on line 472 of file systemvars.asm
WARNING: Var AUTLIN is never used on line 469 of file systemvars.asm
WARNING: Var AVCSAV is never used on line 816 of file systemvars.asm
WARNING: Var BASROM is never used on line 920 of file systemvars.asm
WARNING: Var BRDATR is never used on line 1093 of file systemvars.asm
WARNING: Var BUF is never used on line 340 of file systemvars.asm
WARNING: Var BUFMIN is never used on line 336 of file systemvars.asm
WARNING: Var CAPST is never used on line 1069 of file systemvars.asm
WARNING: Var CASPRV is never used on line 1092 of file systemvars.asm
WARNING: Var CDUMMY is never used on line 349 of file systemvars.asm
WARNING: Var CENCNT is never used on line 700 of file systemvars.asm
WARNING: Var CHRCNT is never used on line 822 of file systemvars.asm
WARNING: Var CLIKSW is never used on line 151 of file systemvars.asm
WARNING: Var CLINEF is never used on line 706 of file systemvars.asm
WARNING: Var CLMLST is never used on line 70 of file systemvars.asm
WARNING: Var CNPNTS is never used on line 709 of file systemvars.asm
WARNING: Var CNSDFG is never used on line 164 of file systemvars.asm
WARNING: Var CONLO is never used on line 406 of file systemvars.asm
WARNING: Var CONSAV is never used on line 397 of file systemvars.asm
WARNING: Var CONTXT is never used on line 382 of file systemvars.asm
WARNING: Var CONTYP is never used on line 402 of file systemvars.asm
WARNING: Var CPCNT is never used on line 717 of file systemvars.asm
WARNING: Var CPCNT8 is never used on line 721 of file systemvars.asm
WARNING: Var CPLOTF is never used on line 714 of file systemvars.asm
WARNING: Var CRCSUM is never used on line 724 of file systemvars.asm
WARNING: Var CS120 is never used on line 243 of file systemvars.asm
WARNING: Var CS240 is never used on line 251 of file systemvars.asm
WARNING: Var CSAVEA is never used on line 735 of file systemvars.asm
WARNING: Var CSAVEM is never used on line 738 of file systemvars.asm
WARNING: Var CSCLXY is never used on line 732 of file systemvars.asm
WARNING: Var CSTCNT is never used on line 728 of file systemvars.asm
WARNING: Var CURLIN is never used on line 324 of file systemvars.asm
WARNING: Var CXOFF is never used on line 741 of file systemvars.asm
WARNING: Var CYOFF is never used on line 744 of file systemvars.asm
WARNING: Var DAC is never used on line 595 of file systemvars.asm
WARNING: Var DATLIN is never used on line 447 of file systemvars.asm
WARNING: Var DATPTR is never used on line 524 of file systemvars.asm
WARNING: Var DECCNT is never used on line 584 of file systemvars.asm
WARNING: Var DECTM2 is never used on line 583 of file systemvars.asm
WARNING: Var DECTMP is never used on line 582 of file systemvars.asm
WARNING: Var DEFTBL is never used on line 529 of file systemvars.asm
WARNING: Var DIMFLG is never used on line 361 of file systemvars.asm
WARNING: Var DISPADDR is never used on line 40 of file main.asm
WARNING: Var DONUM is never used on line 378 of file systemvars.asm
WARNING: Var DORES is never used on line 374 of file systemvars.asm
WARNING: Var DOT is never used on line 486 of file systemvars.asm
WARNING: Var DPPAGE is never used on line 812 of file systemvars.asm
WARNING: Var DRVINF is never used on line 840 of file systemvars.asm
WARNING: Var DRWANG is never used on line 1099 of file systemvars.asm
WARNING: Var DRWFLG is never used on line 1098 of file systemvars.asm
WARNING: Var DSCTMP is never used on line 430 of file systemvars.asm
WARNING: Var DX is never used on line 345 of file systemvars.asm
WARNING: Var DY is never used on line 346 of file systemvars.asm
WARNING: Var ENDBUF is never used on line 354 of file systemvars.asm
WARNING: Var ENDFOR is never used on line 444 of file systemvars.asm
WARNING: Var ENDPRG is never used on line 283 of file systemvars.asm
WARNING: Var ENSTOP is never used on line 916 of file systemvars.asm
WARNING: Var ENVLPX is never used on line 902 of file systemvars.asm
WARNING: Var ENVPRX is never used on line 897 of file systemvars.asm
WARNING: Var ERRFLG is never used on line 287 of file systemvars.asm
WARNING: Var ERRLIN is never used on line 483 of file systemvars.asm
WARNING: Var ERRTXT is never used on line 491 of file systemvars.asm
WARNING: Var FBUFFR is never used on line 581 of file systemvars.asm
WARNING: Var FILNAM is never used on line 631 of file systemvars.asm
WARNING: Var FILNM2 is never used on line 634 of file systemvars.asm
WARNING: Var FILTAB is never used on line 615 of file systemvars.asm
WARNING: Var FLBMEM is never used on line 1089 of file systemvars.asm
WARNING: Var FLKINP is never used on line 455 of file systemvars.asm
WARNING: Var FNKFLG is never used on line 940 of file systemvars.asm
WARNING: Var FNKSWI is never used on line 936 of file systemvars.asm
WARNING: Var FRCNEW is never used on line 215 of file systemvars.asm
WARNING: Var FRETOP is never used on line 435 of file systemvars.asm
WARNING: Var FUNACT is never used on line 571 of file systemvars.asm
WARNING: Var GXPOS is never used on line 1094 of file systemvars.asm
WARNING: Var GYPOS is never used on line 1095 of file systemvars.asm
WARNING: Var G_LOF is never used on line 194 of file hooks.asm
WARNING: Var HEADER is never used on line 265 of file systemvars.asm
WARNING: Var HIGH_ is never used on line 261 of file systemvars.asm
WARNING: Var HOLD is never used on line 600 of file systemvars.asm
WARNING: Var HOLD2 is never used on line 599 of file systemvars.asm
WARNING: Var HOLD8 is never used on line 598 of file systemvars.asm
WARNING: Var H_ATTR is never used on line 115 of file hooks.asm
WARNING: Var H_BAKU is never used on line 203 of file hooks.asm
WARNING: Var H_BEXT is never used on line 375 of file hooks.asm
WARNING: Var H_BINL is never used on line 170 of file hooks.asm
WARNING: Var H_BINS is never used on line 167 of file hooks.asm
WARNING: Var H_BUFL is never used on line 339 of file hooks.asm
WARNING: Var H_CLEA is never used on line 225 of file hooks.asm
WARNING: Var H_CMD is never used on line 106 of file hooks.asm
WARNING: Var H_COMP is never used on line 306 of file hooks.asm
WARNING: Var H_COPY is never used on line 103 of file hooks.asm
WARNING: Var H_CRDO is never used on line 240 of file hooks.asm
WARNING: Var H_CRUN is never used on line 270 of file hooks.asm
WARNING: Var H_CRUS is never used on line 273 of file hooks.asm
WARNING: Var H_CVD is never used on line 142 of file hooks.asm
WARNING: Var H_CVI is never used on line 136 of file hooks.asm
WARNING: Var H_CVS is never used on line 139 of file hooks.asm
WARNING: Var H_DEVN is never used on line 215 of file hooks.asm
WARNING: Var H_DGET is never used on line 176 of file hooks.asm
WARNING: Var H_DIRD is never used on line 261 of file hooks.asm
WARNING: Var H_DSKC is never used on line 243 of file hooks.asm
WARNING: Var H_DSKF is never used on line 109 of file hooks.asm
WARNING: Var H_DSKI is never used on line 112 of file hooks.asm
WARNING: Var H_DSKO is never used on line 88 of file hooks.asm
WARNING: Var H_DSPC is never used on line 42 of file hooks.asm
WARNING: Var H_DSPF is never used on line 48 of file hooks.asm
WARNING: Var H_EOF is never used on line 197 of file hooks.asm
WARNING: Var H_ERAC is never used on line 45 of file hooks.asm
WARNING: Var H_ERAF is never used on line 51 of file hooks.asm
WARNING: Var H_ERRF is never used on line 252 of file hooks.asm
WARNING: Var H_ERRO is never used on line 360 of file hooks.asm
WARNING: Var H_ERRP is never used on line 249 of file hooks.asm
WARNING: Var H_EVAL is never used on line 321 of file hooks.asm
WARNING: Var H_FIEL is never used on line 124 of file hooks.asm
WARNING: Var H_FILE is never used on line 173 of file hooks.asm
WARNING: Var H_FILO is never used on line 179 of file hooks.asm
WARNING: Var H_FINE is never used on line 267 of file hooks.asm
WARNING: Var H_FING is never used on line 327 of file hooks.asm
WARNING: Var H_FINI is never used on line 264 of file hooks.asm
WARNING: Var H_FINP is never used on line 309 of file hooks.asm
WARNING: Var H_FPOS is never used on line 200 of file hooks.asm
WARNING: Var H_FRET is never used on line 348 of file hooks.asm
WARNING: Var H_FRME is never used on line 315 of file hooks.asm
WARNING: Var H_FRQI is never used on line 342 of file hooks.asm
WARNING: Var H_GEND is never used on line 218 of file hooks.asm
WARNING: Var H_GETP is never used on line 145 of file hooks.asm
WARNING: Var H_GONE is never used on line 294 of file hooks.asm
WARNING: Var H_INDS is never used on line 182 of file hooks.asm
WARNING: Var H_INIP is never used on line 61 of file hooks.asm
WARNING: Var H_INLI is never used on line 82 of file hooks.asm
WARNING: Var H_IPL is never used on line 100 of file hooks.asm
WARNING: Var H_ISFL is never used on line 234 of file hooks.asm
WARNING: Var H_ISMI is never used on line 330 of file hooks.asm
WARNING: Var H_ISRE is never used on line 277 of file hooks.asm
WARNING: Var H_KEYC is never used on line 66 of file hooks.asm
WARNING: Var H_KILL is never used on line 97 of file hooks.asm
WARNING: Var H_KYEA is never used on line 70 of file hooks.asm
WARNING: Var H_LIST is never used on line 336 of file hooks.asm
WARNING: Var H_LOC is never used on line 191 of file hooks.asm
WARNING: Var H_LOPD is never used on line 228 of file hooks.asm
WARNING: Var H_LSET is never used on line 118 of file hooks.asm
WARNING: Var H_MAIN is never used on line 258 of file hooks.asm
WARNING: Var H_MERG is never used on line 161 of file hooks.asm
WARNING: Var H_MKDS is never used on line 133 of file hooks.asm
WARNING: Var H_MKIS is never used on line 127 of file hooks.asm
WARNING: Var H_MKSS is never used on line 130 of file hooks.asm
WARNING: Var H_NAME is never used on line 94 of file hooks.asm
WARNING: Var H_NEWS is never used on line 291 of file hooks.asm
WARNING: Var H_NODE is never used on line 209 of file hooks.asm
WARNING: Var H_NOFO is never used on line 152 of file hooks.asm
WARNING: Var H_NOTR is never used on line 285 of file hooks.asm
WARNING: Var H_NTFL is never used on line 158 of file hooks.asm
WARNING: Var H_NTFN is never used on line 281 of file hooks.asm
WARNING: Var H_NTPL is never used on line 318 of file hooks.asm
WARNING: Var H_NULO is never used on line 155 of file hooks.asm
WARNING: Var H_OKNO is never used on line 324 of file hooks.asm
WARNING: Var H_ONGO is never used on line 85 of file hooks.asm
WARNING: Var H_PARD is never used on line 206 of file hooks.asm
WARNING: Var H_PLAY is never used on line 372 of file hooks.asm
WARNING: Var H_POSD is never used on line 212 of file hooks.asm
WARNING: Var H_PRGE is never used on line 246 of file hooks.asm
WARNING: Var H_PRTF is never used on line 303 of file hooks.asm
WARNING: Var H_PTRG is never used on line 351 of file hooks.asm
WARNING: Var H_READ is never used on line 255 of file hooks.asm
WARNING: Var H_RETU is never used on line 300 of file hooks.asm
WARNING: Var H_RSET is never used on line 121 of file hooks.asm
WARNING: Var H_RSLF is never used on line 185 of file hooks.asm
WARNING: Var H_SAVD is never used on line 188 of file hooks.asm
WARNING: Var H_SAVE is never used on line 164 of file hooks.asm
WARNING: Var H_SCNE is never used on line 345 of file hooks.asm
WARNING: Var H_SCRE is never used on line 369 of file hooks.asm
WARNING: Var H_SETF is never used on line 148 of file hooks.asm
WARNING: Var H_SETS is never used on line 91 of file hooks.asm
WARNING: Var H_SNGF is never used on line 288 of file hooks.asm
WARNING: Var H_TRMN is never used on line 312 of file hooks.asm
WARNING: Var H_WIDT is never used on line 333 of file hooks.asm
WARNING: Var INTCNT is never used on line 1030 of file systemvars.asm
WARNING: Var INTFLG is never used on line 1012 of file systemvars.asm
WARNING: Var INTVAL is never used on line 1025 of file systemvars.asm
WARNING: Var KANAMD is never used on line 1083 of file systemvars.asm
WARNING: Var KANAST is never used on line 1079 of file systemvars.asm
WARNING: Var KBFMIN is never used on line 328 of file systemvars.asm
WARNING: Var KBUF is never used on line 332 of file systemvars.asm
WARNING: Var LASTSTAC is never used on line 41 of file main.asm
WARNING: Var LFPROG is never used on line 772 of file systemvars.asm
WARNING: Var LIMPNT is never used on line 959 of file systemvars.asm
WARNING: Var LOCAL_BASIC_JP is never used on line 115 of file hardware.asm
WARNING: Var LOCAL_CHSET_KO is never used on line 95 of file hardware.asm
WARNING: Var LOCAL_DATE_MDY is never used on line 102 of file hardware.asm
WARNING: Var LOCAL_DATE_YMD is never used on line 101 of file hardware.asm
WARNING: Var LOGOPR is never used on line 836 of file systemvars.asm
WARNING: Var LOHADR is never used on line 757 of file systemvars.asm
WARNING: Var LOHCNT is never used on line 760 of file systemvars.asm
WARNING: Var LOHDIR is never used on line 754 of file systemvars.asm
WARNING: Var LOHMSK is never used on line 751 of file systemvars.asm
WARNING: Var LOWLIM is never used on line 1034 of file systemvars.asm
WARNING: Var LOW_ is never used on line 256 of file systemvars.asm
WARNING: Var L_OP is never used on line 351 of file systemvars.asm
WARNING: Var MAXDEL is never used on line 685 of file systemvars.asm
WARNING: Var MAXFIL is never used on line 612 of file systemvars.asm
WARNING: Var MAXUPD is never used on line 199 of file systemvars.asm
WARNING: Var MCLFLG is never used on line 785 of file systemvars.asm
WARNING: Var MCLLEN is never used on line 862 of file systemvars.asm
WARNING: Var MCLPTR is never used on line 865 of file systemvars.asm
WARNING: Var MCLSEX is never used on line 904 of file systemvars.asm
WARNING: Var MCLSTX is never used on line 903 of file systemvars.asm
WARNING: Var MCLTAB is never used on line 781 of file systemvars.asm
WARNING: Var MEMSIZ is never used on line 410 of file systemvars.asm
WARNING: Var METREX is never used on line 889 of file systemvars.asm
WARNING: Var MINDEL is never used on line 684 of file systemvars.asm
WARNING: Var MINUPD is never used on line 203 of file systemvars.asm
WARNING: Var MLTCOL is never used on line 135 of file systemvars.asm
WARNING: Var MODE is never used on line 828 of file systemvars.asm
WARNING: Var MODEL_MSX2 is never used on line 85 of file hardware.asm
WARNING: Var MODEL_MSX2P is never used on line 86 of file hardware.asm
WARNING: Var MOVCNT is never used on line 766 of file systemvars.asm
WARNING: Var MUSICF is never used on line 874 of file systemvars.asm
WARNING: Var NLONLY is never used on line 638 of file systemvars.asm
WARNING: Var NOFUNS is never used on line 564 of file systemvars.asm
WARNING: Var NOTELX is never used on line 899 of file systemvars.asm
WARNING: Var NTICSX is never used on line 894 of file systemvars.asm
WARNING: Var NTMSXP is never used on line 301 of file systemvars.asm
WARNING: Var NULBUF is never used on line 618 of file systemvars.asm
WARNING: Var NX is never used on line 347 of file systemvars.asm
WARNING: Var NY is never used on line 348 of file systemvars.asm
WARNING: Var OCTAVX is never used on line 898 of file systemvars.asm
WARNING: Var OLDLIN is never used on line 506 of file systemvars.asm
WARNING: Var OLDTXT is never used on line 509 of file systemvars.asm
WARNING: Var ONEFLG is never used on line 500 of file systemvars.asm
WARNING: Var ONELIN is never used on line 495 of file systemvars.asm
WARNING: Var ONGSBF is never used on line 943 of file systemvars.asm
WARNING: Var PADX is never used on line 1018 of file systemvars.asm
WARNING: Var PADY is never used on line 1015 of file systemvars.asm
WARNING: Var PARM1 is never used on line 542 of file systemvars.asm
WARNING: Var PARM2 is never used on line 551 of file systemvars.asm
WARNING: Var PDIREC is never used on line 769 of file systemvars.asm
WARNING: Var PLYCNT is never used on line 877 of file systemvars.asm
WARNING: Var PRMDRV is never used on line 545 of file systemvars.asm
WARNING: Var PRMFLG is never used on line 555 of file systemvars.asm
WARNING: Var PRMLEN is never used on line 538 of file systemvars.asm
WARNING: Var PRMLN2 is never used on line 548 of file systemvars.asm
WARNING: Var PRMSTK is never used on line 535 of file systemvars.asm
WARNING: Var PROCNM is never used on line 1136 of file systemvars.asm
WARNING: Var PRSCNT is never used on line 850 of file systemvars.asm
WARNING: Var PRTFLG is never used on line 295 of file systemvars.asm
WARNING: Var PTRFLG is never used on line 462 of file systemvars.asm
WARNING: Var QLENGX is never used on line 893 of file systemvars.asm
WARNING: Var QUEBAK is never used on line 803 of file systemvars.asm
WARNING: Var QUEUEN is never used on line 868 of file systemvars.asm
WARNING: Var RAWPRT is never used on line 308 of file systemvars.asm
WARNING: Var RG25SAV is never used on line 1163 of file systemvars.asm
WARNING: Var RG2SAV is never used on line 170 of file systemvars.asm
WARNING: Var RG3SAV is never used on line 171 of file systemvars.asm
WARNING: Var RG4SAV is never used on line 172 of file systemvars.asm
WARNING: Var RG5SAV is never used on line 173 of file systemvars.asm
WARNING: Var RG6SAV is never used on line 174 of file systemvars.asm
WARNING: Var RG7SAV is never used on line 175 of file systemvars.asm
WARNING: Var RG8SAV is never used on line 1149 of file systemvars.asm
WARNING: Var RNDX is never used on line 604 of file systemvars.asm
WARNING: Var ROMA is never used on line 825 of file systemvars.asm
WARNING: Var RS2IQ is never used on line 809 of file systemvars.asm
WARNING: Var RTC_ADDR is never used on line 55 of file hardware.asm
WARNING: Var RTC_DATA is never used on line 56 of file hardware.asm
WARNING: Var RTPROG is never used on line 775 of file systemvars.asm
WARNING: Var RTYCNT is never used on line 1008 of file systemvars.asm
WARNING: Var RUNBNF is never used on line 1100 of file systemvars.asm
WARNING: Var RUNFLG is never used on line 625 of file systemvars.asm
WARNING: Var SAVEND is never used on line 644 of file systemvars.asm
WARNING: Var SAVENT is never used on line 1101 of file systemvars.asm
WARNING: Var SAVSP is never used on line 853 of file systemvars.asm
WARNING: Var SAVSTK is never used on line 480 of file systemvars.asm
WARNING: Var SAVTXT is never used on line 476 of file systemvars.asm
WARNING: Var SAVVOL is never used on line 859 of file systemvars.asm
WARNING: Var SKPCNT is never used on line 763 of file systemvars.asm
WARNING: Var SLTWRK is never used on line 1130 of file systemvars.asm
WARNING: Var SP_REGS is never used on line 42 of file main.asm
WARNING: Var STREND is never used on line 521 of file systemvars.asm
WARNING: Var SUBFLG is never used on line 452 of file systemvars.asm
WARNING: Var SWPTMP is never used on line 575 of file systemvars.asm
WARNING: Var SX is never used on line 343 of file systemvars.asm
WARNING: Var SY is never used on line 344 of file systemvars.asm
WARNING: Var SYSFLAGS is never used on line 58 of file hardware.asm
WARNING: Var TEMP3 is never used on line 438 of file systemvars.asm
WARNING: Var TEMP8 is never used on line 441 of file systemvars.asm
WARNING: Var TEMP9 is never used on line 568 of file systemvars.asm
WARNING: Var TEMPOX is never used on line 900 of file systemvars.asm
WARNING: Var TEMPPT is never used on line 421 of file systemvars.asm
WARNING: Var TEMPST is never used on line 426 of file systemvars.asm
WARNING: Var TONPRX is never used on line 895 of file systemvars.asm
WARNING: Var TRCFLG is never used on line 578 of file systemvars.asm
WARNING: Var TRPTBL is never used on line 1005 of file systemvars.asm
WARNING: Var TXTCOL is never used on line 77 of file systemvars.asm
WARNING: Var TXTTAB is never used on line 417 of file systemvars.asm
WARNING: Var USRTAB is never used on line 51 of file systemvars.asm
WARNING: Var VALTYP is never used on line 369 of file systemvars.asm
WARNING: Var VARTAB is never used on line 513 of file systemvars.asm
WARNING: Var VCBB is never used on line 882 of file systemvars.asm
WARNING: Var VCBC is never used on line 884 of file systemvars.asm
WARNING: Var VCXLEN is never used on line 890 of file systemvars.asm
WARNING: Var VCXPTR is never used on line 891 of file systemvars.asm
WARNING: Var VCXSTP is never used on line 892 of file systemvars.asm
WARNING: Var VDP_PALT is never used on line 43 of file hardware.asm
WARNING: Var VDP_REGS is never used on line 44 of file hardware.asm
WARNING: Var VLZADR is never used on line 316 of file systemvars.asm
WARNING: Var VLZDAT is never used on line 320 of file systemvars.asm
WARNING: Var VOLUMX is never used on line 901 of file systemvars.asm
WARNING: Var WINWID is never used on line 1035 of file systemvars.asm
WARNING: Var XSAVE is never used on line 832 of file systemvars.asm
WARNING: Var YSAVE is never used on line 835 of file systemvars.asm
WARNING: Var bigfil is never used on line 1364 of file video.asm
WARNING: Var chknew is never used on line 1350 of file video.asm
WARNING: Var chkram_pslot_end is never used on line 736 of file main.asm
WARNING: Var clrspr_attr_spritemode2 is never used on line 521 of file video.asm
WARNING: Var fetchc_text is never used on line 2286 of file video.asm
WARNING: Var grpprt_text is never used on line 1343 of file video.asm
WARNING: Var idbyt1 is never used on line 105 of file main.asm
WARNING: Var idbyt2 is never used on line 116 of file main.asm
WARNING: Var joy_end is never used on line 2329 of file main.asm
WARNING: Var mapxy_text is never used on line 2275 of file video.asm
WARNING: Var multiple is never used on line 37 of file statements.asm
WARNING: Var nrdvrm is never used on line 1460 of file video.asm
WARNING: Var nwrvrm is never used on line 1473 of file video.asm
WARNING: Var print_debug_hexword is never used on line 87 of file debug.asm
WARNING: Var rombas is never used on line 54 of file statements.asm
WARNING: Var romid is never used on line 127 of file main.asm
WARNING: Var scalxy_text is never used on line 2232 of file video.asm
WARNING: Var scode_tbl_code is never used on line 59 of file scancodes_us.asm
WARNING: Var scode_tbl_graph is never used on line 43 of file scancodes_us.asm
WARNING: Var scode_tbl_shift_code is never used on line 67 of file scancodes_us.asm
WARNING: Var scode_tbl_shift_graph is never used on line 51 of file scancodes_us.asm
WARNING: Var search_roms_no is never used on line 915 of file main.asm
WARNING: Var stack_error is never used on line 2970 of file main.asm
WARNING: Var str_proginfo_length is never used on line 3126 of file main.asm
WARNING: Var subrom is never used on line 2913 of file main.asm
WARNING: Var vdp_dr is never used on line 63 of file main.asm
WARNING: Var vdp_dw is never used on line 65 of file main.asm
WARNING: Var vdpsta is never used on line 1490 of file video.asm
WARNING: Var wrtvdp_nosav is never used on line 99 of file video.asm
WARNING: Var wrtvdp_sav is never used on line 94 of file video.asm
  git -C /Users/joost/projects/cbios worktree add -q --detach /tmp/zerobas/cbios-repack-1zrpku_n v0.29-3-gb5ad9cb
  git -C /tmp/zerobas/cbios-repack-1zrpku_n apply /Users/joost/projects/zerobas/cbios-repack/eu-drop-statements.patch
  git -C /tmp/zerobas/cbios-repack-1zrpku_n apply /Users/joost/projects/zerobas/cbios-repack/key-trap-hook.patch
  make -s -C /tmp/zerobas/cbios-repack-1zrpku_n derived/bin/cbios_main_msx1_eu.rom
OK: repacked C-BIOS -> /Users/joost/projects/zerobas/build/cbios_main_msx1_eu-repacked.rom  (sha1 557aed9352cf8367eabb9a3cc081c83252579ab9)
  git -C /tmp/zerobas/cbios-repack-1zrpku_n checkout -q -- .
  make -s -C /tmp/zerobas/cbios-repack-1zrpku_n clean
  make -s -C /tmp/zerobas/cbios-repack-1zrpku_n derived/bin/cbios_main_msx1_eu.rom
OK: pristine C-BIOS -> /Users/joost/projects/zerobas/build/cbios_main_msx1_eu-pristine.rom  (sha1 baf2e9c69252fd9b350b488d89c71887b9d05eec)
  git -C /Users/joost/projects/cbios worktree remove --force /tmp/zerobas/cbios-repack-1zrpku_n
WARNING: Switching to 3 pass mode on line 827 of file basic/sysvars.inc
WARNING: Var APOS_MARK is never used on line 562 of file basic/sysvars.inc
WARNING: Var BINARY_ID is never used on line 161 of file basic/sysvars.inc
WARNING: Var BPB_BYTSPERSEC is never used on line 2654 of file basic/sysvars.inc
WARNING: Var BPB_FATSZ16 is never used on line 2659 of file basic/sysvars.inc
WARNING: Var BPB_NUMFATS is never used on line 2657 of file basic/sysvars.inc
WARNING: Var BPB_ROOTENTCNT is never used on line 2658 of file basic/sysvars.inc
WARNING: Var BPB_RSVDSECCNT is never used on line 2656 of file basic/sysvars.inc
WARNING: Var BPB_SECPERCLUS is never used on line 2655 of file basic/sysvars.inc
WARNING: Var BSAVE_DISK_ID is never used on line 2626 of file basic/sysvars.inc
WARNING: Var CAS_HDRNAME is never used on line 3283 of file basic/sysvars.inc
WARNING: Var CLOC is never used on line 72 of file basic/sysvars.inc
WARNING: Var CMASK is never used on line 73 of file basic/sysvars.inc
WARNING: Var CS120_LOW is never used on line 138 of file basic/sysvars.inc
WARNING: Var CS240_LOW is never used on line 139 of file basic/sysvars.inc
WARNING: Var DATALINE is never used on line 3515 of file basic/sysvars.inc
WARNING: Var DATAPTR is never used on line 3514 of file basic/sysvars.inc
WARNING: Var DB_CUR is never used on line 3709 of file basic/sysvars.inc
WARNING: Var DIRENT_FILESIZE is never used on line 2663 of file basic/sysvars.inc
WARNING: Var DIRENT_FIRSTCLUS is never used on line 2662 of file basic/sysvars.inc
WARNING: Var DISKOP_SEL_FAT_ALLOC_CLUSTER is never used on line 2778 of file basic/sysvars.inc
WARNING: Var DISKOP_SEL_FAT_DELETE is never used on line 2784 of file basic/sysvars.inc
WARNING: Var DISKOP_SEL_FAT_READ_FAT_SECTOR is never used on line 2776 of file basic/sysvars.inc
WARNING: Var DISKOP_SEL_FAT_WRITE_FAT_ENTRY is never used on line 2779 of file basic/sysvars.inc
WARNING: Var DISKOP_SEL_NAME_CMP is never used on line 2774 of file basic/sysvars.inc
WARNING: Var DISKOP_SEL_READ_SECTOR is never used on line 2770 of file basic/sysvars.inc
WARNING: Var DISKOP_SEL_WRITE_SECTOR is never used on line 2771 of file basic/sysvars.inc
WARNING: Var DSKIO_ENTRY is never used on line 2652 of file basic/sysvars.inc
WARNING: Var DSV_PTR is never used on line 2571 of file basic/sysvars.inc
WARNING: Var ENDPTR is never used on line 747 of file basic/sysvars.inc
WARNING: Var EOC is never used on line 2664 of file basic/sysvars.inc
WARNING: Var FAT_B0 is never used on line 2717 of file basic/sysvars.inc
WARNING: Var FAT_B1 is never used on line 2718 of file basic/sysvars.inc
WARNING: Var FAT_BYTEIDX is never used on line 2715 of file basic/sysvars.inc
WARNING: Var FAT_CLUSSEC is never used on line 2708 of file basic/sysvars.inc
WARNING: Var FAT_DIRREM is never used on line 2721 of file basic/sysvars.inc
WARNING: Var FAT_DIRSEC is never used on line 2720 of file basic/sysvars.inc
WARNING: Var FAT_FATSEC is never used on line 2716 of file basic/sysvars.inc
WARNING: Var FAT_FATSTART is never used on line 2703 of file basic/sysvars.inc
WARNING: Var FAT_FIRSTDATA is never used on line 2706 of file basic/sysvars.inc
WARNING: Var FAT_FIRSTROOT is never used on line 2704 of file basic/sysvars.inc
WARNING: Var FAT_NAMEPTR is never used on line 2719 of file basic/sysvars.inc
WARNING: Var FAT_NUMFATS is never used on line 2711 of file basic/sysvars.inc
WARNING: Var FAT_PARITY is never used on line 2714 of file basic/sysvars.inc
WARNING: Var FAT_ROOTSECS is never used on line 2705 of file basic/sysvars.inc
WARNING: Var FAT_SECPERCLUS is never used on line 2702 of file basic/sysvars.inc
WARNING: Var FAT_SECPERFAT is never used on line 2712 of file basic/sysvars.inc
WARNING: Var FCH_CTXSZ is never used on line 3156 of file basic/sysvars.inc
WARNING: Var FILES_ENTIDX is never used on line 2608 of file basic/sysvars.inc
WARNING: Var FLD_DESC is never used on line 3247 of file basic/sysvars.inc
WARNING: Var FMT_DESC is never used on line 3246 of file basic/sysvars.inc
WARNING: Var FMT_SEC is never used on line 3245 of file basic/sysvars.inc
WARNING: Var FN_DPTR is never used on line 3456 of file basic/sysvars.inc
WARNING: Var FN_PAREA_END is never used on line 3477 of file basic/sysvars.inc
WARNING: Var FN_RTYPE is never used on line 3471 of file basic/sysvars.inc
WARNING: Var FN_SLOTP is never used on line 3470 of file basic/sysvars.inc
WARNING: Var FPNUM_SIZE is never used on line 3629 of file basic/sysvars.inc
WARNING: Var FWBUF is never used on line 2699 of file basic/sysvars.inc
WARNING: Var FWR_DIRSEC is never used on line 2733 of file basic/sysvars.inc
WARNING: Var GFX_ARCF is never used on line 648 of file basic/sysvars.inc
WARNING: Var GFX_ASPMAJ is never used on line 646 of file basic/sysvars.inc
WARNING: Var GFX_ASPS is never used on line 647 of file basic/sysvars.inc
WARNING: Var GFX_BAD is never used on line 95 of file basic/sysvars.inc
WARNING: Var GFX_CNT is never used on line 625 of file basic/sysvars.inc
WARNING: Var GFX_COLOR_OFST is never used on line 63 of file basic/sysvars.inc
WARNING: Var GFX_CPHASE is never used on line 721 of file basic/sysvars.inc
WARNING: Var GFX_CS_AX is never used on line 664 of file basic/sysvars.inc
WARNING: Var GFX_CS_AY is never used on line 667 of file basic/sysvars.inc
WARNING: Var GFX_CS_M2 is never used on line 1789 of file basic/sysvars.inc
WARNING: Var GFX_CX is never used on line 620 of file basic/sysvars.inc
WARNING: Var GFX_CY is never used on line 621 of file basic/sysvars.inc
WARNING: Var GFX_DESC is never used on line 1827 of file basic/sysvars.inc
WARNING: Var GFX_DJ is never used on line 94 of file basic/sysvars.inc
WARNING: Var GFX_DMAJ is never used on line 623 of file basic/sysvars.inc
WARNING: Var GFX_DMIN is never used on line 624 of file basic/sysvars.inc
WARNING: Var GFX_ENEG is never used on line 687 of file basic/sysvars.inc
WARNING: Var GFX_EOCT is never used on line 684 of file basic/sysvars.inc
WARNING: Var GFX_ERR is never used on line 622 of file basic/sysvars.inc
WARNING: Var GFX_EU14 is never used on line 685 of file basic/sysvars.inc
WARNING: Var GFX_EVX is never used on line 651 of file basic/sysvars.inc
WARNING: Var GFX_EVY is never used on line 652 of file basic/sysvars.inc
WARNING: Var GFX_FILLCNT is never used on line 634 of file basic/sysvars.inc
WARNING: Var GFX_FULLW is never used on line 653 of file basic/sysvars.inc
WARNING: Var GFX_M is never used on line 669 of file basic/sysvars.inc
WARNING: Var GFX_PFY is never used on line 1734 of file basic/sysvars.inc
WARNING: Var GFX_PGEN_BASE is never used on line 62 of file basic/sysvars.inc
WARNING: Var GFX_PPITCH is never used on line 1967 of file basic/sysvars.inc
WARNING: Var GFX_PSCX is never used on line 1737 of file basic/sysvars.inc
WARNING: Var GFX_PSCY is never used on line 1738 of file basic/sysvars.inc
WARNING: Var GFX_PSPA is never used on line 1739 of file basic/sysvars.inc
WARNING: Var GFX_PTESTX is never used on line 1732 of file basic/sysvars.inc
WARNING: Var GFX_PTESTY is never used on line 1733 of file basic/sysvars.inc
WARNING: Var GFX_PTOP is never used on line 1730 of file basic/sysvars.inc
WARNING: Var GFX_PX is never used on line 661 of file basic/sysvars.inc
WARNING: Var GFX_PXL is never used on line 1735 of file basic/sysvars.inc
WARNING: Var GFX_PXR is never used on line 1736 of file basic/sysvars.inc
WARNING: Var GFX_PY is never used on line 663 of file basic/sysvars.inc
WARNING: Var GFX_QD is never used on line 660 of file basic/sysvars.inc
WARNING: Var GFX_QX is never used on line 658 of file basic/sysvars.inc
WARNING: Var GFX_QY is never used on line 659 of file basic/sysvars.inc
WARNING: Var GFX_R is never used on line 645 of file basic/sysvars.inc
WARNING: Var GFX_SATR_BASE is never used on line 729 of file basic/sysvars.inc
WARNING: Var GFX_SDX is never used on line 628 of file basic/sysvars.inc
WARNING: Var GFX_SDY is never used on line 629 of file basic/sysvars.inc
WARNING: Var GFX_SMIN is never used on line 627 of file basic/sysvars.inc
WARNING: Var GFX_SNEG is never used on line 686 of file basic/sysvars.inc
WARNING: Var GFX_SOCT is never used on line 680 of file basic/sysvars.inc
WARNING: Var GFX_SPAT_BASE is never used on line 728 of file basic/sysvars.inc
WARNING: Var GFX_STEEP is never used on line 626 of file basic/sysvars.inc
WARNING: Var GFX_SU14 is never used on line 683 of file basic/sysvars.inc
WARNING: Var GFX_SVX is never used on line 649 of file basic/sysvars.inc
WARNING: Var GFX_SVY is never used on line 650 of file basic/sysvars.inc
WARNING: Var GFX_TX1 is never used on line 630 of file basic/sysvars.inc
WARNING: Var GFX_TX2 is never used on line 632 of file basic/sysvars.inc
WARNING: Var GFX_TY1 is never used on line 631 of file basic/sysvars.inc
WARNING: Var GFX_TY2 is never used on line 633 of file basic/sysvars.inc
WARNING: Var GFX_WE_O is never used on line 689 of file basic/sysvars.inc
WARNING: Var GFX_WE_P is never used on line 688 of file basic/sysvars.inc
WARNING: Var GFX_WRAPF is never used on line 690 of file basic/sysvars.inc
WARNING: Var GFX_WS_O is never used on line 672 of file basic/sysvars.inc
WARNING: Var GFX_WS_P is never used on line 671 of file basic/sysvars.inc
WARNING: Var GFX_YSTEP is never used on line 635 of file basic/sysvars.inc
WARNING: Var GP_CLIDX is never used on line 3180 of file basic/sysvars.inc
WARNING: Var GP_CLUS is never used on line 3179 of file basic/sysvars.inc
WARNING: Var GP_FLAGS is never used on line 3184 of file basic/sysvars.inc
WARNING: Var GP_OLDNSEC is never used on line 3183 of file basic/sysvars.inc
WARNING: Var GP_PHYS is never used on line 3182 of file basic/sysvars.inc
WARNING: Var GP_RECLEN is never used on line 3271 of file basic/sysvars.inc
WARNING: Var GP_SEC is never used on line 3177 of file basic/sysvars.inc
WARNING: Var GP_SECINCL is never used on line 3181 of file basic/sysvars.inc
WARNING: Var GP_WITHIN is never used on line 3178 of file basic/sysvars.inc
WARNING: Var HORNER_ACC is never used on line 3957 of file basic/sysvars.inc
WARNING: Var HORNER_CNT is never used on line 3959 of file basic/sysvars.inc
WARNING: Var HORNER_G is never used on line 3940 of file basic/sysvars.inc
WARNING: Var HORNER_PTR is never used on line 3972 of file basic/sysvars.inc
WARNING: Var INITXT is never used on line 15 of file basic/sysvars.inc
WARNING: Var LE_OP_RELINK is never used on line 2848 of file basic/sysvars.inc
WARNING: Var LE_OP_STORE is never used on line 2847 of file basic/sysvars.inc
WARNING: Var LINENO_ACC_STOP is never used on line 869 of file basic/sysvars.inc
WARNING: Var LINL32 is never used on line 113 of file basic/sysvars.inc
WARNING: Var MATH_BREAK is never used on line 3925 of file basic/sysvars.inc
WARNING: Var MATH_R is never used on line 3945 of file basic/sysvars.inc
WARNING: Var MATH_RECIP is never used on line 3921 of file basic/sysvars.inc
WARNING: Var MATH_SIGN is never used on line 3917 of file basic/sysvars.inc
WARNING: Var MCLPTR is never used on line 3011 of file basic/sysvars.inc
WARNING: Var MSGESC_LO is never used on line 4392 of file basic/sysvars.inc
WARNING: Var NEW_TOKEN is never used on line 2240 of file basic/sysvars.inc
WARNING: Var PLAY_DEF_NOTEL is never used on line 3084 of file basic/sysvars.inc
WARNING: Var PLAY_DEF_OCTAVE is never used on line 3083 of file basic/sysvars.inc
WARNING: Var PLAY_DEF_TEMPO is never used on line 3085 of file basic/sysvars.inc
WARNING: Var PLAY_DEF_VOLUME is never used on line 3086 of file basic/sysvars.inc
WARNING: Var PLAY_OP_NOTE is never used on line 3104 of file basic/sysvars.inc
WARNING: Var PLYCNT is never used on line 3014 of file basic/sysvars.inc
WARNING: Var PLY_BUFEND is never used on line 3102 of file basic/sysvars.inc
WARNING: Var PLY_LASTDUR is never used on line 3101 of file basic/sysvars.inc
WARNING: Var PLY_NUMOVF is never used on line 3097 of file basic/sysvars.inc
WARNING: Var PU_COMMAS is never used on line 3238 of file basic/sysvars.inc
WARNING: Var PU_DEC is never used on line 3239 of file basic/sysvars.inc
WARNING: Var PU_DIG is never used on line 3236 of file basic/sysvars.inc
WARNING: Var QD_PUT is never used on line 3020 of file basic/sysvars.inc
WARNING: Var QD_PUTBAK is never used on line 3022 of file basic/sysvars.inc
WARNING: Var QD_SIZE is never used on line 3023 of file basic/sysvars.inc
WARNING: Var QUEUEN is never used on line 3012 of file basic/sysvars.inc
WARNING: Var QUOTE_REM is never used on line 561 of file basic/sysvars.inc
WARNING: Var RND_ACCLE is never used on line 4019 of file basic/sysvars.inc
WARNING: Var RND_AJ is never used on line 4034 of file basic/sysvars.inc
WARNING: Var RND_CARRY is never used on line 4036 of file basic/sysvars.inc
WARNING: Var RND_I is never used on line 4026 of file basic/sysvars.inc
WARNING: Var RND_IJ is never used on line 4031 of file basic/sysvars.inc
WARNING: Var RND_J is never used on line 4029 of file basic/sysvars.inc
WARNING: Var RND_K is never used on line 4040 of file basic/sysvars.inc
WARNING: Var RND_LE is never used on line 4013 of file basic/sysvars.inc
WARNING: Var RND_STATE is never used on line 4004 of file basic/sysvars.inc
WARNING: Var RN_OLD is never used on line 2937 of file basic/sysvars.inc
WARNING: Var SL_DELHI is never used on line 2891 of file basic/sysvars.inc
WARNING: Var SL_DELLO is never used on line 2890 of file basic/sysvars.inc
WARNING: Var SL_SLOT is never used on line 2207 of file basic/sysvars.inc
WARNING: Var SUBROM_IDX_INTTEST is never used on line 4062 of file basic/sysvars.inc
WARNING: Var SUB_INT_DELTA is never used on line 3730 of file basic/sysvars.inc
WARNING: Var TKDCOUNT is never used on line 3556 of file basic/sysvars.inc
WARNING: Var TKEXP is never used on line 3559 of file basic/sysvars.inc
WARNING: Var TKEXPD is never used on line 3560 of file basic/sysvars.inc
WARNING: Var TKEXPSIGN is never used on line 3561 of file basic/sysvars.inc
WARNING: Var TKFLAGS is never used on line 3558 of file basic/sysvars.inc
WARNING: Var TKHAVESIG is never used on line 3554 of file basic/sysvars.inc
WARNING: Var TKINTLEN is never used on line 3553 of file basic/sysvars.inc
WARNING: Var TKLEAD is never used on line 3564 of file basic/sysvars.inc
WARNING: Var TKLNUM is never used on line 781 of file basic/sysvars.inc
WARNING: Var TKNAME is never used on line 805 of file basic/sysvars.inc
WARNING: Var TKNZPOS is never used on line 3555 of file basic/sysvars.inc
WARNING: Var TKPOS is never used on line 3552 of file basic/sysvars.inc
WARNING: Var TKRADIX is never used on line 807 of file basic/sysvars.inc
WARNING: Var TKRTOK is never used on line 808 of file basic/sysvars.inc
WARNING: Var TKSRCSAVE is never used on line 3607 of file basic/sysvars.inc
WARNING: Var TKSTORED is never used on line 3557 of file basic/sysvars.inc
WARNING: Var TKVALEND is never used on line 3595 of file basic/sysvars.inc
WARNING: Var TOKBUFSZ is never used on line 894 of file basic/sysvars.inc
WARNING: Var TOKMAX_BODY is never used on line 895 of file basic/sysvars.inc
WARNING: Var VCBC is never used on line 3017 of file basic/sysvars.inc
WARNING: Var VCX_ENVPER is never used on line 3030 of file basic/sysvars.inc
WARNING: Var VCX_ENVSH is never used on line 3035 of file basic/sysvars.inc
WARNING: Var VCX_NOTEL is never used on line 3032 of file basic/sysvars.inc
WARNING: Var VCX_OCTAVE is never used on line 3031 of file basic/sysvars.inc
WARNING: Var VCX_TEMPO is never used on line 3033 of file basic/sysvars.inc
WARNING: Var VCX_VOLUME is never used on line 3034 of file basic/sysvars.inc
WARNING: Var VDP_ADDR is never used on line 56 of file basic/sysvars.inc
WARNING: Var VDP_DATA is never used on line 55 of file basic/sysvars.inc
WARNING: Var VOICAQ is never used on line 3007 of file basic/sysvars.inc
WARNING: Var VOICBQ is never used on line 3008 of file basic/sysvars.inc
WARNING: Var VOICCQ is never used on line 3009 of file basic/sysvars.inc
WARNING: Var VOICEN is never used on line 3010 of file basic/sysvars.inc
WARNING: Var WRTVDP is never used on line 13 of file basic/sysvars.inc
WARNING: Var __MEAS_LOW_END is never used on line 155 of file /Users/joost/projects/zerobas/basic/main.asm
WARNING: Var __MEAS_PAGE1_END is never used on line 428 of file /Users/joost/projects/zerobas/basic/main.asm
WARNING: Var ary_reset is never used on line 341 of file basic/arrays.asm
WARNING: Var ascii_save is never used on line 230 of file basic/save.asm
WARNING: Var bl_skip_spaces is never used on line 30 of file basic/bload.asm
WARNING: Var bsv_is_disk is never used on line 129 of file basic/save.asm
WARNING: Var cas_flush_block is never used on line 407 of file basic/save.asm
WARNING: Var clr_himem is never used on line 111 of file basic/clear.asm
WARNING: Var cut_lp is never used on line 59 of file basic/usr.asm
WARNING: Var disk_putbyte is never used on line 82 of file basic/sv-diskwr.inc
WARNING: Var dl_cas_close is never used on line 120 of file basic/cload.asm
WARNING: Var dl_is_cas is never used on line 111 of file basic/cload.asm
WARNING: Var dpl_err_pop is never used on line 1091 of file basic/cload.asm
WARNING: Var dpl_link_err is never used on line 1063 of file basic/cload.asm
WARNING: Var dr_cas_close is never used on line 284 of file basic/cload.asm
WARNING: Var efi_p_ok is never used on line 1784 of file basic/str-engine.asm
WARNING: Var ei_set is never used on line 2663 of file basic/program.asm
WARNING: Var err_stack is never used on line 1934 of file basic/program.asm
WARNING: Var esn_bad is never used on line 2311 of file basic/program.asm
WARNING: Var ev_f_err is never used on line 703 of file basic/expr.asm
WARNING: Var evmc_total_scan is never used on line 1611 of file basic/expr.asm
WARNING: Var fat_io_find is never used on line 38 of file basic/fatio-body.inc
WARNING: Var fn_leave is never used on line 371 of file basic/deffn.asm
WARNING: Var key_set is never used on line 2950 of file basic/program.asm
WARNING: Var mul16 is never used on line 2341 of file basic/expr.asm
WARNING: Var nx_again is never used on line 1900 of file basic/program.asm
WARNING: Var pu_emit_str0 is never used on line 389 of file basic/printusing.asm
WARNING: Var raise_error_forced is never used on line 1373 of file basic/interp.asm
WARNING: Var sav_is_disk is never used on line 204 of file basic/save.asm
WARNING: Var spr_set is never used on line 1050 of file basic/graphics.asm
WARNING: Var str_mkf_int is never used on line 382 of file basic/strvar.asm
WARNING: Var strig_set is never used on line 2825 of file basic/program.asm
WARNING: Var sw_types is never used on line 413 of file basic/missing.asm
WARNING: Var wid_apply is never used on line 253 of file basic/screen.asm
WARNING: Var tapion_haveavg is never used on line 470 of file /Users/joost/projects/zerobas/tape/tape.asm
note: BASIC overwrites 67 non-empty C-BIOS byte(s):
  0x6678-0x667A  (unreferenced)
  0x77CD-0x77CD  (unreferenced)
  0x7D17-0x7D1F  (unreferenced)
  0x7D21-0x7D2D  (unreferenced)
  0x7D2F-0x7D3F  (unreferenced)
  0x7E14-0x7E2A  (unreferenced)
  0x7E6B-0x7E6B  (unreferenced)
OK: merged main ROM -- repacked C-BIOS + BASIC($2812-$7FFF) + tape($09EE-$0C84)
wrote /Users/joost/projects/zerobas/build/zerobas-main-eu.rom: 32768 bytes
wrote /Users/joost/projects/zerobas/zerobas-main-eu.ips: IPS, 13 records, 23469 bytes
  target (pristine) sha1: baf2e9c69252fd9b350b488d89c71887b9d05eec
  result (modified) sha1: 6e8f2bc862daced4468688e3b3d137d90ee76851
  self-check: patch applied to pristine reproduces modified ROM OK
wrote /Users/joost/projects/zerobas/zerobas-main-eu.bps: BPS, 927 records, 24055 bytes
  target (pristine) sha1: baf2e9c69252fd9b350b488d89c71887b9d05eec
  result (modified) sha1: 6e8f2bc862daced4468688e3b3d137d90ee76851
  embedded CRC32 source/target: 2e9d4baa/b9dde7d6
  self-check: patch applied to pristine reproduces modified ROM OK
building repacked + pristine C-BIOS from the pinned tag...
  /opt/homebrew/opt/python@3.14/bin/python3.14 /Users/joost/projects/zerobas/tools/build_repacked_cbios.py --cbios /Users/joost/projects/cbios -o /Users/joost/projects/zerobas/build/cbios_main_msx1_eu-repacked.rom --pristine /Users/joost/projects/zerobas/build/cbios_main_msx1_eu-pristine.rom
assembling relocated BASIC ($2812) + tape...
  pasmo --bin /Users/joost/projects/zerobas/basic/main.asm /Users/joost/projects/zerobas/build/basic-reloc.rom
  pasmo --bin /Users/joost/projects/zerobas/tape/tape.asm /tmp/zerobas/tmpuk_dllqh/tape.bin /tmp/zerobas/tmpuk_dllqh/tape.sym
merging the main ROM...
  /opt/homebrew/opt/python@3.14/bin/python3.14 /Users/joost/projects/zerobas/tools/build_mainrom.py /Users/joost/projects/zerobas/build/cbios_main_msx1_eu-repacked.rom /Users/joost/projects/zerobas/build/basic-reloc.rom /tmp/zerobas/tmpuk_dllqh/tape.bin /tmp/zerobas/tmpuk_dllqh/tape.sym /Users/joost/projects/zerobas/build/zerobas-main-eu.rom
making patches (vs pristine stock)...
  /opt/homebrew/opt/python@3.14/bin/python3.14 /Users/joost/projects/zerobas/tools/rom_patch.py make /Users/joost/projects/zerobas/build/cbios_main_msx1_eu-pristine.rom /Users/joost/projects/zerobas/build/zerobas-main-eu.rom /Users/joost/projects/zerobas/zerobas-main-eu.ips
  /opt/homebrew/opt/python@3.14/bin/python3.14 /Users/joost/projects/zerobas/tools/rom_patch.py make /Users/joost/projects/zerobas/build/cbios_main_msx1_eu-pristine.rom /Users/joost/projects/zerobas/build/zerobas-main-eu.rom /Users/joost/projects/zerobas/zerobas-main-eu.bps
done.
pasmo --bin basic/main.asm build/basic-reloc.rom build/basic-reloc.sym
WARNING: Switching to 3 pass mode on line 827 of file basic/sysvars.inc
WARNING: Var APOS_MARK is never used on line 562 of file basic/sysvars.inc
WARNING: Var BINARY_ID is never used on line 161 of file basic/sysvars.inc
WARNING: Var BPB_BYTSPERSEC is never used on line 2654 of file basic/sysvars.inc
WARNING: Var BPB_FATSZ16 is never used on line 2659 of file basic/sysvars.inc
WARNING: Var BPB_NUMFATS is never used on line 2657 of file basic/sysvars.inc
WARNING: Var BPB_ROOTENTCNT is never used on line 2658 of file basic/sysvars.inc
WARNING: Var BPB_RSVDSECCNT is never used on line 2656 of file basic/sysvars.inc
WARNING: Var BPB_SECPERCLUS is never used on line 2655 of file basic/sysvars.inc
WARNING: Var BSAVE_DISK_ID is never used on line 2626 of file basic/sysvars.inc
WARNING: Var CAS_HDRNAME is never used on line 3283 of file basic/sysvars.inc
WARNING: Var CLOC is never used on line 72 of file basic/sysvars.inc
WARNING: Var CMASK is never used on line 73 of file basic/sysvars.inc
WARNING: Var CS120_LOW is never used on line 138 of file basic/sysvars.inc
WARNING: Var CS240_LOW is never used on line 139 of file basic/sysvars.inc
WARNING: Var DATALINE is never used on line 3515 of file basic/sysvars.inc
WARNING: Var DATAPTR is never used on line 3514 of file basic/sysvars.inc
WARNING: Var DB_CUR is never used on line 3709 of file basic/sysvars.inc
WARNING: Var DIRENT_FILESIZE is never used on line 2663 of file basic/sysvars.inc
WARNING: Var DIRENT_FIRSTCLUS is never used on line 2662 of file basic/sysvars.inc
WARNING: Var DISKOP_SEL_FAT_ALLOC_CLUSTER is never used on line 2778 of file basic/sysvars.inc
WARNING: Var DISKOP_SEL_FAT_DELETE is never used on line 2784 of file basic/sysvars.inc
WARNING: Var DISKOP_SEL_FAT_READ_FAT_SECTOR is never used on line 2776 of file basic/sysvars.inc
WARNING: Var DISKOP_SEL_FAT_WRITE_FAT_ENTRY is never used on line 2779 of file basic/sysvars.inc
WARNING: Var DISKOP_SEL_NAME_CMP is never used on line 2774 of file basic/sysvars.inc
WARNING: Var DISKOP_SEL_READ_SECTOR is never used on line 2770 of file basic/sysvars.inc
WARNING: Var DISKOP_SEL_WRITE_SECTOR is never used on line 2771 of file basic/sysvars.inc
WARNING: Var DSKIO_ENTRY is never used on line 2652 of file basic/sysvars.inc
WARNING: Var DSV_PTR is never used on line 2571 of file basic/sysvars.inc
WARNING: Var ENDPTR is never used on line 747 of file basic/sysvars.inc
WARNING: Var EOC is never used on line 2664 of file basic/sysvars.inc
WARNING: Var FAT_B0 is never used on line 2717 of file basic/sysvars.inc
WARNING: Var FAT_B1 is never used on line 2718 of file basic/sysvars.inc
WARNING: Var FAT_BYTEIDX is never used on line 2715 of file basic/sysvars.inc
WARNING: Var FAT_CLUSSEC is never used on line 2708 of file basic/sysvars.inc
WARNING: Var FAT_DIRREM is never used on line 2721 of file basic/sysvars.inc
WARNING: Var FAT_DIRSEC is never used on line 2720 of file basic/sysvars.inc
WARNING: Var FAT_FATSEC is never used on line 2716 of file basic/sysvars.inc
WARNING: Var FAT_FATSTART is never used on line 2703 of file basic/sysvars.inc
WARNING: Var FAT_FIRSTDATA is never used on line 2706 of file basic/sysvars.inc
WARNING: Var FAT_FIRSTROOT is never used on line 2704 of file basic/sysvars.inc
WARNING: Var FAT_NAMEPTR is never used on line 2719 of file basic/sysvars.inc
WARNING: Var FAT_NUMFATS is never used on line 2711 of file basic/sysvars.inc
WARNING: Var FAT_PARITY is never used on line 2714 of file basic/sysvars.inc
WARNING: Var FAT_ROOTSECS is never used on line 2705 of file basic/sysvars.inc
WARNING: Var FAT_SECPERCLUS is never used on line 2702 of file basic/sysvars.inc
WARNING: Var FAT_SECPERFAT is never used on line 2712 of file basic/sysvars.inc
WARNING: Var FCH_CTXSZ is never used on line 3156 of file basic/sysvars.inc
WARNING: Var FILES_ENTIDX is never used on line 2608 of file basic/sysvars.inc
WARNING: Var FLD_DESC is never used on line 3247 of file basic/sysvars.inc
WARNING: Var FMT_DESC is never used on line 3246 of file basic/sysvars.inc
WARNING: Var FMT_SEC is never used on line 3245 of file basic/sysvars.inc
WARNING: Var FN_DPTR is never used on line 3456 of file basic/sysvars.inc
WARNING: Var FN_PAREA_END is never used on line 3477 of file basic/sysvars.inc
WARNING: Var FN_RTYPE is never used on line 3471 of file basic/sysvars.inc
WARNING: Var FN_SLOTP is never used on line 3470 of file basic/sysvars.inc
WARNING: Var FPNUM_SIZE is never used on line 3629 of file basic/sysvars.inc
WARNING: Var FWBUF is never used on line 2699 of file basic/sysvars.inc
WARNING: Var FWR_DIRSEC is never used on line 2733 of file basic/sysvars.inc
WARNING: Var GFX_ARCF is never used on line 648 of file basic/sysvars.inc
WARNING: Var GFX_ASPMAJ is never used on line 646 of file basic/sysvars.inc
WARNING: Var GFX_ASPS is never used on line 647 of file basic/sysvars.inc
WARNING: Var GFX_BAD is never used on line 95 of file basic/sysvars.inc
WARNING: Var GFX_CNT is never used on line 625 of file basic/sysvars.inc
WARNING: Var GFX_COLOR_OFST is never used on line 63 of file basic/sysvars.inc
WARNING: Var GFX_CPHASE is never used on line 721 of file basic/sysvars.inc
WARNING: Var GFX_CS_AX is never used on line 664 of file basic/sysvars.inc
WARNING: Var GFX_CS_AY is never used on line 667 of file basic/sysvars.inc
WARNING: Var GFX_CS_M2 is never used on line 1789 of file basic/sysvars.inc
WARNING: Var GFX_CX is never used on line 620 of file basic/sysvars.inc
WARNING: Var GFX_CY is never used on line 621 of file basic/sysvars.inc
WARNING: Var GFX_DESC is never used on line 1827 of file basic/sysvars.inc
WARNING: Var GFX_DJ is never used on line 94 of file basic/sysvars.inc
WARNING: Var GFX_DMAJ is never used on line 623 of file basic/sysvars.inc
WARNING: Var GFX_DMIN is never used on line 624 of file basic/sysvars.inc
WARNING: Var GFX_ENEG is never used on line 687 of file basic/sysvars.inc
WARNING: Var GFX_EOCT is never used on line 684 of file basic/sysvars.inc
WARNING: Var GFX_ERR is never used on line 622 of file basic/sysvars.inc
WARNING: Var GFX_EU14 is never used on line 685 of file basic/sysvars.inc
WARNING: Var GFX_EVX is never used on line 651 of file basic/sysvars.inc
WARNING: Var GFX_EVY is never used on line 652 of file basic/sysvars.inc
WARNING: Var GFX_FILLCNT is never used on line 634 of file basic/sysvars.inc
WARNING: Var GFX_FULLW is never used on line 653 of file basic/sysvars.inc
WARNING: Var GFX_M is never used on line 669 of file basic/sysvars.inc
WARNING: Var GFX_PFY is never used on line 1734 of file basic/sysvars.inc
WARNING: Var GFX_PGEN_BASE is never used on line 62 of file basic/sysvars.inc
WARNING: Var GFX_PPITCH is never used on line 1967 of file basic/sysvars.inc
WARNING: Var GFX_PSCX is never used on line 1737 of file basic/sysvars.inc
WARNING: Var GFX_PSCY is never used on line 1738 of file basic/sysvars.inc
WARNING: Var GFX_PSPA is never used on line 1739 of file basic/sysvars.inc
WARNING: Var GFX_PTESTX is never used on line 1732 of file basic/sysvars.inc
WARNING: Var GFX_PTESTY is never used on line 1733 of file basic/sysvars.inc
WARNING: Var GFX_PTOP is never used on line 1730 of file basic/sysvars.inc
WARNING: Var GFX_PX is never used on line 661 of file basic/sysvars.inc
WARNING: Var GFX_PXL is never used on line 1735 of file basic/sysvars.inc
WARNING: Var GFX_PXR is never used on line 1736 of file basic/sysvars.inc
WARNING: Var GFX_PY is never used on line 663 of file basic/sysvars.inc
WARNING: Var GFX_QD is never used on line 660 of file basic/sysvars.inc
WARNING: Var GFX_QX is never used on line 658 of file basic/sysvars.inc
WARNING: Var GFX_QY is never used on line 659 of file basic/sysvars.inc
WARNING: Var GFX_R is never used on line 645 of file basic/sysvars.inc
WARNING: Var GFX_SATR_BASE is never used on line 729 of file basic/sysvars.inc
WARNING: Var GFX_SDX is never used on line 628 of file basic/sysvars.inc
WARNING: Var GFX_SDY is never used on line 629 of file basic/sysvars.inc
WARNING: Var GFX_SMIN is never used on line 627 of file basic/sysvars.inc
WARNING: Var GFX_SNEG is never used on line 686 of file basic/sysvars.inc
WARNING: Var GFX_SOCT is never used on line 680 of file basic/sysvars.inc
WARNING: Var GFX_SPAT_BASE is never used on line 728 of file basic/sysvars.inc
WARNING: Var GFX_STEEP is never used on line 626 of file basic/sysvars.inc
WARNING: Var GFX_SU14 is never used on line 683 of file basic/sysvars.inc
WARNING: Var GFX_SVX is never used on line 649 of file basic/sysvars.inc
WARNING: Var GFX_SVY is never used on line 650 of file basic/sysvars.inc
WARNING: Var GFX_TX1 is never used on line 630 of file basic/sysvars.inc
WARNING: Var GFX_TX2 is never used on line 632 of file basic/sysvars.inc
WARNING: Var GFX_TY1 is never used on line 631 of file basic/sysvars.inc
WARNING: Var GFX_TY2 is never used on line 633 of file basic/sysvars.inc
WARNING: Var GFX_WE_O is never used on line 689 of file basic/sysvars.inc
WARNING: Var GFX_WE_P is never used on line 688 of file basic/sysvars.inc
WARNING: Var GFX_WRAPF is never used on line 690 of file basic/sysvars.inc
WARNING: Var GFX_WS_O is never used on line 672 of file basic/sysvars.inc
WARNING: Var GFX_WS_P is never used on line 671 of file basic/sysvars.inc
WARNING: Var GFX_YSTEP is never used on line 635 of file basic/sysvars.inc
WARNING: Var GP_CLIDX is never used on line 3180 of file basic/sysvars.inc
WARNING: Var GP_CLUS is never used on line 3179 of file basic/sysvars.inc
WARNING: Var GP_FLAGS is never used on line 3184 of file basic/sysvars.inc
WARNING: Var GP_OLDNSEC is never used on line 3183 of file basic/sysvars.inc
WARNING: Var GP_PHYS is never used on line 3182 of file basic/sysvars.inc
WARNING: Var GP_RECLEN is never used on line 3271 of file basic/sysvars.inc
WARNING: Var GP_SEC is never used on line 3177 of file basic/sysvars.inc
WARNING: Var GP_SECINCL is never used on line 3181 of file basic/sysvars.inc
WARNING: Var GP_WITHIN is never used on line 3178 of file basic/sysvars.inc
WARNING: Var HORNER_ACC is never used on line 3957 of file basic/sysvars.inc
WARNING: Var HORNER_CNT is never used on line 3959 of file basic/sysvars.inc
WARNING: Var HORNER_G is never used on line 3940 of file basic/sysvars.inc
WARNING: Var HORNER_PTR is never used on line 3972 of file basic/sysvars.inc
WARNING: Var INITXT is never used on line 15 of file basic/sysvars.inc
WARNING: Var LE_OP_RELINK is never used on line 2848 of file basic/sysvars.inc
WARNING: Var LE_OP_STORE is never used on line 2847 of file basic/sysvars.inc
WARNING: Var LINENO_ACC_STOP is never used on line 869 of file basic/sysvars.inc
WARNING: Var LINL32 is never used on line 113 of file basic/sysvars.inc
WARNING: Var MATH_BREAK is never used on line 3925 of file basic/sysvars.inc
WARNING: Var MATH_R is never used on line 3945 of file basic/sysvars.inc
WARNING: Var MATH_RECIP is never used on line 3921 of file basic/sysvars.inc
WARNING: Var MATH_SIGN is never used on line 3917 of file basic/sysvars.inc
WARNING: Var MCLPTR is never used on line 3011 of file basic/sysvars.inc
WARNING: Var MSGESC_LO is never used on line 4392 of file basic/sysvars.inc
WARNING: Var NEW_TOKEN is never used on line 2240 of file basic/sysvars.inc
WARNING: Var PLAY_DEF_NOTEL is never used on line 3084 of file basic/sysvars.inc
WARNING: Var PLAY_DEF_OCTAVE is never used on line 3083 of file basic/sysvars.inc
WARNING: Var PLAY_DEF_TEMPO is never used on line 3085 of file basic/sysvars.inc
WARNING: Var PLAY_DEF_VOLUME is never used on line 3086 of file basic/sysvars.inc
WARNING: Var PLAY_OP_NOTE is never used on line 3104 of file basic/sysvars.inc
WARNING: Var PLYCNT is never used on line 3014 of file basic/sysvars.inc
WARNING: Var PLY_BUFEND is never used on line 3102 of file basic/sysvars.inc
WARNING: Var PLY_LASTDUR is never used on line 3101 of file basic/sysvars.inc
WARNING: Var PLY_NUMOVF is never used on line 3097 of file basic/sysvars.inc
WARNING: Var PU_COMMAS is never used on line 3238 of file basic/sysvars.inc
WARNING: Var PU_DEC is never used on line 3239 of file basic/sysvars.inc
WARNING: Var PU_DIG is never used on line 3236 of file basic/sysvars.inc
WARNING: Var QD_PUT is never used on line 3020 of file basic/sysvars.inc
WARNING: Var QD_PUTBAK is never used on line 3022 of file basic/sysvars.inc
WARNING: Var QD_SIZE is never used on line 3023 of file basic/sysvars.inc
WARNING: Var QUEUEN is never used on line 3012 of file basic/sysvars.inc
WARNING: Var QUOTE_REM is never used on line 561 of file basic/sysvars.inc
WARNING: Var RND_ACCLE is never used on line 4019 of file basic/sysvars.inc
WARNING: Var RND_AJ is never used on line 4034 of file basic/sysvars.inc
WARNING: Var RND_CARRY is never used on line 4036 of file basic/sysvars.inc
WARNING: Var RND_I is never used on line 4026 of file basic/sysvars.inc
WARNING: Var RND_IJ is never used on line 4031 of file basic/sysvars.inc
WARNING: Var RND_J is never used on line 4029 of file basic/sysvars.inc
WARNING: Var RND_K is never used on line 4040 of file basic/sysvars.inc
WARNING: Var RND_LE is never used on line 4013 of file basic/sysvars.inc
WARNING: Var RND_STATE is never used on line 4004 of file basic/sysvars.inc
WARNING: Var RN_OLD is never used on line 2937 of file basic/sysvars.inc
WARNING: Var SL_DELHI is never used on line 2891 of file basic/sysvars.inc
WARNING: Var SL_DELLO is never used on line 2890 of file basic/sysvars.inc
WARNING: Var SL_SLOT is never used on line 2207 of file basic/sysvars.inc
WARNING: Var SUBROM_IDX_INTTEST is never used on line 4062 of file basic/sysvars.inc
WARNING: Var SUB_INT_DELTA is never used on line 3730 of file basic/sysvars.inc
WARNING: Var TKDCOUNT is never used on line 3556 of file basic/sysvars.inc
WARNING: Var TKEXP is never used on line 3559 of file basic/sysvars.inc
WARNING: Var TKEXPD is never used on line 3560 of file basic/sysvars.inc
WARNING: Var TKEXPSIGN is never used on line 3561 of file basic/sysvars.inc
WARNING: Var TKFLAGS is never used on line 3558 of file basic/sysvars.inc
WARNING: Var TKHAVESIG is never used on line 3554 of file basic/sysvars.inc
WARNING: Var TKINTLEN is never used on line 3553 of file basic/sysvars.inc
WARNING: Var TKLEAD is never used on line 3564 of file basic/sysvars.inc
WARNING: Var TKLNUM is never used on line 781 of file basic/sysvars.inc
WARNING: Var TKNAME is never used on line 805 of file basic/sysvars.inc
WARNING: Var TKNZPOS is never used on line 3555 of file basic/sysvars.inc
WARNING: Var TKPOS is never used on line 3552 of file basic/sysvars.inc
WARNING: Var TKRADIX is never used on line 807 of file basic/sysvars.inc
WARNING: Var TKRTOK is never used on line 808 of file basic/sysvars.inc
WARNING: Var TKSRCSAVE is never used on line 3607 of file basic/sysvars.inc
WARNING: Var TKSTORED is never used on line 3557 of file basic/sysvars.inc
WARNING: Var TKVALEND is never used on line 3595 of file basic/sysvars.inc
WARNING: Var TOKBUFSZ is never used on line 894 of file basic/sysvars.inc
WARNING: Var TOKMAX_BODY is never used on line 895 of file basic/sysvars.inc
WARNING: Var VCBC is never used on line 3017 of file basic/sysvars.inc
WARNING: Var VCX_ENVPER is never used on line 3030 of file basic/sysvars.inc
WARNING: Var VCX_ENVSH is never used on line 3035 of file basic/sysvars.inc
WARNING: Var VCX_NOTEL is never used on line 3032 of file basic/sysvars.inc
WARNING: Var VCX_OCTAVE is never used on line 3031 of file basic/sysvars.inc
WARNING: Var VCX_TEMPO is never used on line 3033 of file basic/sysvars.inc
WARNING: Var VCX_VOLUME is never used on line 3034 of file basic/sysvars.inc
WARNING: Var VDP_ADDR is never used on line 56 of file basic/sysvars.inc
WARNING: Var VDP_DATA is never used on line 55 of file basic/sysvars.inc
WARNING: Var VOICAQ is never used on line 3007 of file basic/sysvars.inc
WARNING: Var VOICBQ is never used on line 3008 of file basic/sysvars.inc
WARNING: Var VOICCQ is never used on line 3009 of file basic/sysvars.inc
WARNING: Var VOICEN is never used on line 3010 of file basic/sysvars.inc
WARNING: Var WRTVDP is never used on line 13 of file basic/sysvars.inc
WARNING: Var __MEAS_LOW_END is never used on line 155 of file basic/main.asm
WARNING: Var __MEAS_PAGE1_END is never used on line 428 of file basic/main.asm
WARNING: Var ary_reset is never used on line 341 of file basic/arrays.asm
WARNING: Var ascii_save is never used on line 230 of file basic/save.asm
WARNING: Var bl_skip_spaces is never used on line 30 of file basic/bload.asm
WARNING: Var bsv_is_disk is never used on line 129 of file basic/save.asm
WARNING: Var cas_flush_block is never used on line 407 of file basic/save.asm
WARNING: Var clr_himem is never used on line 111 of file basic/clear.asm
WARNING: Var cut_lp is never used on line 59 of file basic/usr.asm
WARNING: Var disk_putbyte is never used on line 82 of file basic/sv-diskwr.inc
WARNING: Var dl_cas_close is never used on line 120 of file basic/cload.asm
WARNING: Var dl_is_cas is never used on line 111 of file basic/cload.asm
WARNING: Var dpl_err_pop is never used on line 1091 of file basic/cload.asm
WARNING: Var dpl_link_err is never used on line 1063 of file basic/cload.asm
WARNING: Var dr_cas_close is never used on line 284 of file basic/cload.asm
WARNING: Var efi_p_ok is never used on line 1784 of file basic/str-engine.asm
WARNING: Var ei_set is never used on line 2663 of file basic/program.asm
WARNING: Var err_stack is never used on line 1934 of file basic/program.asm
WARNING: Var esn_bad is never used on line 2311 of file basic/program.asm
WARNING: Var ev_f_err is never used on line 703 of file basic/expr.asm
WARNING: Var evmc_total_scan is never used on line 1611 of file basic/expr.asm
WARNING: Var fat_io_find is never used on line 38 of file basic/fatio-body.inc
WARNING: Var fn_leave is never used on line 371 of file basic/deffn.asm
WARNING: Var key_set is never used on line 2950 of file basic/program.asm
WARNING: Var mul16 is never used on line 2341 of file basic/expr.asm
WARNING: Var nx_again is never used on line 1900 of file basic/program.asm
WARNING: Var pu_emit_str0 is never used on line 389 of file basic/printusing.asm
WARNING: Var raise_error_forced is never used on line 1373 of file basic/interp.asm
WARNING: Var sav_is_disk is never used on line 204 of file basic/save.asm
WARNING: Var spr_set is never used on line 1050 of file basic/graphics.asm
WARNING: Var str_mkf_int is never used on line 382 of file basic/strvar.asm
WARNING: Var strig_set is never used on line 2825 of file basic/program.asm
WARNING: Var sw_types is never used on line 413 of file basic/missing.asm
WARNING: Var wid_apply is never used on line 253 of file basic/screen.asm
python3 tools/gen_resident_abi.py build/basic-reloc.sym disk/basic-resident-abi.inc
wrote disk/basic-resident-abi.inc: 7 resident-ABI symbols (from build/basic-reloc.sym)
pasmo -I disk --bin disk/disk.asm build/disk.rom
WARNING: Switching to 3 pass mode on line 222 of file init.asm
WARNING: Var ARGA is never used on line 16 of file basic-resident-abi.inc
WARNING: Var FACTYP is never used on line 19 of file basic-resident-abi.inc
WARNING: Var boot_disk is never used on line 300 of file init.asm
WARNING: Var build_drvtbl is never used on line 530 of file init.asm
WARNING: Var build_resident is never used on line 593 of file init.asm
WARNING: Var build_wa_table is never used on line 497 of file init.asm
WARNING: Var conin is never used on line 200 of file kernel.asm
WARNING: Var conout is never used on line 263 of file kernel.asm
WARNING: Var curdrv is never used on line 174 of file kernel.asm
WARNING: Var fdc_entloop is never used on line 829 of file fat.asm
WARNING: Var frs_mul is never used on line 322 of file fat.asm
WARNING: Var gdate_handler is never used on line 454 of file kernel.asm
WARNING: Var getalloc is never used on line 115 of file kernel.asm
WARNING: Var int_h is never used on line 153 of file pageenv.asm
WARNING: Var k_41EF is never used on line 73 of file pageenv.asm
WARNING: Var k_436C is never used on line 188 of file driver.asm
WARNING: Var k_4392 is never used on line 199 of file driver.asm
WARNING: Var k_456F is never used on line 496 of file driver.asm
WARNING: Var k_461D is never used on line 636 of file driver.asm
WARNING: Var k_46BA is never used on line 27 of file fat.asm
WARNING: Var k_4720 is never used on line 59 of file fat.asm
WARNING: Var k_477D is never used on line 114 of file fat.asm
WARNING: Var k_4788 is never used on line 133 of file fat.asm
WARNING: Var k_4793 is never used on line 137 of file fat.asm
WARNING: Var k_47BE is never used on line 152 of file fat.asm
WARNING: Var k_501E is never used on line 52 of file kernel.asm
WARNING: Var k_504E is never used on line 63 of file kernel.asm
WARNING: Var k_509F is never used on line 128 of file kernel.asm
WARNING: Var k_53A7 is never used on line 218 of file kernel.asm
WARNING: Var k_543C is never used on line 232 of file kernel.asm
WARNING: Var k_5445 is never used on line 235 of file kernel.asm
WARNING: Var k_544E is never used on line 238 of file kernel.asm
WARNING: Var k_5462 is never used on line 273 of file kernel.asm
WARNING: Var k_5465 is never used on line 275 of file kernel.asm
WARNING: Var k_55DB is never used on line 551 of file kernel.asm
WARNING: Var k_55E6 is never used on line 554 of file kernel.asm
WARNING: Var k_55FF is never used on line 557 of file kernel.asm
WARNING: Var seldsk_drv is never used on line 197 of file kernel.asm
WARNING: Var setdta_cache is never used on line 79 of file kernel.asm
WARNING: Var setrnd is never used on line 194 of file kernel.asm
WARNING: Var sfirst is never used on line 38 of file kernel.asm
WARNING: Var snext is never used on line 41 of file kernel.asm
WARNING: Var widen_rhs_operand is never used on line 13 of file basic-resident-abi.inc
python3 tools/pad_rom.py build/disk.rom 16384
build/disk.rom: 16384 bytes (exact -- the assembler wrote the whole image)
python3 tools/gen_resident_abi.py build/basic-reloc.sym sub/basic-resident-abi.inc
wrote sub/basic-resident-abi.inc: 13 resident-ABI symbols (from build/basic-reloc.sym)
pasmo -I sub --bin sub/sub.asm build/sub.rom build/sub.sym
WARNING: Switching to 3 pass mode on line 827 of file basic/sysvars.inc
WARNING: Var ACT_LOW is never used on line 140 of file basic/sysvars.inc
WARNING: Var ARL_GETBYTE is never used on line 1486 of file basic/sysvars.inc
WARNING: Var ARY_CUR is never used on line 2142 of file basic/sysvars.inc
WARNING: Var ATAN_DEG is never used on line 14 of file math-coeffs.inc
WARNING: Var BAKCLR is never used on line 116 of file basic/sysvars.inc
WARNING: Var BDRCLR is never used on line 117 of file basic/sysvars.inc
WARNING: Var BREAKX is never used on line 31 of file basic/sysvars.inc
WARNING: Var CAL_NEEDFILL is never used on line 2535 of file basic/sysvars.inc
WARNING: Var CAL_SAVE is never used on line 2552 of file basic/sysvars.inc
WARNING: Var CAS_IN_MODE is never used on line 1497 of file basic/sysvars.inc
WARNING: Var CAS_LOW_1200 is never used on line 151 of file basic/sysvars.inc
WARNING: Var CAS_LOW_2400 is never used on line 152 of file basic/sysvars.inc
WARNING: Var CAS_OUT_MODE is never used on line 1496 of file basic/sysvars.inc
WARNING: Var CAS_VERIFY is never used on line 3292 of file basic/sysvars.inc
WARNING: Var CAS_VMIS is never used on line 3293 of file basic/sysvars.inc
WARNING: Var CAS_WBUF is never used on line 3328 of file basic/sysvars.inc
WARNING: Var CAS_WCNT is never used on line 2565 of file basic/sysvars.inc
WARNING: Var CHGCLR is never used on line 14 of file basic/sysvars.inc
WARNING: Var CHGET is never used on line 17 of file basic/sysvars.inc
WARNING: Var CHGMOD is never used on line 12 of file basic/sysvars.inc
WARNING: Var CHSNS is never used on line 16 of file basic/sysvars.inc
WARNING: Var CLPTR is never used on line 800 of file basic/sysvars.inc
WARNING: Var CLR_HIMEM_MARGIN is never used on line 2200 of file basic/sysvars.inc
WARNING: Var CLR_HIMEM_TOP is never used on line 2192 of file basic/sysvars.inc
WARNING: Var CLS is never used on line 21 of file basic/sysvars.inc
WARNING: Var CONTLINE is never used on line 2445 of file basic/sysvars.inc
WARNING: Var CONTPTR is never used on line 2446 of file basic/sysvars.inc
WARNING: Var CONTVALID is never used on line 2447 of file basic/sysvars.inc
WARNING: Var CON_LASTROW is never used on line 1314 of file basic/sysvars.inc
WARNING: Var COS_COEF_DEG is never used on line 347 of file math-coeffs.inc
WARNING: Var CRT_MODE is never used on line 1488 of file basic/sysvars.inc
WARNING: Var CS120_LOW is never used on line 138 of file basic/sysvars.inc
WARNING: Var CS240_LOW is never used on line 139 of file basic/sysvars.inc
WARNING: Var CSRY is never used on line 25 of file basic/sysvars.inc
WARNING: Var CVT is never used on line 3649 of file basic/sysvars.inc
WARNING: Var CVT_MODE is never used on line 3686 of file basic/sysvars.inc
WARNING: Var DIRECTF is never used on line 964 of file basic/sysvars.inc
WARNING: Var DISKOP_SEL_FAT_ALLOC_CLUSTER is never used on line 2778 of file basic/sysvars.inc
WARNING: Var DISKOP_SEL_FAT_COUNT_FREE is never used on line 2780 of file basic/sysvars.inc
WARNING: Var DISKOP_SEL_FAT_DELETE is never used on line 2784 of file basic/sysvars.inc
WARNING: Var DISKOP_SEL_FAT_DIR_CREATE is never used on line 2782 of file basic/sysvars.inc
WARNING: Var DISKOP_SEL_FAT_DIR_UPDATE is never used on line 2783 of file basic/sysvars.inc
WARNING: Var DISKOP_SEL_FAT_FIND is never used on line 2773 of file basic/sysvars.inc
WARNING: Var DISKOP_SEL_FAT_FLUSH_DATA_SECTOR is never used on line 2781 of file basic/sysvars.inc
WARNING: Var DISKOP_SEL_FAT_MOUNT is never used on line 2772 of file basic/sysvars.inc
WARNING: Var DISKOP_SEL_FAT_OPEN is never used on line 2775 of file basic/sysvars.inc
WARNING: Var DISKOP_SEL_FAT_READ_FAT_SECTOR is never used on line 2776 of file basic/sysvars.inc
WARNING: Var DISKOP_SEL_FAT_READ_FILE_SECTOR is never used on line 2777 of file basic/sysvars.inc
WARNING: Var DISKOP_SEL_FAT_WRITE_FAT_ENTRY is never used on line 2779 of file basic/sysvars.inc
WARNING: Var DISKOP_SEL_FCH_DETACH is never used on line 2807 of file basic/sysvars.inc
WARNING: Var DISKOP_SEL_FCH_RESTAGE is never used on line 2806 of file basic/sysvars.inc
WARNING: Var DISKOP_SEL_FIA_WALKED is never used on line 2799 of file basic/sysvars.inc
WARNING: Var DISKOP_SEL_KILL is never used on line 2815 of file basic/sysvars.inc
WARNING: Var DISKOP_SEL_NAME_CMP is never used on line 2774 of file basic/sysvars.inc
WARNING: Var DISKOP_SEL_NAME_STAMP is never used on line 2816 of file basic/sysvars.inc
WARNING: Var DISKOP_SEL_RAND_GET is never used on line 2794 of file basic/sysvars.inc
WARNING: Var DISKOP_SEL_RAND_OPEN is never used on line 2793 of file basic/sysvars.inc
WARNING: Var DISKOP_SEL_RAND_PUT is never used on line 2795 of file basic/sysvars.inc
WARNING: Var DISKOP_SEL_READ_SECTOR is never used on line 2770 of file basic/sysvars.inc
WARNING: Var DISKOP_SEL_WRITE_SECTOR is never used on line 2771 of file basic/sysvars.inc
WARNING: Var DIVPAD is never used on line 3647 of file basic/sysvars.inc
WARNING: Var DIVREM is never used on line 3648 of file basic/sysvars.inc
WARNING: Var DSPFNK is never used on line 23 of file basic/sysvars.inc
WARNING: Var ENDFLAG is never used on line 2429 of file basic/sysvars.inc
WARNING: Var ERAFNK is never used on line 22 of file basic/sysvars.inc
WARNING: Var ERRLIN is never used on line 1016 of file basic/sysvars.inc
WARNING: Var EXBRSA is never used on line 4362 of file basic/sysvars.inc
WARNING: Var EXPTBL is never used on line 104 of file basic/sysvars.inc
WARNING: Var EXP_COEF_DEG is never used on line 70 of file math-coeffs.inc
WARNING: Var FCH_CEIL is never used on line 3154 of file basic/sysvars.inc
WARNING: Var FCH_MODE is never used on line 2614 of file basic/sysvars.inc
WARNING: Var FCH_NUM is never used on line 2613 of file basic/sysvars.inc
WARNING: Var FCH_RDMODE is never used on line 2615 of file basic/sysvars.inc
WARNING: Var FLD_CHAN is never used on line 788 of file basic/sysvars.inc
WARNING: Var FLD_CUROFF is never used on line 787 of file basic/sysvars.inc
WARNING: Var FLD_TABEND is never used on line 3170 of file basic/sysvars.inc
WARNING: Var FN_PAREA_END is never used on line 3477 of file basic/sysvars.inc
WARNING: Var FN_STK_FLOOR is never used on line 3491 of file basic/sysvars.inc
WARNING: Var FOMBYTES is never used on line 3599 of file basic/sysvars.inc
WARNING: Var FOR_CUR is never used on line 3369 of file basic/sysvars.inc
WARNING: Var FOR_FRAME is never used on line 3368 of file basic/sysvars.inc
WARNING: Var FOSIGCOUNT is never used on line 3597 of file basic/sysvars.inc
WARNING: Var FOSIGN is never used on line 3596 of file basic/sysvars.inc
WARNING: Var FPERR_STRLONG is never used on line 498 of file basic/sysvars.inc
WARNING: Var FPERR_STROOM is never used on line 474 of file basic/sysvars.inc
WARNING: Var FPERR_TYPEMM is never used on line 499 of file basic/sysvars.inc
WARNING: Var FPNUM_SIZE is never used on line 3629 of file basic/sysvars.inc
WARNING: Var FP_LHSVAL is never used on line 3660 of file basic/sysvars.inc
WARNING: Var FP_OPMODE is never used on line 3684 of file basic/sysvars.inc
WARNING: Var FP_RSIGN is never used on line 3664 of file basic/sysvars.inc
WARNING: Var FP_SHIFTAMT is never used on line 3659 of file basic/sysvars.inc
WARNING: Var FP_TMP_B is never used on line 3662 of file basic/sysvars.inc
WARNING: Var GFX_COLOR_OFST is never used on line 63 of file basic/sysvars.inc
WARNING: Var GFX_DESC is never used on line 1827 of file basic/sysvars.inc
WARNING: Var GFX_EVY is never used on line 652 of file basic/sysvars.inc
WARNING: Var GFX_PGEN_BASE is never used on line 62 of file basic/sysvars.inc
WARNING: Var GFX_REL is never used on line 599 of file basic/sysvars.inc
WARNING: Var GFX_SVY is never used on line 650 of file basic/sysvars.inc
WARNING: Var GOSUB_FRAME is never used on line 3400 of file basic/sysvars.inc
WARNING: Var GOTOFLAG is never used on line 2428 of file basic/sysvars.inc
WARNING: Var GOTOTGT is never used on line 2427 of file basic/sysvars.inc
WARNING: Var GP_CHAN is never used on line 3186 of file basic/sysvars.inc
WARNING: Var GP_MODE is never used on line 3185 of file basic/sysvars.inc
WARNING: Var GTPAD is never used on line 42 of file basic/sysvars.inc
WARNING: Var GTPDL is never used on line 43 of file basic/sysvars.inc
WARNING: Var GTSTCK is never used on line 40 of file basic/sysvars.inc
WARNING: Var GTTRIG is never used on line 41 of file basic/sysvars.inc
WARNING: Var H_CVD is never used on line 3060 of file basic/sysvars.inc
WARNING: Var H_CVI is never used on line 3058 of file basic/sysvars.inc
WARNING: Var H_CVS is never used on line 3059 of file basic/sysvars.inc
WARNING: Var H_DSKF is never used on line 3054 of file basic/sysvars.inc
WARNING: Var H_FILE is never used on line 3063 of file basic/sysvars.inc
WARNING: Var H_KILL is never used on line 3062 of file basic/sysvars.inc
WARNING: Var H_MKD is never used on line 3057 of file basic/sysvars.inc
WARNING: Var H_MKI is never used on line 3055 of file basic/sysvars.inc
WARNING: Var H_MKS is never used on line 3056 of file basic/sysvars.inc
WARNING: Var H_NAME is never used on line 3061 of file basic/sysvars.inc
WARNING: Var H_TIMI is never used on line 3046 of file basic/sysvars.inc
WARNING: Var H_ZKEY is never used on line 3076 of file basic/sysvars.inc
WARNING: Var INDLR_N is never used on line 782 of file basic/sysvars.inc
WARNING: Var INP_CURSOR is never used on line 832 of file basic/sysvars.inc
WARNING: Var INT_MAIN_PRIM is never used on line 3727 of file basic/sysvars.inc
WARNING: Var INT_SUB_PRIM is never used on line 3728 of file basic/sysvars.inc
WARNING: Var INT_SUB_SUBSL is never used on line 3729 of file basic/sysvars.inc
WARNING: Var IN_RDLEN is never used on line 2619 of file basic/sysvars.inc
WARNING: Var LE_OP_AUTO is never used on line 2879 of file basic/sysvars.inc
WARNING: Var LE_OP_DELRANGE is never used on line 2849 of file basic/sysvars.inc
WARNING: Var LE_OP_LLSTRANGE is never used on line 2866 of file basic/sysvars.inc
WARNING: Var LE_OP_LSTRANGE is never used on line 2851 of file basic/sysvars.inc
WARNING: Var LE_OP_RELINK is never used on line 2848 of file basic/sysvars.inc
WARNING: Var LE_OP_RENUM is never used on line 2874 of file basic/sysvars.inc
WARNING: Var LE_OP_RENUM_NEXT is never used on line 2875 of file basic/sysvars.inc
WARNING: Var LE_OP_STORE is never used on line 2847 of file basic/sysvars.inc
WARNING: Var LHS_FAC is never used on line 3655 of file basic/sysvars.inc
WARNING: Var LHS_FACTYP is never used on line 3651 of file basic/sysvars.inc
WARNING: Var LHS_VARTYPE is never used on line 3769 of file basic/sysvars.inc
WARNING: Var LINEMAX is never used on line 853 of file basic/sysvars.inc
WARNING: Var LINL32 is never used on line 113 of file basic/sysvars.inc
WARNING: Var LINL40 is never used on line 112 of file basic/sysvars.inc
WARNING: Var LOC_COL is never used on line 1347 of file basic/sysvars.inc
WARNING: Var LOC_ROW is never used on line 1348 of file basic/sysvars.inc
WARNING: Var LOG_COEF_DEG is never used on line 112 of file math-coeffs.inc
WARNING: Var LPTPOS is never used on line 2968 of file basic/sysvars.inc
WARNING: Var LPT_MODE is never used on line 1487 of file basic/sysvars.inc
WARNING: Var MC_TYPE is never used on line 3846 of file basic/sysvars.inc
WARNING: Var MRG_PTR is never used on line 783 of file basic/sysvars.inc
WARNING: Var MSGESC_HI is never used on line 4393 of file basic/sysvars.inc
WARNING: Var MSGESC_LO is never used on line 4392 of file basic/sysvars.inc
WARNING: Var MSGESC_SUB is never used on line 4412 of file basic/sysvars.inc
WARNING: Var MSGESC_UTOF is never used on line 4371 of file basic/sysvars.inc
WARNING: Var MUL32 is never used on line 3677 of file basic/sysvars.inc
WARNING: Var MULCAND is never used on line 3675 of file basic/sysvars.inc
WARNING: Var MULTPLR is never used on line 3676 of file basic/sysvars.inc
WARNING: Var MUL_ADIG is never used on line 3670 of file basic/sysvars.inc
WARNING: Var MUL_CARRY is never used on line 3671 of file basic/sysvars.inc
WARNING: Var MUL_I is never used on line 3667 of file basic/sysvars.inc
WARNING: Var MUL_PP is never used on line 3674 of file basic/sysvars.inc
WARNING: Var NEWKEY is never used on line 3080 of file basic/sysvars.inc
WARNING: Var ONELIN is never used on line 1075 of file basic/sysvars.inc
WARNING: Var OO_DEVTYPE is never used on line 1476 of file basic/sysvars.inc
WARNING: Var OO_RECLEN_CHAN is never used on line 3272 of file basic/sysvars.inc
WARNING: Var PLF_RA is never used on line 3688 of file basic/sysvars.inc
WARNING: Var PLF_RA2 is never used on line 3690 of file basic/sysvars.inc
WARNING: Var PRDEST is never used on line 1468 of file basic/sysvars.inc
WARNING: Var PRDEV is never used on line 1475 of file basic/sysvars.inc
WARNING: Var PSLTREG is never used on line 105 of file basic/sysvars.inc
WARNING: Var PU_FMTMAX is never used on line 3193 of file basic/sysvars.inc
WARNING: Var PU_WP is never used on line 3199 of file basic/sysvars.inc
WARNING: Var RDSLT is never used on line 102 of file basic/sysvars.inc
WARNING: Var RESUMEFLAG is never used on line 2436 of file basic/sysvars.inc
WARNING: Var RESUMEPTR is never used on line 2435 of file basic/sysvars.inc
WARNING: Var RL_AUTO is never used on line 2948 of file basic/sysvars.inc
WARNING: Var SAVSTK is never used on line 985 of file basic/sysvars.inc
WARNING: Var SAVTXT is never used on line 1170 of file basic/sysvars.inc
WARNING: Var SCAN_INIT is never used on line 2454 of file basic/sysvars.inc
WARNING: Var SCAN_PRIM is never used on line 2452 of file basic/sysvars.inc
WARNING: Var SCAN_SLOT is never used on line 2453 of file basic/sysvars.inc
WARNING: Var SIN_COEF_DEG is never used on line 317 of file math-coeffs.inc
WARNING: Var STATFL is never used on line 741 of file basic/sysvars.inc
WARNING: Var STMOTR is never used on line 2279 of file basic/sysvars.inc
WARNING: Var SUBROM_IDX_ARY is never used on line 61 of file equates.inc
WARNING: Var SUBROM_IDX_BEEP is never used on line 221 of file equates.inc
WARNING: Var SUBROM_IDX_CASMATCH is never used on line 134 of file equates.inc
WARNING: Var SUBROM_IDX_DETOK is never used on line 46 of file equates.inc
WARNING: Var SUBROM_IDX_DIRVERB is never used on line 113 of file equates.inc
WARNING: Var SUBROM_IDX_ERRMSG is never used on line 165 of file equates.inc
WARNING: Var SUBROM_IDX_FATPRIM is never used on line 105 of file equates.inc
WARNING: Var SUBROM_IDX_FCBNAME is never used on line 151 of file equates.inc
WARNING: Var SUBROM_IDX_FLDLOOK is never used on line 237 of file equates.inc
WARNING: Var SUBROM_IDX_FORMAT is never used on line 93 of file equates.inc
WARNING: Var SUBROM_IDX_GRAPHICS is never used on line 203 of file equates.inc
WARNING: Var SUBROM_IDX_INTTEST is never used on line 54 of file equates.inc
WARNING: Var SUBROM_IDX_LINEEDIT is never used on line 123 of file equates.inc
WARNING: Var SUBROM_IDX_LRSETST is never used on line 251 of file equates.inc
WARNING: Var SUBROM_IDX_PARSELN is never used on line 183 of file equates.inc
WARNING: Var SUBROM_IDX_PING is never used on line 44 of file equates.inc
WARNING: Var SUBROM_IDX_PLAY_PARSE is never used on line 120 of file equates.inc
WARNING: Var SUBROM_IDX_PU_TAIL is never used on line 83 of file equates.inc
WARNING: Var SUBROM_IDX_PU_TOFIELD is never used on line 82 of file equates.inc
WARNING: Var SUBROM_IDX_READVAL is never used on line 214 of file equates.inc
WARNING: Var SUBROM_IDX_SCANSTMT is never used on line 98 of file equates.inc
WARNING: Var SUBROM_IDX_STRHEAP is never used on line 73 of file equates.inc
WARNING: Var SUBROM_IDX_TITLE is never used on line 141 of file equates.inc
WARNING: Var SUBROM_IDX_TOKENISE is never used on line 45 of file equates.inc
WARNING: Var SUBSLOT is never used on line 3707 of file basic/sysvars.inc
WARNING: Var SUBSLOT_OK is never used on line 3708 of file basic/sysvars.inc
WARNING: Var SV_OP_BSV_CAS is never used on line 1285 of file basic/sysvars.inc
WARNING: Var SV_OP_BSV_DISK is never used on line 1284 of file basic/sysvars.inc
WARNING: Var SV_OP_SAV_CAS is never used on line 1287 of file basic/sysvars.inc
WARNING: Var SV_OP_SAV_DISK is never used on line 1286 of file basic/sysvars.inc
WARNING: Var SW_ADDR is never used on line 1374 of file basic/sysvars.inc
WARNING: Var SW_ADDR1 is never used on line 1376 of file basic/sysvars.inc
WARNING: Var SW_MODE is never used on line 1378 of file basic/sysvars.inc
WARNING: Var SW_TYPE is never used on line 1375 of file basic/sysvars.inc
WARNING: Var SW_TYPE1 is never used on line 1377 of file basic/sysvars.inc
WARNING: Var TOKBUFSZ is never used on line 894 of file basic/sysvars.inc
WARNING: Var TRACEFLAG is never used on line 1297 of file basic/sysvars.inc
WARNING: Var TRAPENA is never used on line 1225 of file basic/sysvars.inc
WARNING: Var TRAPPEND is never used on line 1229 of file basic/sysvars.inc
WARNING: Var TRAPSVC is never used on line 1235 of file basic/sysvars.inc
WARNING: Var TRAPS_T3 is never used on line 527 of file basic/sysvars.inc
WARNING: Var TRAPS_T4 is never used on line 535 of file basic/sysvars.inc
WARNING: Var TRAPS_T5 is never used on line 543 of file basic/sysvars.inc
WARNING: Var TRAP_FRAME is never used on line 3407 of file basic/sysvars.inc
WARNING: Var TXTTAB is never used on line 1988 of file basic/sysvars.inc
WARNING: Var USRTAB is never used on line 2204 of file basic/sysvars.inc
WARNING: Var VALTYP is never used on line 1461 of file basic/sysvars.inc
WARNING: Var VARTYPE is never used on line 3756 of file basic/sysvars.inc
WARNING: Var VCBC is never used on line 3017 of file basic/sysvars.inc
WARNING: Var VOICBQ is never used on line 3008 of file basic/sysvars.inc
WARNING: Var VOICCQ is never used on line 3009 of file basic/sysvars.inc
WARNING: Var VS_INT_VAL is never used on line 3764 of file basic/sysvars.inc
WARNING: Var VS_TARGET_TYPE is never used on line 3761 of file basic/sysvars.inc
WARNING: Var WIDIG is never used on line 3665 of file basic/sysvars.inc
WARNING: Var WRTVDP is never used on line 13 of file basic/sysvars.inc
WARNING: Var WSRC is never used on line 3679 of file basic/sysvars.inc
WARNING: Var WSRC_TYP is never used on line 3682 of file basic/sysvars.inc
WARNING: Var ZINTCNT is never used on line 1224 of file basic/sysvars.inc
WARNING: Var ZINTVAL is never used on line 1223 of file basic/sysvars.inc
WARNING: Var ZTI_INTERVAL is never used on line 1196 of file basic/sysvars.inc
WARNING: Var ZTI_KEY1 is never used on line 1200 of file basic/sysvars.inc
WARNING: Var ZTI_SPRITE is never used on line 1198 of file basic/sysvars.inc
WARNING: Var ZTI_STOP is never used on line 1197 of file basic/sysvars.inc
WARNING: Var ZTI_STRIG0 is never used on line 1199 of file basic/sysvars.inc
WARNING: Var ZTRAP is never used on line 1186 of file basic/sysvars.inc
WARNING: Var ZTRAP_ENTSZ is never used on line 1195 of file basic/sysvars.inc
WARNING: Var ZTRAP_NENT is never used on line 1201 of file basic/sysvars.inc
WARNING: Var ZTS_OFF is never used on line 1203 of file basic/sysvars.inc
WARNING: Var ZTS_ON is never used on line 1204 of file basic/sysvars.inc
WARNING: Var ZTS_PENDING is never used on line 1208 of file basic/sysvars.inc
WARNING: Var ZTS_SERVICING is never used on line 1206 of file basic/sysvars.inc
WARNING: Var ZTS_SHADOW is never used on line 1209 of file basic/sysvars.inc
WARNING: Var ZTS_STATE_MASK is never used on line 1207 of file basic/sysvars.inc
WARNING: Var ZTS_STOP is never used on line 1205 of file basic/sysvars.inc
WARNING: Var __MEAS_SUB_P0_END is never used on line 400 of file sub/sub.asm
WARNING: Var __MEAS_SUB_P1_END is never used on line 840 of file sub/sub.asm
WARNING: Var aal_ceil_try is never used on line 1213 of file arrays.asm
WARNING: Var cpt_at_c is never used on line 123 of file circleparse.asm
WARNING: Var cpt_at_start is never used on line 154 of file circleparse.asm
WARNING: Var fat_io_open is never used on line 26 of file basic/fatio-body.inc
WARNING: Var fmt_menu_text is never used on line 118 of file basic/format-body.inc
WARNING: Var fsqn_up_check is never used on line 573 of file fp_sqrt.asm
WARNING: Var g8_reprogram is never used on line 4116 of file graphics.asm
WARNING: Var graphics_selftest is never used on line 119 of file graphics.asm
WARNING: Var sap_ok is never used on line 1379 of file strheap.asm
WARNING: Var scv_ceil_try is never used on line 743 of file arrays.asm
WARNING: Var sg_walk_temps is never used on line 805 of file strheap.asm
WARNING: Var shf_fill is never used on line 1992 of file strheap.asm
WARNING: Var show_title is never used on line 23 of file ../basic/title-body.inc
WARNING: Var sub_p0_table is never used on line 130 of file sub/sub.asm
WARNING: Var sub_p1_table is never used on line 421 of file sub/sub.asm
WARNING: Var tcr_leadok is never used on line 783 of file tkfloat.asm
WARNING: Var tkf_cmp5 is never used on line 622 of file tkfloat.asm
WARNING: Var tnt_name_stamp is never used on line 76 of file dirverb.asm
python3 tools/pad_rom.py build/sub.rom 32768
build/sub.rom: 32768 bytes (exact -- the assembler wrote the whole image)
python3 tools/install-repack-machine.py --merged build/zerobas-main-eu.rom --disk-rom build/disk.rom \
	  --sub-rom build/sub.rom
wrote C-BIOS_MSX1_EU_REPACK_DISK  (-> machine "C-BIOS_MSX1_EU_REPACK_DISK": merged repack ROM in slot 0, zerobas-disk in slot 3-1, zerobas-sub in slot 3-2)
     /Users/joost/.openMSX/share/machines/C-BIOS_MSX1_EU_REPACK_DISK.xml
python3 tools/install-repack-machine.py --merged build/zerobas-main-eu.rom --sub-rom build/sub.rom \
	  --no-disk
wrote C-BIOS_MSX1_EU_REPACK_NODISK  (-> machine "C-BIOS_MSX1_EU_REPACK_NODISK": merged repack ROM in slot 0, slot 3-1 EMPTY (diskless target), zerobas-sub in slot 3-2)
     /Users/joost/.openMSX/share/machines/C-BIOS_MSX1_EU_REPACK_NODISK.xml
