== STOCK: 2838 slot calls, 2 s .. 12.6 s
  2.6905 RDSLT A=00 HL=4000 DE=FCC1 IY=FFFF IX=FFFF SP=F08E
  2.6907 RDSLT A=00 HL=4001 DE=E5E5 IY=FFFF IX=FFFF SP=F090
  2.6909 RDSLT A=00 HL=8000 DE=3FFE IY=FFFF IX=FFFF SP=F08E
  2.6910 RDSLT A=00 HL=8001 DE=FFFF IY=FFFF IX=FFFF SP=F090
  2.6913 RDSLT A=01 HL=4000 DE=FCC2 IY=FFFF IX=FFFF SP=F08E
  2.6914 RDSLT A=01 HL=4001 DE=FFFF IY=FFFF IX=FFFF SP=F090
  2.6916 RDSLT A=01 HL=8000 DE=3FFE IY=FFFF IX=FFFF SP=F08E
  2.6918 RDSLT A=01 HL=8001 DE=FFFF IY=FFFF IX=FFFF SP=F090
  2.6920 RDSLT A=02 HL=4000 DE=FCC3 IY=FFFF IX=FFFF SP=F08E
  2.6922 RDSLT A=02 HL=4001 DE=FFFF IY=FFFF IX=FFFF SP=F090
  2.6924 RDSLT A=02 HL=8000 DE=3FFE IY=FFFF IX=FFFF SP=F08E
  2.6926 RDSLT A=02 HL=8001 DE=FFFF IY=FFFF IX=FFFF SP=F090
  2.6928 RDSLT A=83 HL=4000 DE=FCC4 IY=FFFF IX=FFFF SP=F08E
  2.6932 RDSLT A=83 HL=4001 DE=FFFF IY=FFFF IX=FFFF SP=F090
  2.6937 RDSLT A=83 HL=8000 DE=3FFE IY=FFFF IX=FFFF SP=F08E
  2.6941 RDSLT A=83 HL=8001 DE=0000 IY=FFFF IX=FFFF SP=F090
  2.6946 RDSLT A=87 HL=4000 DE=000C IY=FFFF IX=FFFF SP=F08E
  2.6951 RDSLT A=87 HL=4001 DE=4141 IY=FFFF IX=FFFF SP=F090
  2.6955 RDSLT A=87 HL=4002 DE=4241 IY=FFFF IX=FFFF SP=F08E
  2.6959 RDSLT A=87 HL=4003 DE=6F6F IY=FFFF IX=FFFF SP=F090
  2.6963 CALSLT A=87 HL=4004 DE=576F IY=8728 IX=576F SP=F092
  6.9020 RDSLT A=87 HL=4004 DE=F1BF IY=0314 IX=F1BF SP=EEA3
  6.9024 RDSLT A=87 HL=4005 DE=7676 IY=0314 IX=F1BF SP=EEA5
  6.9028 RDSLT A=87 HL=4006 DE=6576 IY=0314 IX=F1BF SP=EEA3
  6.9032 RDSLT A=87 HL=4007 DE=0000 IY=0314 IX=F1BF SP=EEA5
  6.9036 RDSLT A=87 HL=4008 DE=0000 IY=0314 IX=F1BF SP=EEA3
  6.9040 RDSLT A=87 HL=4009 DE=0000 IY=0314 IX=F1BF SP=EEA5
  6.9045 RDSLT A=87 HL=8000 DE=3FFE IY=0314 IX=F1BF SP=EEA3
  6.9049 RDSLT A=87 HL=8001 DE=FFFF IY=0314 IX=F1BF SP=EEA5
  6.9054 RDSLT A=8B HL=4000 DE=000C IY=0314 IX=F1BF SP=EEA3
  6.9059 RDSLT A=8B HL=4001 DE=FFFF IY=0314 IX=F1BF SP=EEA5
  6.9063 RDSLT A=8B HL=8000 DE=3FFE IY=0314 IX=F1BF SP=EEA3
  6.9068 RDSLT A=8B HL=8001 DE=FFFF IY=0314 IX=F1BF SP=EEA5
  6.9073 RDSLT A=8F HL=4000 DE=000C IY=0314 IX=F1BF SP=EEA3
  6.9077 RDSLT A=8F HL=4001 DE=FFFF IY=0314 IX=F1BF SP=EEA5
  6.9082 RDSLT A=8F HL=8000 DE=3FFE IY=0314 IX=F1BF SP=EEA3
  6.9087 RDSLT A=8F HL=8001 DE=FFFF IY=0314 IX=F1BF SP=EEA5
  6.9100 CALLF A=00 HL=8003 DE=FCC5 IY=0314 IX=F1BF SP=EEAD
  6.9147 RDSLT A=00 HL=7D2F DE=DD81 IY=0314 IX=F1AA SP=DC9D
  6.9148 RDSLT A=00 HL=7D30 DE=FC6F IY=0314 IX=F1AA SP=DC9B
  6.9150 CALSLT A=00 HL=006F DE=6FA4 IY=0000 IX=006F SP=DC9D
  6.9152 CALLF A=9F HL=006F DE=0003 IY=0000 IX=006F SP=DC7B
  6.9239 CALLF A=9F HL=006F DE=0003 IY=0000 IX=006F SP=DC79
  6.9406 CALLF A=9F HL=006F DE=0003 IY=0000 IX=006F SP=DC7B
  6.9573 CALLF A=9F HL=006F DE=0003 IY=0000 IX=006F SP=DC7B
  6.9739 CALLF A=9F HL=006F DE=0003 IY=0000 IX=006F SP=DC7B
  6.9906 CALLF A=9F HL=006F DE=0003 IY=0000 IX=006F SP=DC7B
  7.0074 CALLF A=9F HL=006F DE=0003 IY=0000 IX=006F SP=DC7B
  7.0241 CALLF A=9F HL=006F DE=0003 IY=0000 IX=006F SP=DC7B
  7.0408 CALLF A=9F HL=006F DE=0003 IY=0000 IX=006F SP=DC7B
  7.0574 CALLF A=9F HL=006F DE=0003 IY=0000 IX=006F SP=DC7B
  7.0741 CALLF A=9F HL=006F DE=0003 IY=0000 IX=006F SP=DC7B
  7.0908 CALLF A=9F HL=006F DE=0003 IY=0000 IX=006F SP=DC7B
  7.1075 CALLF A=9F HL=006F DE=0003 IY=0000 IX=006F SP=DC7B
  7.1241 CALLF A=9F HL=006F DE=0003 IY=0000 IX=006F SP=DC7D
  7.1408 CALLF A=9F HL=006F DE=0003 IY=0000 IX=006F SP=DC7D
  7.1576 CALLF A=9F HL=006F DE=0003 IY=0000 IX=006F SP=DC7B
  7.1743 CALLF A=9F HL=006F DE=0003 IY=0000 IX=006F SP=DC7B
  7.1910 CALLF A=9F HL=006F DE=0003 IY=0000 IX=006F SP=DC7B
  7.2076 CALLF A=9F HL=006F DE=0003 IY=0000 IX=006F SP=DC7B
  7.2243 CALLF A=9F HL=006F DE=0003 IY=0000 IX=006F SP=DC7B
  7.2396 RDSLT A=00 HL=0010 DE=0000 IY=0000 IX=006F SP=DC95
  7.2397 WRSLT A=00 HL=0010 DE=FC3C IY=0000 IX=006F SP=DC93
  7.2398 RDSLT A=00 HL=0010 DE=FC3C IY=0000 IX=006F SP=DC93
  7.2400 WRSLT A=00 HL=0010 DE=FCC3 IY=0000 IX=006F SP=DC93
  7.2401 RDSLT A=01 HL=0010 DE=FCC3 IY=0000 IX=006F SP=DC95
  7.2402 WRSLT A=01 HL=0010 DE=FC00 IY=0000 IX=006F SP=DC93
  7.2404 RDSLT A=01 HL=0010 DE=FC00 IY=0000 IX=006F SP=DC93
  7.2405 WRSLT A=01 HL=0010 DE=FCFF IY=0000 IX=006F SP=DC93
  7.2406 RDSLT A=02 HL=0010 DE=FCFF IY=0000 IX=006F SP=DC95
  7.2408 WRSLT A=02 HL=0010 DE=FC00 IY=0000 IX=006F SP=DC93
  7.2409 RDSLT A=02 HL=0010 DE=FC00 IY=0000 IX=006F SP=DC93
  7.2410 WRSLT A=02 HL=0010 DE=FCFF IY=0000 IX=006F SP=DC93
  7.2412 RDSLT A=83 HL=0010 DE=FCFF IY=0000 IX=006F SP=DC95
  7.2416 WRSLT A=83 HL=0010 DE=FC00 IY=0000 IX=006F SP=DC93
  7.2420 RDSLT A=83 HL=0010 DE=FC00 IY=0000 IX=006F SP=DC93
  7.2424 WRSLT A=83 HL=0010 DE=FCFF IY=0000 IX=006F SP=DC93
  7.2427 RDSLT A=83 HL=000F DE=FCFF IY=0000 IX=006F SP=DC95
  7.2431 WRSLT A=83 HL=000F DE=FC00 IY=0000 IX=006F SP=DC93
  7.2435 RDSLT A=83 HL=000F DE=FC00 IY=0000 IX=006F SP=DC93
  7.2439 WRSLT A=83 HL=000F DE=FCFF IY=0000 IX=006F SP=DC93
  7.2443 RDSLT A=83 HL=000E DE=FCFF IY=0000 IX=006F SP=DC95
  7.2447 WRSLT A=83 HL=000E DE=FC00 IY=0000 IX=006F SP=DC93
  7.2450 RDSLT A=83 HL=000E DE=FC00 IY=0000 IX=006F SP=DC93
  7.2454 WRSLT A=83 HL=000E DE=FCFF IY=0000 IX=006F SP=DC93
  7.2458 RDSLT A=83 HL=000D DE=FCFF IY=0000 IX=006F SP=DC95
  7.2462 WRSLT A=83 HL=000D DE=FC00 IY=0000 IX=006F SP=DC93
  7.2466 RDSLT A=83 HL=000D DE=FC00 IY=0000 IX=006F SP=DC93
  7.2470 WRSLT A=83 HL=000D DE=FCFF IY=0000 IX=006F SP=DC93
  7.2474 RDSLT A=83 HL=000C DE=FCFF IY=0000 IX=006F SP=DC95
  7.2477 WRSLT A=83 HL=000C DE=FC00 IY=0000 IX=006F SP=DC93
  7.2481 RDSLT A=83 HL=000C DE=FC00 IY=0000 IX=006F SP=DC93
  7.2485 WRSLT A=83 HL=000C DE=FCFF IY=0000 IX=006F SP=DC93
  7.2489 RDSLT A=83 HL=000B DE=FCFF IY=0000 IX=006F SP=DC95
  7.2493 WRSLT A=83 HL=000B DE=FC00 IY=0000 IX=006F SP=DC93
  7.2497 RDSLT A=83 HL=000B DE=FC00 IY=0000 IX=006F SP=DC93
  7.2500 WRSLT A=83 HL=000B DE=FCFF IY=0000 IX=006F SP=DC93
  7.2504 RDSLT A=83 HL=000A DE=FCFF IY=0000 IX=006F SP=DC95
  7.2508 WRSLT A=83 HL=000A DE=FC00 IY=0000 IX=006F SP=DC93
  7.2512 RDSLT A=83 HL=000A DE=FC00 IY=0000 IX=006F SP=DC93
  7.2516 WRSLT A=83 HL=000A DE=FCFF IY=0000 IX=006F SP=DC93
  7.2520 RDSLT A=83 HL=0009 DE=FCFF IY=0000 IX=006F SP=DC95
  7.2524 WRSLT A=83 HL=0009 DE=FC00 IY=0000 IX=006F SP=DC93
  7.2527 RDSLT A=83 HL=0009 DE=FC00 IY=0000 IX=006F SP=DC93
  7.2531 WRSLT A=83 HL=0009 DE=FCFF IY=0000 IX=006F SP=DC93
  7.2535 RDSLT A=83 HL=0008 DE=FCFF IY=0000 IX=006F SP=DC95
  7.2539 WRSLT A=83 HL=0008 DE=FC00 IY=0000 IX=006F SP=DC93
  7.2543 RDSLT A=83 HL=0008 DE=FC00 IY=0000 IX=006F SP=DC93
  7.2547 WRSLT A=83 HL=0008 DE=FCFF IY=0000 IX=006F SP=DC93
  7.2551 RDSLT A=83 HL=0007 DE=FCFF IY=0000 IX=006F SP=DC95
  7.2554 WRSLT A=83 HL=0007 DE=FC00 IY=0000 IX=006F SP=DC93
  7.2558 RDSLT A=83 HL=0007 DE=FC00 IY=0000 IX=006F SP=DC93
  7.2562 WRSLT A=83 HL=0007 DE=FCFF IY=0000 IX=006F SP=DC93
  7.2566 RDSLT A=83 HL=0006 DE=FCFF IY=0000 IX=006F SP=DC95
  7.2570 WRSLT A=83 HL=0006 DE=FC00 IY=0000 IX=006F SP=DC93
  7.2574 RDSLT A=83 HL=0006 DE=FC00 IY=0000 IX=006F SP=DC93
  7.2577 WRSLT A=83 HL=0006 DE=FCFF IY=0000 IX=006F SP=DC93
  7.2581 RDSLT A=83 HL=0005 DE=FCFF IY=0000 IX=006F SP=DC95
  7.2585 WRSLT A=83 HL=0005 DE=FC00 IY=0000 IX=006F SP=DC93
  7.2589 RDSLT A=83 HL=0005 DE=FC00 IY=0000 IX=006F SP=DC93
  7.2593 WRSLT A=83 HL=0005 DE=FCFF IY=0000 IX=006F SP=DC93
  7.2597 RDSLT A=83 HL=0004 DE=FCFF IY=0000 IX=006F SP=DC95
  7.2601 WRSLT A=83 HL=0004 DE=FC00 IY=0000 IX=006F SP=DC93
  7.2604 RDSLT A=83 HL=0004 DE=FC00 IY=0000 IX=006F SP=DC93
  7.2608 WRSLT A=83 HL=0004 DE=FCFF IY=0000 IX=006F SP=DC93
  7.2612 RDSLT A=83 HL=0003 DE=FCFF IY=0000 IX=006F SP=DC95
  7.2616 WRSLT A=83 HL=0003 DE=FC00 IY=0000 IX=006F SP=DC93
  7.2620 RDSLT A=83 HL=0003 DE=FC00 IY=0000 IX=006F SP=DC93
  7.2624 WRSLT A=83 HL=0003 DE=FCFF IY=0000 IX=006F SP=DC93
  7.2628 RDSLT A=83 HL=0002 DE=FCFF IY=0000 IX=006F SP=DC95
  7.2631 WRSLT A=83 HL=0002 DE=FC00 IY=0000 IX=006F SP=DC93
  7.2635 RDSLT A=83 HL=0002 DE=FC00 IY=0000 IX=006F SP=DC93
  7.2639 WRSLT A=83 HL=0002 DE=FCFF IY=0000 IX=006F SP=DC93
  7.2643 RDSLT A=83 HL=0001 DE=FCFF IY=0000 IX=006F SP=DC95
  7.2647 WRSLT A=83 HL=0001 DE=FC00 IY=0000 IX=006F SP=DC93
  7.2651 RDSLT A=83 HL=0001 DE=FC00 IY=0000 IX=006F SP=DC93
  7.2654 WRSLT A=83 HL=0001 DE=FCFF IY=0000 IX=006F SP=DC93
  7.2658 RDSLT A=83 HL=0410 DE=FCFF IY=0000 IX=006F SP=DC95
  7.2662 WRSLT A=83 HL=0410 DE=FC00 IY=0000 IX=006F SP=DC93
  7.2666 RDSLT A=83 HL=0410 DE=FC00 IY=0000 IX=006F SP=DC93
  7.2670 WRSLT A=83 HL=0410 DE=FCFF IY=0000 IX=006F SP=DC93
  7.2674 RDSLT A=83 HL=040F DE=FCFF IY=0000 IX=006F SP=DC95
  7.2678 WRSLT A=83 HL=040F DE=FC00 IY=0000 IX=006F SP=DC93
  7.2682 RDSLT A=83 HL=040F DE=FC00 IY=0000 IX=006F SP=DC93
  7.2685 WRSLT A=83 HL=040F DE=FCFF IY=0000 IX=006F SP=DC93
  7.2689 RDSLT A=83 HL=040E DE=FCFF IY=0000 IX=006F SP=DC95
  7.2693 WRSLT A=83 HL=040E DE=FC00 IY=0000 IX=006F SP=DC93
  7.2697 RDSLT A=83 HL=040E DE=FC00 IY=0000 IX=006F SP=DC93
  7.2701 WRSLT A=83 HL=040E DE=FCFF IY=0000 IX=006F SP=DC93
  7.2705 RDSLT A=83 HL=040D DE=FCFF IY=0000 IX=006F SP=DC95
  7.2708 WRSLT A=83 HL=040D DE=FC00 IY=0000 IX=006F SP=DC93
  7.2712 RDSLT A=83 HL=040D DE=FC00 IY=0000 IX=006F SP=DC93
  7.2716 WRSLT A=83 HL=040D DE=FCFF IY=0000 IX=006F SP=DC93
  7.2720 RDSLT A=83 HL=040C DE=FCFF IY=0000 IX=006F SP=DC95
  7.2724 WRSLT A=83 HL=040C DE=FC00 IY=0000 IX=006F SP=DC93
  7.2728 RDSLT A=83 HL=040C DE=FC00 IY=0000 IX=006F SP=DC93
  7.2732 WRSLT A=83 HL=040C DE=FCFF IY=0000 IX=006F SP=DC93
  7.2735 RDSLT A=83 HL=040B DE=FCFF IY=0000 IX=006F SP=DC95
  7.2739 WRSLT A=83 HL=040B DE=FC00 IY=0000 IX=006F SP=DC93
  7.2743 RDSLT A=83 HL=040B DE=FC00 IY=0000 IX=006F SP=DC93
  7.2747 WRSLT A=83 HL=040B DE=FCFF IY=0000 IX=006F SP=DC93
  7.2751 RDSLT A=83 HL=040A DE=FCFF IY=0000 IX=006F SP=DC95
  7.2755 WRSLT A=83 HL=040A DE=FC00 IY=0000 IX=006F SP=DC93
  7.2758 RDSLT A=83 HL=040A DE=FC00 IY=0000 IX=006F SP=DC93
  7.2762 WRSLT A=83 HL=040A DE=FCFF IY=0000 IX=006F SP=DC93
  7.2766 RDSLT A=83 HL=0409 DE=FCFF IY=0000 IX=006F SP=DC95
  7.2770 WRSLT A=83 HL=0409 DE=FC00 IY=0000 IX=006F SP=DC93
  7.2774 RDSLT A=83 HL=0409 DE=FC00 IY=0000 IX=006F SP=DC93
  7.2778 WRSLT A=83 HL=0409 DE=FCFF IY=0000 IX=006F SP=DC93
  7.2782 RDSLT A=83 HL=0408 DE=FCFF IY=0000 IX=006F SP=DC95
  7.2785 WRSLT A=83 HL=0408 DE=FC00 IY=0000 IX=006F SP=DC93
  7.2789 RDSLT A=83 HL=0408 DE=FC00 IY=0000 IX=006F SP=DC93
  7.2793 WRSLT A=83 HL=0408 DE=FCFF IY=0000 IX=006F SP=DC93
  7.2797 RDSLT A=83 HL=0407 DE=FCFF IY=0000 IX=006F SP=DC95
  7.2801 WRSLT A=83 HL=0407 DE=FC00 IY=0000 IX=006F SP=DC93
  7.2805 RDSLT A=83 HL=0407 DE=FC00 IY=0000 IX=006F SP=DC93
  7.2808 WRSLT A=83 HL=0407 DE=FCFF IY=0000 IX=006F SP=DC93
  7.2812 RDSLT A=83 HL=0406 DE=FCFF IY=0000 IX=006F SP=DC95
  7.2816 WRSLT A=83 HL=0406 DE=FC00 IY=0000 IX=006F SP=DC93
  7.2820 RDSLT A=83 HL=0406 DE=FC00 IY=0000 IX=006F SP=DC93
  7.2824 WRSLT A=83 HL=0406 DE=FCFF IY=0000 IX=006F SP=DC93
  7.2828 RDSLT A=83 HL=0405 DE=FCFF IY=0000 IX=006F SP=DC95
  7.2832 WRSLT A=83 HL=0405 DE=FC00 IY=0000 IX=006F SP=DC93
  7.2835 RDSLT A=83 HL=0405 DE=FC00 IY=0000 IX=006F SP=DC93
  7.2839 WRSLT A=83 HL=0405 DE=FCFF IY=0000 IX=006F SP=DC93
  7.2843 RDSLT A=83 HL=0404 DE=FCFF IY=0000 IX=006F SP=DC95
  7.2847 WRSLT A=83 HL=0404 DE=FC00 IY=0000 IX=006F SP=DC93
  7.2851 RDSLT A=83 HL=0404 DE=FC00 IY=0000 IX=006F SP=DC93
  7.2855 WRSLT A=83 HL=0404 DE=FCFF IY=0000 IX=006F SP=DC93
  7.2859 RDSLT A=83 HL=0403 DE=FCFF IY=0000 IX=006F SP=DC95
  7.2862 WRSLT A=83 HL=0403 DE=FC00 IY=0000 IX=006F SP=DC93
  7.2866 RDSLT A=83 HL=0403 DE=FC00 IY=0000 IX=006F SP=DC93
  7.2870 WRSLT A=83 HL=0403 DE=FCFF IY=0000 IX=006F SP=DC93
  7.2874 RDSLT A=83 HL=0402 DE=FCFF IY=0000 IX=006F SP=DC95
  7.2878 WRSLT A=83 HL=0402 DE=FC00 IY=0000 IX=006F SP=DC93
  7.2882 RDSLT A=83 HL=0402 DE=FC00 IY=0000 IX=006F SP=DC93
  7.2885 WRSLT A=83 HL=0402 DE=FCFF IY=0000 IX=006F SP=DC93
  7.2889 RDSLT A=83 HL=0401 DE=FCFF IY=0000 IX=006F SP=DC95
  7.2893 WRSLT A=83 HL=0401 DE=FC00 IY=0000 IX=006F SP=DC93
  7.2897 RDSLT A=83 HL=0401 DE=FC00 IY=0000 IX=006F SP=DC93
  7.2901 WRSLT A=83 HL=0401 DE=FCFF IY=0000 IX=006F SP=DC93
  7.2905 RDSLT A=83 HL=0810 DE=FCFF IY=0000 IX=006F SP=DC95
  7.2909 WRSLT A=83 HL=0810 DE=FC00 IY=0000 IX=006F SP=DC93
  7.2913 RDSLT A=83 HL=0810 DE=FC00 IY=0000 IX=006F SP=DC93
  7.2916 WRSLT A=83 HL=0810 DE=FCFF IY=0000 IX=006F SP=DC93
  7.2920 RDSLT A=83 HL=080F DE=FCFF IY=0000 IX=006F SP=DC95
  7.2924 WRSLT A=83 HL=080F DE=FC00 IY=0000 IX=006F SP=DC93
  7.2928 RDSLT A=83 HL=080F DE=FC00 IY=0000 IX=006F SP=DC93
  7.2932 WRSLT A=83 HL=080F DE=FCFF IY=0000 IX=006F SP=DC93
  7.2936 RDSLT A=83 HL=080E DE=FCFF IY=0000 IX=006F SP=DC95
  7.2940 WRSLT A=83 HL=080E DE=FC00 IY=0000 IX=006F SP=DC93
  7.2943 RDSLT A=83 HL=080E DE=FC00 IY=0000 IX=006F SP=DC93
  7.2947 WRSLT A=83 HL=080E DE=FCFF IY=0000 IX=006F SP=DC93
  7.2951 RDSLT A=83 HL=080D DE=FCFF IY=0000 IX=006F SP=DC95
  7.2955 WRSLT A=83 HL=080D DE=FC00 IY=0000 IX=006F SP=DC93
  7.2959 RDSLT A=83 HL=080D DE=FC00 IY=0000 IX=006F SP=DC93
  7.2963 WRSLT A=83 HL=080D DE=FCFF IY=0000 IX=006F SP=DC93
  7.2967 RDSLT A=83 HL=080C DE=FCFF IY=0000 IX=006F SP=DC95
  7.2970 WRSLT A=83 HL=080C DE=FC00 IY=0000 IX=006F SP=DC93
  7.2974 RDSLT A=83 HL=080C DE=FC00 IY=0000 IX=006F SP=DC93
  7.2978 WRSLT A=83 HL=080C DE=FCFF IY=0000 IX=006F SP=DC93
  7.2982 RDSLT A=83 HL=080B DE=FCFF IY=0000 IX=006F SP=DC95
  7.2986 WRSLT A=83 HL=080B DE=FC00 IY=0000 IX=006F SP=DC93
  7.2990 RDSLT A=83 HL=080B DE=FC00 IY=0000 IX=006F SP=DC93
  7.2993 WRSLT A=83 HL=080B DE=FCFF IY=0000 IX=006F SP=DC93
  7.2997 RDSLT A=83 HL=080A DE=FCFF IY=0000 IX=006F SP=DC95
  7.3001 WRSLT A=83 HL=080A DE=FC00 IY=0000 IX=006F SP=DC93
  7.3005 RDSLT A=83 HL=080A DE=FC00 IY=0000 IX=006F SP=DC93
  7.3009 WRSLT A=83 HL=080A DE=FCFF IY=0000 IX=006F SP=DC93
  7.3013 RDSLT A=83 HL=0809 DE=FCFF IY=0000 IX=006F SP=DC95
  7.3016 WRSLT A=83 HL=0809 DE=FC00 IY=0000 IX=006F SP=DC93
  7.3020 RDSLT A=83 HL=0809 DE=FC00 IY=0000 IX=006F SP=DC93
  7.3024 WRSLT A=83 HL=0809 DE=FCFF IY=0000 IX=006F SP=DC93
  7.3028 RDSLT A=83 HL=0808 DE=FCFF IY=0000 IX=006F SP=DC95
  7.3032 WRSLT A=83 HL=0808 DE=FC00 IY=0000 IX=006F SP=DC93
  7.3036 RDSLT A=83 HL=0808 DE=FC00 IY=0000 IX=006F SP=DC93
  7.3040 WRSLT A=83 HL=0808 DE=FCFF IY=0000 IX=006F SP=DC93
  7.3043 RDSLT A=83 HL=0807 DE=FCFF IY=0000 IX=006F SP=DC95
  7.3047 WRSLT A=83 HL=0807 DE=FC00 IY=0000 IX=006F SP=DC93
  7.3051 RDSLT A=83 HL=0807 DE=FC00 IY=0000 IX=006F SP=DC93
  7.3055 WRSLT A=83 HL=0807 DE=FCFF IY=0000 IX=006F SP=DC93
  7.3059 RDSLT A=83 HL=0806 DE=FCFF IY=0000 IX=006F SP=DC95
  7.3063 WRSLT A=83 HL=0806 DE=FC00 IY=0000 IX=006F SP=DC93
  7.3066 RDSLT A=83 HL=0806 DE=FC00 IY=0000 IX=006F SP=DC93
  7.3070 WRSLT A=83 HL=0806 DE=FCFF IY=0000 IX=006F SP=DC93
  7.3074 RDSLT A=83 HL=0805 DE=FCFF IY=0000 IX=006F SP=DC95
  7.3078 WRSLT A=83 HL=0805 DE=FC00 IY=0000 IX=006F SP=DC93
  7.3082 RDSLT A=83 HL=0805 DE=FC00 IY=0000 IX=006F SP=DC93
  7.3086 WRSLT A=83 HL=0805 DE=FCFF IY=0000 IX=006F SP=DC93
  7.3090 RDSLT A=83 HL=0804 DE=FCFF IY=0000 IX=006F SP=DC95
  7.3093 WRSLT A=83 HL=0804 DE=FC00 IY=0000 IX=006F SP=DC93
  7.3097 RDSLT A=83 HL=0804 DE=FC00 IY=0000 IX=006F SP=DC93
  7.3101 WRSLT A=83 HL=0804 DE=FCFF IY=0000 IX=006F SP=DC93
  7.3105 RDSLT A=83 HL=0803 DE=FCFF IY=0000 IX=006F SP=DC95
  7.3109 WRSLT A=83 HL=0803 DE=FC00 IY=0000 IX=006F SP=DC93
  7.3113 RDSLT A=83 HL=0803 DE=FC00 IY=0000 IX=006F SP=DC93
  7.3117 WRSLT A=83 HL=0803 DE=FCFF IY=0000 IX=006F SP=DC93
  7.3120 RDSLT A=83 HL=0802 DE=FCFF IY=0000 IX=006F SP=DC95
  7.3124 WRSLT A=83 HL=0802 DE=FC00 IY=0000 IX=006F SP=DC93
  7.3128 RDSLT A=83 HL=0802 DE=FC00 IY=0000 IX=006F SP=DC93
  7.3132 WRSLT A=83 HL=0802 DE=FCFF IY=0000 IX=006F SP=DC93
  7.3136 RDSLT A=83 HL=0801 DE=FCFF IY=0000 IX=006F SP=DC95
  7.3140 WRSLT A=83 HL=0801 DE=FC00 IY=0000 IX=006F SP=DC93
  7.3143 RDSLT A=83 HL=0801 DE=FC00 IY=0000 IX=006F SP=DC93
  7.3147 WRSLT A=83 HL=0801 DE=FCFF IY=0000 IX=006F SP=DC93
  7.3151 RDSLT A=83 HL=0C10 DE=FCFF IY=0000 IX=006F SP=DC95
  7.3155 WRSLT A=83 HL=0C10 DE=FC00 IY=0000 IX=006F SP=DC93
  7.3159 RDSLT A=83 HL=0C10 DE=FC00 IY=0000 IX=006F SP=DC93
  7.3163 WRSLT A=83 HL=0C10 DE=FCFF IY=0000 IX=006F SP=DC93
  7.3167 RDSLT A=83 HL=0C0F DE=FCFF IY=0000 IX=006F SP=DC95
  7.3171 WRSLT A=83 HL=0C0F DE=FC00 IY=0000 IX=006F SP=DC93
  7.3174 RDSLT A=83 HL=0C0F DE=FC00 IY=0000 IX=006F SP=DC93
  7.3178 WRSLT A=83 HL=0C0F DE=FCFF IY=0000 IX=006F SP=DC93
  7.3182 RDSLT A=83 HL=0C0E DE=FCFF IY=0000 IX=006F SP=DC95
  7.3186 WRSLT A=83 HL=0C0E DE=FC00 IY=0000 IX=006F SP=DC93
  7.3190 RDSLT A=83 HL=0C0E DE=FC00 IY=0000 IX=006F SP=DC93
  7.3194 WRSLT A=83 HL=0C0E DE=FCFF IY=0000 IX=006F SP=DC93
  7.3198 RDSLT A=83 HL=0C0D DE=FCFF IY=0000 IX=006F SP=DC95
  7.3201 WRSLT A=83 HL=0C0D DE=FC00 IY=0000 IX=006F SP=DC93
  7.3205 RDSLT A=83 HL=0C0D DE=FC00 IY=0000 IX=006F SP=DC93
  7.3209 WRSLT A=83 HL=0C0D DE=FCFF IY=0000 IX=006F SP=DC93
  7.3213 RDSLT A=83 HL=0C0C DE=FCFF IY=0000 IX=006F SP=DC95
  7.3217 WRSLT A=83 HL=0C0C DE=FC00 IY=0000 IX=006F SP=DC93
  7.3221 RDSLT A=83 HL=0C0C DE=FC00 IY=0000 IX=006F SP=DC93
  7.3224 WRSLT A=83 HL=0C0C DE=FCFF IY=0000 IX=006F SP=DC93
  7.3228 RDSLT A=83 HL=0C0B DE=FCFF IY=0000 IX=006F SP=DC95
  7.3232 WRSLT A=83 HL=0C0B DE=FC00 IY=0000 IX=006F SP=DC93
  7.3236 RDSLT A=83 HL=0C0B DE=FC00 IY=0000 IX=006F SP=DC93
  7.3240 WRSLT A=83 HL=0C0B DE=FCFF IY=0000 IX=006F SP=DC93
  7.3244 RDSLT A=83 HL=0C0A DE=FCFF IY=0000 IX=006F SP=DC95
  7.3248 WRSLT A=83 HL=0C0A DE=FC00 IY=0000 IX=006F SP=DC93
  7.3251 RDSLT A=83 HL=0C0A DE=FC00 IY=0000 IX=006F SP=DC93
  7.3255 WRSLT A=83 HL=0C0A DE=FCFF IY=0000 IX=006F SP=DC93
  7.3259 RDSLT A=83 HL=0C09 DE=FCFF IY=0000 IX=006F SP=DC95
  7.3263 WRSLT A=83 HL=0C09 DE=FC00 IY=0000 IX=006F SP=DC93
  7.3267 RDSLT A=83 HL=0C09 DE=FC00 IY=0000 IX=006F SP=DC93
  7.3271 WRSLT A=83 HL=0C09 DE=FCFF IY=0000 IX=006F SP=DC93
  7.3275 RDSLT A=83 HL=0C08 DE=FCFF IY=0000 IX=006F SP=DC95
  7.3278 WRSLT A=83 HL=0C08 DE=FC00 IY=0000 IX=006F SP=DC93
  7.3282 RDSLT A=83 HL=0C08 DE=FC00 IY=0000 IX=006F SP=DC93
  7.3286 WRSLT A=83 HL=0C08 DE=FCFF IY=0000 IX=006F SP=DC93
  7.3290 RDSLT A=83 HL=0C07 DE=FCFF IY=0000 IX=006F SP=DC95
  7.3294 WRSLT A=83 HL=0C07 DE=FC00 IY=0000 IX=006F SP=DC93
  7.3298 RDSLT A=83 HL=0C07 DE=FC00 IY=0000 IX=006F SP=DC93
  7.3301 WRSLT A=83 HL=0C07 DE=FCFF IY=0000 IX=006F SP=DC93
  7.3305 RDSLT A=83 HL=0C06 DE=FCFF IY=0000 IX=006F SP=DC95
  7.3309 WRSLT A=83 HL=0C06 DE=FC00 IY=0000 IX=006F SP=DC93
  7.3313 RDSLT A=83 HL=0C06 DE=FC00 IY=0000 IX=006F SP=DC93
  7.3317 WRSLT A=83 HL=0C06 DE=FCFF IY=0000 IX=006F SP=DC93
  7.3321 RDSLT A=83 HL=0C05 DE=FCFF IY=0000 IX=006F SP=DC95
  7.3324 WRSLT A=83 HL=0C05 DE=FC00 IY=0000 IX=006F SP=DC93
  7.3328 RDSLT A=83 HL=0C05 DE=FC00 IY=0000 IX=006F SP=DC93
  7.3332 WRSLT A=83 HL=0C05 DE=FCFF IY=0000 IX=006F SP=DC93
  7.3336 RDSLT A=83 HL=0C04 DE=FCFF IY=0000 IX=006F SP=DC95
  7.3340 WRSLT A=83 HL=0C04 DE=FC00 IY=0000 IX=006F SP=DC93
  7.3344 RDSLT A=83 HL=0C04 DE=FC00 IY=0000 IX=006F SP=DC93
  7.3348 WRSLT A=83 HL=0C04 DE=FCFF IY=0000 IX=006F SP=DC93
  7.3351 RDSLT A=83 HL=0C03 DE=FCFF IY=0000 IX=006F SP=DC95
  7.3355 WRSLT A=83 HL=0C03 DE=FC00 IY=0000 IX=006F SP=DC93
  7.3359 RDSLT A=83 HL=0C03 DE=FC00 IY=0000 IX=006F SP=DC93
  7.3363 WRSLT A=83 HL=0C03 DE=FCFF IY=0000 IX=006F SP=DC93
  7.3367 RDSLT A=83 HL=0C02 DE=FCFF IY=0000 IX=006F SP=DC95
  7.3371 WRSLT A=83 HL=0C02 DE=FC00 IY=0000 IX=006F SP=DC93
  7.3374 RDSLT A=83 HL=0C02 DE=FC00 IY=0000 IX=006F SP=DC93
  7.3378 WRSLT A=83 HL=0C02 DE=FCFF IY=0000 IX=006F SP=DC93
  7.3382 RDSLT A=83 HL=0C01 DE=FCFF IY=0000 IX=006F SP=DC95
  7.3386 WRSLT A=83 HL=0C01 DE=FC00 IY=0000 IX=006F SP=DC93
  7.3390 RDSLT A=83 HL=0C01 DE=FC00 IY=0000 IX=006F SP=DC93
  7.3394 WRSLT A=83 HL=0C01 DE=FCFF IY=0000 IX=006F SP=DC93
  7.3398 RDSLT A=83 HL=1010 DE=FCFF IY=0000 IX=006F SP=DC95
  7.3402 WRSLT A=83 HL=1010 DE=FC00 IY=0000 IX=006F SP=DC93
  7.3405 RDSLT A=83 HL=1010 DE=FC00 IY=0000 IX=006F SP=DC93
  7.3409 WRSLT A=83 HL=1010 DE=FCFF IY=0000 IX=006F SP=DC93
  7.3413 RDSLT A=83 HL=100F DE=FCFF IY=0000 IX=006F SP=DC95
  7.3417 WRSLT A=83 HL=100F DE=FC00 IY=0000 IX=006F SP=DC93
  7.3421 RDSLT A=83 HL=100F DE=FC00 IY=0000 IX=006F SP=DC93
  7.3425 WRSLT A=83 HL=100F DE=FCFF IY=0000 IX=006F SP=DC93
  7.3429 RDSLT A=83 HL=100E DE=FCFF IY=0000 IX=006F SP=DC95
  7.3432 WRSLT A=83 HL=100E DE=FC00 IY=0000 IX=006F SP=DC93
  7.3436 RDSLT A=83 HL=100E DE=FC00 IY=0000 IX=006F SP=DC93
  7.3440 WRSLT A=83 HL=100E DE=FCFF IY=0000 IX=006F SP=DC93
  7.3444 RDSLT A=83 HL=100D DE=FCFF IY=0000 IX=006F SP=DC95
  7.3448 WRSLT A=83 HL=100D DE=FC00 IY=0000 IX=006F SP=DC93
  7.3452 RDSLT A=83 HL=100D DE=FC00 IY=0000 IX=006F SP=DC93
  7.3456 WRSLT A=83 HL=100D DE=FCFF IY=0000 IX=006F SP=DC93
  7.3459 RDSLT A=83 HL=100C DE=FCFF IY=0000 IX=006F SP=DC95
  7.3463 WRSLT A=83 HL=100C DE=FC00 IY=0000 IX=006F SP=DC93
  7.3467 RDSLT A=83 HL=100C DE=FC00 IY=0000 IX=006F SP=DC93
  7.3471 WRSLT A=83 HL=100C DE=FCFF IY=0000 IX=006F SP=DC93
  7.3475 RDSLT A=83 HL=100B DE=FCFF IY=0000 IX=006F SP=DC95
  7.3479 WRSLT A=83 HL=100B DE=FC00 IY=0000 IX=006F SP=DC93
  7.3482 RDSLT A=83 HL=100B DE=FC00 IY=0000 IX=006F SP=DC93
  7.3486 WRSLT A=83 HL=100B DE=FCFF IY=0000 IX=006F SP=DC93
  7.3490 RDSLT A=83 HL=100A DE=FCFF IY=0000 IX=006F SP=DC95
  7.3494 WRSLT A=83 HL=100A DE=FC00 IY=0000 IX=006F SP=DC93
  7.3498 RDSLT A=83 HL=100A DE=FC00 IY=0000 IX=006F SP=DC93
  7.3502 WRSLT A=83 HL=100A DE=FCFF IY=0000 IX=006F SP=DC93
  7.3506 RDSLT A=83 HL=1009 DE=FCFF IY=0000 IX=006F SP=DC95
  7.3509 WRSLT A=83 HL=1009 DE=FC00 IY=0000 IX=006F SP=DC93
  7.3513 RDSLT A=83 HL=1009 DE=FC00 IY=0000 IX=006F SP=DC93
  7.3517 WRSLT A=83 HL=1009 DE=FCFF IY=0000 IX=006F SP=DC93
  7.3521 RDSLT A=83 HL=1008 DE=FCFF IY=0000 IX=006F SP=DC95
  7.3525 WRSLT A=83 HL=1008 DE=FC00 IY=0000 IX=006F SP=DC93
  7.3529 RDSLT A=83 HL=1008 DE=FC00 IY=0000 IX=006F SP=DC93
  7.3532 WRSLT A=83 HL=1008 DE=FCFF IY=0000 IX=006F SP=DC93
  7.3536 RDSLT A=83 HL=1007 DE=FCFF IY=0000 IX=006F SP=DC95
  7.3540 WRSLT A=83 HL=1007 DE=FC00 IY=0000 IX=006F SP=DC93
  7.3544 RDSLT A=83 HL=1007 DE=FC00 IY=0000 IX=006F SP=DC93
  7.3548 WRSLT A=83 HL=1007 DE=FCFF IY=0000 IX=006F SP=DC93
  7.3552 RDSLT A=83 HL=1006 DE=FCFF IY=0000 IX=006F SP=DC95
  7.3556 WRSLT A=83 HL=1006 DE=FC00 IY=0000 IX=006F SP=DC93
  7.3559 RDSLT A=83 HL=1006 DE=FC00 IY=0000 IX=006F SP=DC93
  7.3563 WRSLT A=83 HL=1006 DE=FCFF IY=0000 IX=006F SP=DC93
  7.3567 RDSLT A=83 HL=1005 DE=FCFF IY=0000 IX=006F SP=DC95
  7.3571 WRSLT A=83 HL=1005 DE=FC00 IY=0000 IX=006F SP=DC93
  7.3575 RDSLT A=83 HL=1005 DE=FC00 IY=0000 IX=006F SP=DC93
  7.3579 WRSLT A=83 HL=1005 DE=FCFF IY=0000 IX=006F SP=DC93
  7.3583 RDSLT A=83 HL=1004 DE=FCFF IY=0000 IX=006F SP=DC95
  7.3586 WRSLT A=83 HL=1004 DE=FC00 IY=0000 IX=006F SP=DC93
  7.3590 RDSLT A=83 HL=1004 DE=FC00 IY=0000 IX=006F SP=DC93
  7.3594 WRSLT A=83 HL=1004 DE=FCFF IY=0000 IX=006F SP=DC93
  7.3598 RDSLT A=83 HL=1003 DE=FCFF IY=0000 IX=006F SP=DC95
  7.3602 WRSLT A=83 HL=1003 DE=FC00 IY=0000 IX=006F SP=DC93
  7.3606 RDSLT A=83 HL=1003 DE=FC00 IY=0000 IX=006F SP=DC93
  7.3609 WRSLT A=83 HL=1003 DE=FCFF IY=0000 IX=006F SP=DC93
  7.3613 RDSLT A=83 HL=1002 DE=FCFF IY=0000 IX=006F SP=DC95
  7.3617 WRSLT A=83 HL=1002 DE=FC00 IY=0000 IX=006F SP=DC93
  7.3621 RDSLT A=83 HL=1002 DE=FC00 IY=0000 IX=006F SP=DC93
  7.3625 WRSLT A=83 HL=1002 DE=FCFF IY=0000 IX=006F SP=DC93
  7.3629 RDSLT A=83 HL=1001 DE=FCFF IY=0000 IX=006F SP=DC95
  7.3633 WRSLT A=83 HL=1001 DE=FC00 IY=0000 IX=006F SP=DC93
  7.3636 RDSLT A=83 HL=1001 DE=FC00 IY=0000 IX=006F SP=DC93
  7.3640 WRSLT A=83 HL=1001 DE=FCFF IY=0000 IX=006F SP=DC93
  7.3644 RDSLT A=83 HL=1410 DE=FCFF IY=0000 IX=006F SP=DC95
  7.3648 WRSLT A=83 HL=1410 DE=FC00 IY=0000 IX=006F SP=DC93
  7.3652 RDSLT A=83 HL=1410 DE=FC00 IY=0000 IX=006F SP=DC93
  7.3656 WRSLT A=83 HL=1410 DE=FCFF IY=0000 IX=006F SP=DC93
  7.3660 RDSLT A=83 HL=140F DE=FCFF IY=0000 IX=006F SP=DC95
  7.3663 WRSLT A=83 HL=140F DE=FC00 IY=0000 IX=006F SP=DC93
  7.3667 RDSLT A=83 HL=140F DE=FC00 IY=0000 IX=006F SP=DC93
  7.3671 WRSLT A=83 HL=140F DE=FCFF IY=0000 IX=006F SP=DC93
  7.3675 RDSLT A=83 HL=140E DE=FCFF IY=0000 IX=006F SP=DC95
  7.3679 WRSLT A=83 HL=140E DE=FC00 IY=0000 IX=006F SP=DC93
  7.3683 RDSLT A=83 HL=140E DE=FC00 IY=0000 IX=006F SP=DC93
  7.3687 WRSLT A=83 HL=140E DE=FCFF IY=0000 IX=006F SP=DC93
  7.3690 RDSLT A=83 HL=140D DE=FCFF IY=0000 IX=006F SP=DC95
  7.3694 WRSLT A=83 HL=140D DE=FC00 IY=0000 IX=006F SP=DC93
  7.3698 RDSLT A=83 HL=140D DE=FC00 IY=0000 IX=006F SP=DC93
  7.3702 WRSLT A=83 HL=140D DE=FCFF IY=0000 IX=006F SP=DC93
  7.3706 RDSLT A=83 HL=140C DE=FCFF IY=0000 IX=006F SP=DC95
  7.3710 WRSLT A=83 HL=140C DE=FC00 IY=0000 IX=006F SP=DC93
  7.3713 RDSLT A=83 HL=140C DE=FC00 IY=0000 IX=006F SP=DC93
  7.3717 WRSLT A=83 HL=140C DE=FCFF IY=0000 IX=006F SP=DC93
  7.3721 RDSLT A=83 HL=140B DE=FCFF IY=0000 IX=006F SP=DC95
  7.3725 WRSLT A=83 HL=140B DE=FC00 IY=0000 IX=006F SP=DC93
  7.3729 RDSLT A=83 HL=140B DE=FC00 IY=0000 IX=006F SP=DC93
  7.3733 WRSLT A=83 HL=140B DE=FCFF IY=0000 IX=006F SP=DC93
  7.3737 RDSLT A=83 HL=140A DE=FCFF IY=0000 IX=006F SP=DC95
  7.3740 WRSLT A=83 HL=140A DE=FC00 IY=0000 IX=006F SP=DC93
  7.3744 RDSLT A=83 HL=140A DE=FC00 IY=0000 IX=006F SP=DC93
  7.3748 WRSLT A=83 HL=140A DE=FCFF IY=0000 IX=006F SP=DC93
  7.3752 RDSLT A=83 HL=1409 DE=FCFF IY=0000 IX=006F SP=DC95
  7.3756 WRSLT A=83 HL=1409 DE=FC00 IY=0000 IX=006F SP=DC93
  7.3760 RDSLT A=83 HL=1409 DE=FC00 IY=0000 IX=006F SP=DC93
  7.3764 WRSLT A=83 HL=1409 DE=FCFF IY=0000 IX=006F SP=DC93
  7.3767 RDSLT A=83 HL=1408 DE=FCFF IY=0000 IX=006F SP=DC95
  7.3771 WRSLT A=83 HL=1408 DE=FC00 IY=0000 IX=006F SP=DC93
  7.3775 RDSLT A=83 HL=1408 DE=FC00 IY=0000 IX=006F SP=DC93
  7.3779 WRSLT A=83 HL=1408 DE=FCFF IY=0000 IX=006F SP=DC93
  7.3783 RDSLT A=83 HL=1407 DE=FCFF IY=0000 IX=006F SP=DC95
  7.3787 WRSLT A=83 HL=1407 DE=FC00 IY=0000 IX=006F SP=DC93
  7.3790 RDSLT A=83 HL=1407 DE=FC00 IY=0000 IX=006F SP=DC93
  7.3794 WRSLT A=83 HL=1407 DE=FCFF IY=0000 IX=006F SP=DC93
  7.3798 RDSLT A=83 HL=1406 DE=FCFF IY=0000 IX=006F SP=DC95
  7.3802 WRSLT A=83 HL=1406 DE=FC00 IY=0000 IX=006F SP=DC93
  7.3806 RDSLT A=83 HL=1406 DE=FC00 IY=0000 IX=006F SP=DC93
  7.3810 WRSLT A=83 HL=1406 DE=FCFF IY=0000 IX=006F SP=DC93
  7.3814 RDSLT A=83 HL=1405 DE=FCFF IY=0000 IX=006F SP=DC95
  7.3817 WRSLT A=83 HL=1405 DE=FC00 IY=0000 IX=006F SP=DC93
  7.3821 RDSLT A=83 HL=1405 DE=FC00 IY=0000 IX=006F SP=DC93
  7.3825 WRSLT A=83 HL=1405 DE=FCFF IY=0000 IX=006F SP=DC93
  7.3829 RDSLT A=83 HL=1404 DE=FCFF IY=0000 IX=006F SP=DC95
  7.3833 WRSLT A=83 HL=1404 DE=FC00 IY=0000 IX=006F SP=DC93
  7.3837 RDSLT A=83 HL=1404 DE=FC00 IY=0000 IX=006F SP=DC93
  7.3840 WRSLT A=83 HL=1404 DE=FCFF IY=0000 IX=006F SP=DC93
  7.3844 RDSLT A=83 HL=1403 DE=FCFF IY=0000 IX=006F SP=DC95
  7.3848 WRSLT A=83 HL=1403 DE=FC00 IY=0000 IX=006F SP=DC93
  7.3852 RDSLT A=83 HL=1403 DE=FC00 IY=0000 IX=006F SP=DC93
  7.3856 WRSLT A=83 HL=1403 DE=FCFF IY=0000 IX=006F SP=DC93
  7.3860 RDSLT A=83 HL=1402 DE=FCFF IY=0000 IX=006F SP=DC95
  7.3864 WRSLT A=83 HL=1402 DE=FC00 IY=0000 IX=006F SP=DC93
  7.3867 RDSLT A=83 HL=1402 DE=FC00 IY=0000 IX=006F SP=DC93
  7.3871 WRSLT A=83 HL=1402 DE=FCFF IY=0000 IX=006F SP=DC93
  7.3875 RDSLT A=83 HL=1401 DE=FCFF IY=0000 IX=006F SP=DC95
  7.3879 WRSLT A=83 HL=1401 DE=FC00 IY=0000 IX=006F SP=DC93
  7.3883 RDSLT A=83 HL=1401 DE=FC00 IY=0000 IX=006F SP=DC93
  7.3887 WRSLT A=83 HL=1401 DE=FCFF IY=0000 IX=006F SP=DC93
  7.3891 RDSLT A=83 HL=1810 DE=FCFF IY=0000 IX=006F SP=DC95
  7.3895 WRSLT A=83 HL=1810 DE=FC00 IY=0000 IX=006F SP=DC93
  7.3898 RDSLT A=83 HL=1810 DE=FC00 IY=0000 IX=006F SP=DC93
  7.3902 WRSLT A=83 HL=1810 DE=FCFF IY=0000 IX=006F SP=DC93
  7.3906 RDSLT A=83 HL=180F DE=FCFF IY=0000 IX=006F SP=DC95
  7.3910 WRSLT A=83 HL=180F DE=FC00 IY=0000 IX=006F SP=DC93
  7.3914 RDSLT A=83 HL=180F DE=FC00 IY=0000 IX=006F SP=DC93
  7.3918 WRSLT A=83 HL=180F DE=FCFF IY=0000 IX=006F SP=DC93
  7.3922 RDSLT A=83 HL=180E DE=FCFF IY=0000 IX=006F SP=DC95
  7.3925 WRSLT A=83 HL=180E DE=FC00 IY=0000 IX=006F SP=DC93
  7.3929 RDSLT A=83 HL=180E DE=FC00 IY=0000 IX=006F SP=DC93
  7.3933 WRSLT A=83 HL=180E DE=FCFF IY=0000 IX=006F SP=DC93
  7.3937 RDSLT A=83 HL=180D DE=FCFF IY=0000 IX=006F SP=DC95
  7.3941 WRSLT A=83 HL=180D DE=FC00 IY=0000 IX=006F SP=DC93
  7.3945 RDSLT A=83 HL=180D DE=FC00 IY=0000 IX=006F SP=DC93
  7.3948 WRSLT A=83 HL=180D DE=FCFF IY=0000 IX=006F SP=DC93
  7.3952 RDSLT A=83 HL=180C DE=FCFF IY=0000 IX=006F SP=DC95
  7.3956 WRSLT A=83 HL=180C DE=FC00 IY=0000 IX=006F SP=DC93
  7.3960 RDSLT A=83 HL=180C DE=FC00 IY=0000 IX=006F SP=DC93
  7.3964 WRSLT A=83 HL=180C DE=FCFF IY=0000 IX=006F SP=DC93
  7.3968 RDSLT A=83 HL=180B DE=FCFF IY=0000 IX=006F SP=DC95
  7.3972 WRSLT A=83 HL=180B DE=FC00 IY=0000 IX=006F SP=DC93
  7.3975 RDSLT A=83 HL=180B DE=FC00 IY=0000 IX=006F SP=DC93
  7.3979 WRSLT A=83 HL=180B DE=FCFF IY=0000 IX=006F SP=DC93
  7.3983 RDSLT A=83 HL=180A DE=FCFF IY=0000 IX=006F SP=DC95
  7.3987 WRSLT A=83 HL=180A DE=FC00 IY=0000 IX=006F SP=DC93
  7.3991 RDSLT A=83 HL=180A DE=FC00 IY=0000 IX=006F SP=DC93
  7.3995 WRSLT A=83 HL=180A DE=FCFF IY=0000 IX=006F SP=DC93
  7.3998 RDSLT A=83 HL=1809 DE=FCFF IY=0000 IX=006F SP=DC95
  7.4002 WRSLT A=83 HL=1809 DE=FC00 IY=0000 IX=006F SP=DC93
  7.4006 RDSLT A=83 HL=1809 DE=FC00 IY=0000 IX=006F SP=DC93
  7.4010 WRSLT A=83 HL=1809 DE=FCFF IY=0000 IX=006F SP=DC93
  7.4014 RDSLT A=83 HL=1808 DE=FCFF IY=0000 IX=006F SP=DC95
  7.4018 WRSLT A=83 HL=1808 DE=FC00 IY=0000 IX=006F SP=DC93
  7.4022 RDSLT A=83 HL=1808 DE=FC00 IY=0000 IX=006F SP=DC93
  7.4025 WRSLT A=83 HL=1808 DE=FCFF IY=0000 IX=006F SP=DC93
  7.4029 RDSLT A=83 HL=1807 DE=FCFF IY=0000 IX=006F SP=DC95
  7.4033 WRSLT A=83 HL=1807 DE=FC00 IY=0000 IX=006F SP=DC93
  7.4037 RDSLT A=83 HL=1807 DE=FC00 IY=0000 IX=006F SP=DC93
  7.4041 WRSLT A=83 HL=1807 DE=FCFF IY=0000 IX=006F SP=DC93
  7.4045 RDSLT A=83 HL=1806 DE=FCFF IY=0000 IX=006F SP=DC95
  7.4048 WRSLT A=83 HL=1806 DE=FC00 IY=0000 IX=006F SP=DC93
  7.4052 RDSLT A=83 HL=1806 DE=FC00 IY=0000 IX=006F SP=DC93
  7.4056 WRSLT A=83 HL=1806 DE=FCFF IY=0000 IX=006F SP=DC93
  7.4060 RDSLT A=83 HL=1805 DE=FCFF IY=0000 IX=006F SP=DC95
  7.4064 WRSLT A=83 HL=1805 DE=FC00 IY=0000 IX=006F SP=DC93
  7.4068 RDSLT A=83 HL=1805 DE=FC00 IY=0000 IX=006F SP=DC93
  7.4072 WRSLT A=83 HL=1805 DE=FCFF IY=0000 IX=006F SP=DC93
  7.4075 RDSLT A=83 HL=1804 DE=FCFF IY=0000 IX=006F SP=DC95
  7.4079 WRSLT A=83 HL=1804 DE=FC00 IY=0000 IX=006F SP=DC93
  7.4083 RDSLT A=83 HL=1804 DE=FC00 IY=0000 IX=006F SP=DC93
  7.4087 WRSLT A=83 HL=1804 DE=FCFF IY=0000 IX=006F SP=DC93
  7.4091 RDSLT A=83 HL=1803 DE=FCFF IY=0000 IX=006F SP=DC95
  7.4095 WRSLT A=83 HL=1803 DE=FC00 IY=0000 IX=006F SP=DC93
  7.4098 RDSLT A=83 HL=1803 DE=FC00 IY=0000 IX=006F SP=DC93
  7.4102 WRSLT A=83 HL=1803 DE=FCFF IY=0000 IX=006F SP=DC93
  7.4106 RDSLT A=83 HL=1802 DE=FCFF IY=0000 IX=006F SP=DC95
  7.4110 WRSLT A=83 HL=1802 DE=FC00 IY=0000 IX=006F SP=DC93
  7.4114 RDSLT A=83 HL=1802 DE=FC00 IY=0000 IX=006F SP=DC93
  7.4118 WRSLT A=83 HL=1802 DE=FCFF IY=0000 IX=006F SP=DC93
  7.4122 RDSLT A=83 HL=1801 DE=FCFF IY=0000 IX=006F SP=DC95
  7.4125 WRSLT A=83 HL=1801 DE=FC00 IY=0000 IX=006F SP=DC93
  7.4129 RDSLT A=83 HL=1801 DE=FC00 IY=0000 IX=006F SP=DC93
  7.4133 WRSLT A=83 HL=1801 DE=FCFF IY=0000 IX=006F SP=DC93
  7.4137 RDSLT A=83 HL=1C10 DE=FCFF IY=0000 IX=006F SP=DC95
  7.4141 WRSLT A=83 HL=1C10 DE=FC00 IY=0000 IX=006F SP=DC93
  7.4145 RDSLT A=83 HL=1C10 DE=FC00 IY=0000 IX=006F SP=DC93
  7.4149 WRSLT A=83 HL=1C10 DE=FCFF IY=0000 IX=006F SP=DC93
  7.4153 RDSLT A=83 HL=1C0F DE=FCFF IY=0000 IX=006F SP=DC95
  7.4156 WRSLT A=83 HL=1C0F DE=FC00 IY=0000 IX=006F SP=DC93
  7.4160 RDSLT A=83 HL=1C0F DE=FC00 IY=0000 IX=006F SP=DC93
  7.4164 WRSLT A=83 HL=1C0F DE=FCFF IY=0000 IX=006F SP=DC93
  7.4168 RDSLT A=83 HL=1C0E DE=FCFF IY=0000 IX=006F SP=DC95
  7.4172 WRSLT A=83 HL=1C0E DE=FC00 IY=0000 IX=006F SP=DC93
  7.4176 RDSLT A=83 HL=1C0E DE=FC00 IY=0000 IX=006F SP=DC93
  7.4179 WRSLT A=83 HL=1C0E DE=FCFF IY=0000 IX=006F SP=DC93
  7.4183 RDSLT A=83 HL=1C0D DE=FCFF IY=0000 IX=006F SP=DC95
  7.4187 WRSLT A=83 HL=1C0D DE=FC00 IY=0000 IX=006F SP=DC93
  7.4191 RDSLT A=83 HL=1C0D DE=FC00 IY=0000 IX=006F SP=DC93
  7.4195 WRSLT A=83 HL=1C0D DE=FCFF IY=0000 IX=006F SP=DC93
  7.4199 RDSLT A=83 HL=1C0C DE=FCFF IY=0000 IX=006F SP=DC95
  7.4203 WRSLT A=83 HL=1C0C DE=FC00 IY=0000 IX=006F SP=DC93
  7.4206 RDSLT A=83 HL=1C0C DE=FC00 IY=0000 IX=006F SP=DC93
  7.4210 WRSLT A=83 HL=1C0C DE=FCFF IY=0000 IX=006F SP=DC93
  7.4214 RDSLT A=83 HL=1C0B DE=FCFF IY=0000 IX=006F SP=DC95
  7.4218 WRSLT A=83 HL=1C0B DE=FC00 IY=0000 IX=006F SP=DC93
  7.4222 RDSLT A=83 HL=1C0B DE=FC00 IY=0000 IX=006F SP=DC93
  7.4226 WRSLT A=83 HL=1C0B DE=FCFF IY=0000 IX=006F SP=DC93
  7.4230 RDSLT A=83 HL=1C0A DE=FCFF IY=0000 IX=006F SP=DC95
  7.4233 WRSLT A=83 HL=1C0A DE=FC00 IY=0000 IX=006F SP=DC93
  7.4237 RDSLT A=83 HL=1C0A DE=FC00 IY=0000 IX=006F SP=DC93
  7.4241 WRSLT A=83 HL=1C0A DE=FCFF IY=0000 IX=006F SP=DC93
  7.4245 RDSLT A=83 HL=1C09 DE=FCFF IY=0000 IX=006F SP=DC95
  7.4249 WRSLT A=83 HL=1C09 DE=FC00 IY=0000 IX=006F SP=DC93
  7.4253 RDSLT A=83 HL=1C09 DE=FC00 IY=0000 IX=006F SP=DC93
  7.4256 WRSLT A=83 HL=1C09 DE=FCFF IY=0000 IX=006F SP=DC93
  7.4260 RDSLT A=83 HL=1C08 DE=FCFF IY=0000 IX=006F SP=DC95
  7.4264 WRSLT A=83 HL=1C08 DE=FC00 IY=0000 IX=006F SP=DC93
  7.4268 RDSLT A=83 HL=1C08 DE=FC00 IY=0000 IX=006F SP=DC93
  7.4272 WRSLT A=83 HL=1C08 DE=FCFF IY=0000 IX=006F SP=DC93
  7.4276 RDSLT A=83 HL=1C07 DE=FCFF IY=0000 IX=006F SP=DC95
  7.4280 WRSLT A=83 HL=1C07 DE=FC00 IY=0000 IX=006F SP=DC93
  7.4283 RDSLT A=83 HL=1C07 DE=FC00 IY=0000 IX=006F SP=DC93
  7.4287 WRSLT A=83 HL=1C07 DE=FCFF IY=0000 IX=006F SP=DC93
  7.4291 RDSLT A=83 HL=1C06 DE=FCFF IY=0000 IX=006F SP=DC95
  7.4295 WRSLT A=83 HL=1C06 DE=FC00 IY=0000 IX=006F SP=DC93
  7.4299 RDSLT A=83 HL=1C06 DE=FC00 IY=0000 IX=006F SP=DC93
  7.4303 WRSLT A=83 HL=1C06 DE=FCFF IY=0000 IX=006F SP=DC93
  7.4307 RDSLT A=83 HL=1C05 DE=FCFF IY=0000 IX=006F SP=DC95
  7.4310 WRSLT A=83 HL=1C05 DE=FC00 IY=0000 IX=006F SP=DC93
  7.4314 RDSLT A=83 HL=1C05 DE=FC00 IY=0000 IX=006F SP=DC93
  7.4318 WRSLT A=83 HL=1C05 DE=FCFF IY=0000 IX=006F SP=DC93
  7.4322 RDSLT A=83 HL=1C04 DE=FCFF IY=0000 IX=006F SP=DC95
  7.4326 WRSLT A=83 HL=1C04 DE=FC00 IY=0000 IX=006F SP=DC93
  7.4330 RDSLT A=83 HL=1C04 DE=FC00 IY=0000 IX=006F SP=DC93
  7.4333 WRSLT A=83 HL=1C04 DE=FCFF IY=0000 IX=006F SP=DC93
  7.4337 RDSLT A=83 HL=1C03 DE=FCFF IY=0000 IX=006F SP=DC95
  7.4341 WRSLT A=83 HL=1C03 DE=FC00 IY=0000 IX=006F SP=DC93
  7.4345 RDSLT A=83 HL=1C03 DE=FC00 IY=0000 IX=006F SP=DC93
  7.4349 WRSLT A=83 HL=1C03 DE=FCFF IY=0000 IX=006F SP=DC93
  7.4353 RDSLT A=83 HL=1C02 DE=FCFF IY=0000 IX=006F SP=DC95
  7.4356 WRSLT A=83 HL=1C02 DE=FC00 IY=0000 IX=006F SP=DC93
  7.4360 RDSLT A=83 HL=1C02 DE=FC00 IY=0000 IX=006F SP=DC93
  7.4364 WRSLT A=83 HL=1C02 DE=FCFF IY=0000 IX=006F SP=DC93
  7.4368 RDSLT A=83 HL=1C01 DE=FCFF IY=0000 IX=006F SP=DC95
  7.4372 WRSLT A=83 HL=1C01 DE=FC00 IY=0000 IX=006F SP=DC93
  7.4376 RDSLT A=83 HL=1C01 DE=FC00 IY=0000 IX=006F SP=DC93
  7.4380 WRSLT A=83 HL=1C01 DE=FCFF IY=0000 IX=006F SP=DC93
  7.4384 RDSLT A=83 HL=2010 DE=FCFF IY=0000 IX=006F SP=DC95
  7.4387 WRSLT A=83 HL=2010 DE=FC00 IY=0000 IX=006F SP=DC93
  7.4391 RDSLT A=83 HL=2010 DE=FC00 IY=0000 IX=006F SP=DC93
  7.4395 WRSLT A=83 HL=2010 DE=FCFF IY=0000 IX=006F SP=DC93
  7.4399 RDSLT A=83 HL=200F DE=FCFF IY=0000 IX=006F SP=DC95
  7.4403 WRSLT A=83 HL=200F DE=FC00 IY=0000 IX=006F SP=DC93
  7.4407 RDSLT A=83 HL=200F DE=FC00 IY=0000 IX=006F SP=DC93
  7.4411 WRSLT A=83 HL=200F DE=FCFF IY=0000 IX=006F SP=DC93
  7.4414 RDSLT A=83 HL=200E DE=FCFF IY=0000 IX=006F SP=DC95
  7.4418 WRSLT A=83 HL=200E DE=FC00 IY=0000 IX=006F SP=DC93
  7.4422 RDSLT A=83 HL=200E DE=FC00 IY=0000 IX=006F SP=DC93
  7.4426 WRSLT A=83 HL=200E DE=FCFF IY=0000 IX=006F SP=DC93
  7.4430 RDSLT A=83 HL=200D DE=FCFF IY=0000 IX=006F SP=DC95
  7.4434 WRSLT A=83 HL=200D DE=FC00 IY=0000 IX=006F SP=DC93
  7.4437 RDSLT A=83 HL=200D DE=FC00 IY=0000 IX=006F SP=DC93
  7.4441 WRSLT A=83 HL=200D DE=FCFF IY=0000 IX=006F SP=DC93
  7.4445 RDSLT A=83 HL=200C DE=FCFF IY=0000 IX=006F SP=DC95
  7.4449 WRSLT A=83 HL=200C DE=FC00 IY=0000 IX=006F SP=DC93
  7.4453 RDSLT A=83 HL=200C DE=FC00 IY=0000 IX=006F SP=DC93
  7.4457 WRSLT A=83 HL=200C DE=FCFF IY=0000 IX=006F SP=DC93
  7.4461 RDSLT A=83 HL=200B DE=FCFF IY=0000 IX=006F SP=DC95
  7.4464 WRSLT A=83 HL=200B DE=FC00 IY=0000 IX=006F SP=DC93
  7.4468 RDSLT A=83 HL=200B DE=FC00 IY=0000 IX=006F SP=DC93
  7.4472 WRSLT A=83 HL=200B DE=FCFF IY=0000 IX=006F SP=DC93
  7.4476 RDSLT A=83 HL=200A DE=FCFF IY=0000 IX=006F SP=DC95
  7.4480 WRSLT A=83 HL=200A DE=FC00 IY=0000 IX=006F SP=DC93
  7.4484 RDSLT A=83 HL=200A DE=FC00 IY=0000 IX=006F SP=DC93
  7.4487 WRSLT A=83 HL=200A DE=FCFF IY=0000 IX=006F SP=DC93
  7.4491 RDSLT A=83 HL=2009 DE=FCFF IY=0000 IX=006F SP=DC95
  7.4495 WRSLT A=83 HL=2009 DE=FC00 IY=0000 IX=006F SP=DC93
  7.4499 RDSLT A=83 HL=2009 DE=FC00 IY=0000 IX=006F SP=DC93
  7.4503 WRSLT A=83 HL=2009 DE=FCFF IY=0000 IX=006F SP=DC93
  7.4507 RDSLT A=83 HL=2008 DE=FCFF IY=0000 IX=006F SP=DC95
  7.4511 WRSLT A=83 HL=2008 DE=FC00 IY=0000 IX=006F SP=DC93
  7.4514 RDSLT A=83 HL=2008 DE=FC00 IY=0000 IX=006F SP=DC93
  7.4518 WRSLT A=83 HL=2008 DE=FCFF IY=0000 IX=006F SP=DC93
  7.4522 RDSLT A=83 HL=2007 DE=FCFF IY=0000 IX=006F SP=DC95
  7.4526 WRSLT A=83 HL=2007 DE=FC00 IY=0000 IX=006F SP=DC93
  7.4530 RDSLT A=83 HL=2007 DE=FC00 IY=0000 IX=006F SP=DC93
  7.4534 WRSLT A=83 HL=2007 DE=FCFF IY=0000 IX=006F SP=DC93
  7.4538 RDSLT A=83 HL=2006 DE=FCFF IY=0000 IX=006F SP=DC95
  7.4541 WRSLT A=83 HL=2006 DE=FC00 IY=0000 IX=006F SP=DC93
  7.4545 RDSLT A=83 HL=2006 DE=FC00 IY=0000 IX=006F SP=DC93
  7.4549 WRSLT A=83 HL=2006 DE=FCFF IY=0000 IX=006F SP=DC93
  7.4553 RDSLT A=83 HL=2005 DE=FCFF IY=0000 IX=006F SP=DC95
  7.4557 WRSLT A=83 HL=2005 DE=FC00 IY=0000 IX=006F SP=DC93
  7.4561 RDSLT A=83 HL=2005 DE=FC00 IY=0000 IX=006F SP=DC93
  7.4564 WRSLT A=83 HL=2005 DE=FCFF IY=0000 IX=006F SP=DC93
  7.4568 RDSLT A=83 HL=2004 DE=FCFF IY=0000 IX=006F SP=DC95
  7.4572 WRSLT A=83 HL=2004 DE=FC00 IY=0000 IX=006F SP=DC93
  7.4576 RDSLT A=83 HL=2004 DE=FC00 IY=0000 IX=006F SP=DC93
  7.4580 WRSLT A=83 HL=2004 DE=FCFF IY=0000 IX=006F SP=DC93
  7.4584 RDSLT A=83 HL=2003 DE=FCFF IY=0000 IX=006F SP=DC95
  7.4588 WRSLT A=83 HL=2003 DE=FC00 IY=0000 IX=006F SP=DC93
  7.4591 RDSLT A=83 HL=2003 DE=FC00 IY=0000 IX=006F SP=DC93
  7.4595 WRSLT A=83 HL=2003 DE=FCFF IY=0000 IX=006F SP=DC93
  7.4599 RDSLT A=83 HL=2002 DE=FCFF IY=0000 IX=006F SP=DC95
  7.4603 WRSLT A=83 HL=2002 DE=FC00 IY=0000 IX=006F SP=DC93
  7.4607 RDSLT A=83 HL=2002 DE=FC00 IY=0000 IX=006F SP=DC93
  7.4611 WRSLT A=83 HL=2002 DE=FCFF IY=0000 IX=006F SP=DC93
  7.4615 RDSLT A=83 HL=2001 DE=FCFF IY=0000 IX=006F SP=DC95
  7.4618 WRSLT A=83 HL=2001 DE=FC00 IY=0000 IX=006F SP=DC93
  7.4622 RDSLT A=83 HL=2001 DE=FC00 IY=0000 IX=006F SP=DC93
  7.4626 WRSLT A=83 HL=2001 DE=FCFF IY=0000 IX=006F SP=DC93
  7.4630 RDSLT A=83 HL=2410 DE=FCFF IY=0000 IX=006F SP=DC95
  7.4634 WRSLT A=83 HL=2410 DE=FC00 IY=0000 IX=006F SP=DC93
  7.4638 RDSLT A=83 HL=2410 DE=FC00 IY=0000 IX=006F SP=DC93
  7.4642 WRSLT A=83 HL=2410 DE=FCFF IY=0000 IX=006F SP=DC93
  7.4646 RDSLT A=83 HL=240F DE=FCFF IY=0000 IX=006F SP=DC95
  7.4649 WRSLT A=83 HL=240F DE=FC00 IY=0000 IX=006F SP=DC93
  7.4653 RDSLT A=83 HL=240F DE=FC00 IY=0000 IX=006F SP=DC93
  7.4657 WRSLT A=83 HL=240F DE=FCFF IY=0000 IX=006F SP=DC93
  7.4661 RDSLT A=83 HL=240E DE=FCFF IY=0000 IX=006F SP=DC95
  7.4665 WRSLT A=83 HL=240E DE=FC00 IY=0000 IX=006F SP=DC93
  7.4669 RDSLT A=83 HL=240E DE=FC00 IY=0000 IX=006F SP=DC93
  7.4672 WRSLT A=83 HL=240E DE=FCFF IY=0000 IX=006F SP=DC93
  7.4676 RDSLT A=83 HL=240D DE=FCFF IY=0000 IX=006F SP=DC95
  7.4680 WRSLT A=83 HL=240D DE=FC00 IY=0000 IX=006F SP=DC93
  7.4684 RDSLT A=83 HL=240D DE=FC00 IY=0000 IX=006F SP=DC93
  7.4688 WRSLT A=83 HL=240D DE=FCFF IY=0000 IX=006F SP=DC93
  7.4692 RDSLT A=83 HL=240C DE=FCFF IY=0000 IX=006F SP=DC95
  7.4695 WRSLT A=83 HL=240C DE=FC00 IY=0000 IX=006F SP=DC93
  7.4699 RDSLT A=83 HL=240C DE=FC00 IY=0000 IX=006F SP=DC93
  7.4703 WRSLT A=83 HL=240C DE=FCFF IY=0000 IX=006F SP=DC93
  7.4707 RDSLT A=83 HL=240B DE=FCFF IY=0000 IX=006F SP=DC95
  7.4711 WRSLT A=83 HL=240B DE=FC00 IY=0000 IX=006F SP=DC93
  7.4715 RDSLT A=83 HL=240B DE=FC00 IY=0000 IX=006F SP=DC93
  7.4719 WRSLT A=83 HL=240B DE=FCFF IY=0000 IX=006F SP=DC93
  7.4722 RDSLT A=83 HL=240A DE=FCFF IY=0000 IX=006F SP=DC95
  7.4726 WRSLT A=83 HL=240A DE=FC00 IY=0000 IX=006F SP=DC93
  7.4730 RDSLT A=83 HL=240A DE=FC00 IY=0000 IX=006F SP=DC93
  7.4734 WRSLT A=83 HL=240A DE=FCFF IY=0000 IX=006F SP=DC93
  7.4738 RDSLT A=83 HL=2409 DE=FCFF IY=0000 IX=006F SP=DC95
  7.4742 WRSLT A=83 HL=2409 DE=FC00 IY=0000 IX=006F SP=DC93
  7.4745 RDSLT A=83 HL=2409 DE=FC00 IY=0000 IX=006F SP=DC93
  7.4749 WRSLT A=83 HL=2409 DE=FCFF IY=0000 IX=006F SP=DC93
  7.4753 RDSLT A=83 HL=2408 DE=FCFF IY=0000 IX=006F SP=DC95
  7.4757 WRSLT A=83 HL=2408 DE=FC00 IY=0000 IX=006F SP=DC93
  7.4761 RDSLT A=83 HL=2408 DE=FC00 IY=0000 IX=006F SP=DC93
  7.4765 WRSLT A=83 HL=2408 DE=FCFF IY=0000 IX=006F SP=DC93
  7.4769 RDSLT A=83 HL=2407 DE=FCFF IY=0000 IX=006F SP=DC95
  7.4772 WRSLT A=83 HL=2407 DE=FC00 IY=0000 IX=006F SP=DC93
  7.4776 RDSLT A=83 HL=2407 DE=FC00 IY=0000 IX=006F SP=DC93
  7.4780 WRSLT A=83 HL=2407 DE=FCFF IY=0000 IX=006F SP=DC93
  7.4784 RDSLT A=83 HL=2406 DE=FCFF IY=0000 IX=006F SP=DC95
  7.4788 WRSLT A=83 HL=2406 DE=FC00 IY=0000 IX=006F SP=DC93
  7.4792 RDSLT A=83 HL=2406 DE=FC00 IY=0000 IX=006F SP=DC93
  7.4796 WRSLT A=83 HL=2406 DE=FCFF IY=0000 IX=006F SP=DC93
  7.4799 RDSLT A=83 HL=2405 DE=FCFF IY=0000 IX=006F SP=DC95
  7.4803 WRSLT A=83 HL=2405 DE=FC00 IY=0000 IX=006F SP=DC93
  7.4807 RDSLT A=83 HL=2405 DE=FC00 IY=0000 IX=006F SP=DC93
  7.4811 WRSLT A=83 HL=2405 DE=FCFF IY=0000 IX=006F SP=DC93
  7.4815 RDSLT A=83 HL=2404 DE=FCFF IY=0000 IX=006F SP=DC95
  7.4819 WRSLT A=83 HL=2404 DE=FC00 IY=0000 IX=006F SP=DC93
  7.4822 RDSLT A=83 HL=2404 DE=FC00 IY=0000 IX=006F SP=DC93
  7.4826 WRSLT A=83 HL=2404 DE=FCFF IY=0000 IX=006F SP=DC93
  7.4830 RDSLT A=83 HL=2403 DE=FCFF IY=0000 IX=006F SP=DC95
  7.4834 WRSLT A=83 HL=2403 DE=FC00 IY=0000 IX=006F SP=DC93
  7.4838 RDSLT A=83 HL=2403 DE=FC00 IY=0000 IX=006F SP=DC93
  7.4842 WRSLT A=83 HL=2403 DE=FCFF IY=0000 IX=006F SP=DC93
  7.4846 RDSLT A=83 HL=2402 DE=FCFF IY=0000 IX=006F SP=DC95
  7.4849 WRSLT A=83 HL=2402 DE=FC00 IY=0000 IX=006F SP=DC93
  7.4853 RDSLT A=83 HL=2402 DE=FC00 IY=0000 IX=006F SP=DC93
  7.4857 WRSLT A=83 HL=2402 DE=FCFF IY=0000 IX=006F SP=DC93
  7.4861 RDSLT A=83 HL=2401 DE=FCFF IY=0000 IX=006F SP=DC95
  7.4865 WRSLT A=83 HL=2401 DE=FC00 IY=0000 IX=006F SP=DC93
  7.4869 RDSLT A=83 HL=2401 DE=FC00 IY=0000 IX=006F SP=DC93
  7.4872 WRSLT A=83 HL=2401 DE=FCFF IY=0000 IX=006F SP=DC93
  7.4877 RDSLT A=83 HL=2810 DE=FCFF IY=0000 IX=006F SP=DC95
  7.4880 WRSLT A=83 HL=2810 DE=FC00 IY=0000 IX=006F SP=DC93
  7.4884 RDSLT A=83 HL=2810 DE=FC00 IY=0000 IX=006F SP=DC93
  7.4888 WRSLT A=83 HL=2810 DE=FCFF IY=0000 IX=006F SP=DC93
  7.4892 RDSLT A=83 HL=280F DE=FCFF IY=0000 IX=006F SP=DC95
  7.4896 WRSLT A=83 HL=280F DE=FC00 IY=0000 IX=006F SP=DC93
  7.4900 RDSLT A=83 HL=280F DE=FC00 IY=0000 IX=006F SP=DC93
  7.4903 WRSLT A=83 HL=280F DE=FCFF IY=0000 IX=006F SP=DC93
  7.4907 RDSLT A=83 HL=280E DE=FCFF IY=0000 IX=006F SP=DC95
  7.4911 WRSLT A=83 HL=280E DE=FC00 IY=0000 IX=006F SP=DC93
  7.4915 RDSLT A=83 HL=280E DE=FC00 IY=0000 IX=006F SP=DC93
  7.4919 WRSLT A=83 HL=280E DE=FCFF IY=0000 IX=006F SP=DC93
  7.4923 RDSLT A=83 HL=280D DE=FCFF IY=0000 IX=006F SP=DC95
  7.4927 WRSLT A=83 HL=280D DE=FC00 IY=0000 IX=006F SP=DC93
  7.4930 RDSLT A=83 HL=280D DE=FC00 IY=0000 IX=006F SP=DC93
  7.4934 WRSLT A=83 HL=280D DE=FCFF IY=0000 IX=006F SP=DC93
  7.4938 RDSLT A=83 HL=280C DE=FCFF IY=0000 IX=006F SP=DC95
  7.4942 WRSLT A=83 HL=280C DE=FC00 IY=0000 IX=006F SP=DC93
  7.4946 RDSLT A=83 HL=280C DE=FC00 IY=0000 IX=006F SP=DC93
  7.4950 WRSLT A=83 HL=280C DE=FCFF IY=0000 IX=006F SP=DC93
  7.4954 RDSLT A=83 HL=280B DE=FCFF IY=0000 IX=006F SP=DC95
  7.4957 WRSLT A=83 HL=280B DE=FC00 IY=0000 IX=006F SP=DC93
  7.4961 RDSLT A=83 HL=280B DE=FC00 IY=0000 IX=006F SP=DC93
  7.4965 WRSLT A=83 HL=280B DE=FCFF IY=0000 IX=006F SP=DC93
  7.4969 RDSLT A=83 HL=280A DE=FCFF IY=0000 IX=006F SP=DC95
  7.4973 WRSLT A=83 HL=280A DE=FC00 IY=0000 IX=006F SP=DC93
  7.4977 RDSLT A=83 HL=280A DE=FC00 IY=0000 IX=006F SP=DC93
  7.4980 WRSLT A=83 HL=280A DE=FCFF IY=0000 IX=006F SP=DC93
  7.4984 RDSLT A=83 HL=2809 DE=FCFF IY=0000 IX=006F SP=DC95
  7.4988 WRSLT A=83 HL=2809 DE=FC00 IY=0000 IX=006F SP=DC93
  7.4992 RDSLT A=83 HL=2809 DE=FC00 IY=0000 IX=006F SP=DC93
  7.4996 WRSLT A=83 HL=2809 DE=FCFF IY=0000 IX=006F SP=DC93
  7.5000 RDSLT A=83 HL=2808 DE=FCFF IY=0000 IX=006F SP=DC95
  7.5003 WRSLT A=83 HL=2808 DE=FC00 IY=0000 IX=006F SP=DC93
  7.5007 RDSLT A=83 HL=2808 DE=FC00 IY=0000 IX=006F SP=DC93
  7.5011 WRSLT A=83 HL=2808 DE=FCFF IY=0000 IX=006F SP=DC93
  7.5015 RDSLT A=83 HL=2807 DE=FCFF IY=0000 IX=006F SP=DC95
  7.5019 WRSLT A=83 HL=2807 DE=FC00 IY=0000 IX=006F SP=DC93
  7.5023 RDSLT A=83 HL=2807 DE=FC00 IY=0000 IX=006F SP=DC93
  7.5027 WRSLT A=83 HL=2807 DE=FCFF IY=0000 IX=006F SP=DC93
  7.5030 RDSLT A=83 HL=2806 DE=FCFF IY=0000 IX=006F SP=DC95
  7.5034 WRSLT A=83 HL=2806 DE=FC00 IY=0000 IX=006F SP=DC93
  7.5038 RDSLT A=83 HL=2806 DE=FC00 IY=0000 IX=006F SP=DC93
  7.5042 WRSLT A=83 HL=2806 DE=FCFF IY=0000 IX=006F SP=DC93
  7.5046 RDSLT A=83 HL=2805 DE=FCFF IY=0000 IX=006F SP=DC95
  7.5050 WRSLT A=83 HL=2805 DE=FC00 IY=0000 IX=006F SP=DC93
  7.5053 RDSLT A=83 HL=2805 DE=FC00 IY=0000 IX=006F SP=DC93
  7.5057 WRSLT A=83 HL=2805 DE=FCFF IY=0000 IX=006F SP=DC93
  7.5061 RDSLT A=83 HL=2804 DE=FCFF IY=0000 IX=006F SP=DC95
  7.5065 WRSLT A=83 HL=2804 DE=FC00 IY=0000 IX=006F SP=DC93
  7.5069 RDSLT A=83 HL=2804 DE=FC00 IY=0000 IX=006F SP=DC93
  7.5073 WRSLT A=83 HL=2804 DE=FCFF IY=0000 IX=006F SP=DC93
  7.5077 RDSLT A=83 HL=2803 DE=FCFF IY=0000 IX=006F SP=DC95
  7.5080 WRSLT A=83 HL=2803 DE=FC00 IY=0000 IX=006F SP=DC93
  7.5084 RDSLT A=83 HL=2803 DE=FC00 IY=0000 IX=006F SP=DC93
  7.5088 WRSLT A=83 HL=2803 DE=FCFF IY=0000 IX=006F SP=DC93
  7.5092 RDSLT A=83 HL=2802 DE=FCFF IY=0000 IX=006F SP=DC95
  7.5096 WRSLT A=83 HL=2802 DE=FC00 IY=0000 IX=006F SP=DC93
  7.5100 RDSLT A=83 HL=2802 DE=FC00 IY=0000 IX=006F SP=DC93
  7.5104 WRSLT A=83 HL=2802 DE=FCFF IY=0000 IX=006F SP=DC93
  7.5107 RDSLT A=83 HL=2801 DE=FCFF IY=0000 IX=006F SP=DC95
  7.5111 WRSLT A=83 HL=2801 DE=FC00 IY=0000 IX=006F SP=DC93
  7.5115 RDSLT A=83 HL=2801 DE=FC00 IY=0000 IX=006F SP=DC93
  7.5119 WRSLT A=83 HL=2801 DE=FCFF IY=0000 IX=006F SP=DC93
  7.5123 RDSLT A=83 HL=2C10 DE=FCFF IY=0000 IX=006F SP=DC95
  7.5127 WRSLT A=83 HL=2C10 DE=FC00 IY=0000 IX=006F SP=DC93
  7.5131 RDSLT A=83 HL=2C10 DE=FC00 IY=0000 IX=006F SP=DC93
  7.5135 WRSLT A=83 HL=2C10 DE=FCFF IY=0000 IX=006F SP=DC93
  7.5138 RDSLT A=83 HL=2C0F DE=FCFF IY=0000 IX=006F SP=DC95
  7.5142 WRSLT A=83 HL=2C0F DE=FC00 IY=0000 IX=006F SP=DC93
  7.5146 RDSLT A=83 HL=2C0F DE=FC00 IY=0000 IX=006F SP=DC93
  7.5150 WRSLT A=83 HL=2C0F DE=FCFF IY=0000 IX=006F SP=DC93
  7.5154 RDSLT A=83 HL=2C0E DE=FCFF IY=0000 IX=006F SP=DC95
  7.5158 WRSLT A=83 HL=2C0E DE=FC00 IY=0000 IX=006F SP=DC93
  7.5161 RDSLT A=83 HL=2C0E DE=FC00 IY=0000 IX=006F SP=DC93
  7.5165 WRSLT A=83 HL=2C0E DE=FCFF IY=0000 IX=006F SP=DC93
  7.5169 RDSLT A=83 HL=2C0D DE=FCFF IY=0000 IX=006F SP=DC95
  7.5173 WRSLT A=83 HL=2C0D DE=FC00 IY=0000 IX=006F SP=DC93
  7.5177 RDSLT A=83 HL=2C0D DE=FC00 IY=0000 IX=006F SP=DC93
  7.5181 WRSLT A=83 HL=2C0D DE=FCFF IY=0000 IX=006F SP=DC93
  7.5185 RDSLT A=83 HL=2C0C DE=FCFF IY=0000 IX=006F SP=DC95
  7.5188 WRSLT A=83 HL=2C0C DE=FC00 IY=0000 IX=006F SP=DC93
  7.5192 RDSLT A=83 HL=2C0C DE=FC00 IY=0000 IX=006F SP=DC93
  7.5196 WRSLT A=83 HL=2C0C DE=FCFF IY=0000 IX=006F SP=DC93
  7.5200 RDSLT A=83 HL=2C0B DE=FCFF IY=0000 IX=006F SP=DC95
  7.5204 WRSLT A=83 HL=2C0B DE=FC00 IY=0000 IX=006F SP=DC93
  7.5208 RDSLT A=83 HL=2C0B DE=FC00 IY=0000 IX=006F SP=DC93
  7.5211 WRSLT A=83 HL=2C0B DE=FCFF IY=0000 IX=006F SP=DC93
  7.5215 RDSLT A=83 HL=2C0A DE=FCFF IY=0000 IX=006F SP=DC95
  7.5219 WRSLT A=83 HL=2C0A DE=FC00 IY=0000 IX=006F SP=DC93
  7.5223 RDSLT A=83 HL=2C0A DE=FC00 IY=0000 IX=006F SP=DC93
  7.5227 WRSLT A=83 HL=2C0A DE=FCFF IY=0000 IX=006F SP=DC93
  7.5231 RDSLT A=83 HL=2C09 DE=FCFF IY=0000 IX=006F SP=DC95
  7.5235 WRSLT A=83 HL=2C09 DE=FC00 IY=0000 IX=006F SP=DC93
  7.5238 RDSLT A=83 HL=2C09 DE=FC00 IY=0000 IX=006F SP=DC93
  7.5242 WRSLT A=83 HL=2C09 DE=FCFF IY=0000 IX=006F SP=DC93
  7.5246 RDSLT A=83 HL=2C08 DE=FCFF IY=0000 IX=006F SP=DC95
  7.5250 WRSLT A=83 HL=2C08 DE=FC00 IY=0000 IX=006F SP=DC93
  7.5254 RDSLT A=83 HL=2C08 DE=FC00 IY=0000 IX=006F SP=DC93
  7.5258 WRSLT A=83 HL=2C08 DE=FCFF IY=0000 IX=006F SP=DC93
  7.5262 RDSLT A=83 HL=2C07 DE=FCFF IY=0000 IX=006F SP=DC95
  7.5265 WRSLT A=83 HL=2C07 DE=FC00 IY=0000 IX=006F SP=DC93
  7.5269 RDSLT A=83 HL=2C07 DE=FC00 IY=0000 IX=006F SP=DC93
  7.5273 WRSLT A=83 HL=2C07 DE=FCFF IY=0000 IX=006F SP=DC93
  7.5277 RDSLT A=83 HL=2C06 DE=FCFF IY=0000 IX=006F SP=DC95
  7.5281 WRSLT A=83 HL=2C06 DE=FC00 IY=0000 IX=006F SP=DC93
  7.5285 RDSLT A=83 HL=2C06 DE=FC00 IY=0000 IX=006F SP=DC93
  7.5288 WRSLT A=83 HL=2C06 DE=FCFF IY=0000 IX=006F SP=DC93
  7.5292 RDSLT A=83 HL=2C05 DE=FCFF IY=0000 IX=006F SP=DC95
  7.5296 WRSLT A=83 HL=2C05 DE=FC00 IY=0000 IX=006F SP=DC93
  7.5300 RDSLT A=83 HL=2C05 DE=FC00 IY=0000 IX=006F SP=DC93
  7.5304 WRSLT A=83 HL=2C05 DE=FCFF IY=0000 IX=006F SP=DC93
  7.5308 RDSLT A=83 HL=2C04 DE=FCFF IY=0000 IX=006F SP=DC95
  7.5312 WRSLT A=83 HL=2C04 DE=FC00 IY=0000 IX=006F SP=DC93
  7.5315 RDSLT A=83 HL=2C04 DE=FC00 IY=0000 IX=006F SP=DC93
  7.5319 WRSLT A=83 HL=2C04 DE=FCFF IY=0000 IX=006F SP=DC93
  7.5323 RDSLT A=83 HL=2C03 DE=FCFF IY=0000 IX=006F SP=DC95
  7.5327 WRSLT A=83 HL=2C03 DE=FC00 IY=0000 IX=006F SP=DC93
  7.5331 RDSLT A=83 HL=2C03 DE=FC00 IY=0000 IX=006F SP=DC93
  7.5335 WRSLT A=83 HL=2C03 DE=FCFF IY=0000 IX=006F SP=DC93
  7.5338 RDSLT A=83 HL=2C02 DE=FCFF IY=0000 IX=006F SP=DC95
  7.5342 WRSLT A=83 HL=2C02 DE=FC00 IY=0000 IX=006F SP=DC93
  7.5346 RDSLT A=83 HL=2C02 DE=FC00 IY=0000 IX=006F SP=DC93
  7.5350 WRSLT A=83 HL=2C02 DE=FCFF IY=0000 IX=006F SP=DC93
  7.5354 RDSLT A=83 HL=2C01 DE=FCFF IY=0000 IX=006F SP=DC95
  7.5358 WRSLT A=83 HL=2C01 DE=FC00 IY=0000 IX=006F SP=DC93
  7.5362 RDSLT A=83 HL=2C01 DE=FC00 IY=0000 IX=006F SP=DC93
  7.5365 WRSLT A=83 HL=2C01 DE=FCFF IY=0000 IX=006F SP=DC93
  7.5369 RDSLT A=83 HL=3010 DE=FCFF IY=0000 IX=006F SP=DC95
  7.5373 WRSLT A=83 HL=3010 DE=FC00 IY=0000 IX=006F SP=DC93
  7.5377 RDSLT A=83 HL=3010 DE=FC00 IY=0000 IX=006F SP=DC93
  7.5381 WRSLT A=83 HL=3010 DE=FCFF IY=0000 IX=006F SP=DC93
  7.5385 RDSLT A=83 HL=300F DE=FCFF IY=0000 IX=006F SP=DC95
  7.5389 WRSLT A=83 HL=300F DE=FC00 IY=0000 IX=006F SP=DC93
  7.5393 RDSLT A=83 HL=300F DE=FC00 IY=0000 IX=006F SP=DC93
  7.5396 WRSLT A=83 HL=300F DE=FCFF IY=0000 IX=006F SP=DC93
  7.5400 RDSLT A=83 HL=300E DE=FCFF IY=0000 IX=006F SP=DC95
  7.5404 WRSLT A=83 HL=300E DE=FC00 IY=0000 IX=006F SP=DC93
  7.5408 RDSLT A=83 HL=300E DE=FC00 IY=0000 IX=006F SP=DC93
  7.5412 WRSLT A=83 HL=300E DE=FCFF IY=0000 IX=006F SP=DC93
  7.5416 RDSLT A=83 HL=300D DE=FCFF IY=0000 IX=006F SP=DC95
  7.5419 WRSLT A=83 HL=300D DE=FC00 IY=0000 IX=006F SP=DC93
  7.5423 RDSLT A=83 HL=300D DE=FC00 IY=0000 IX=006F SP=DC93
  7.5427 WRSLT A=83 HL=300D DE=FCFF IY=0000 IX=006F SP=DC93
  7.5431 RDSLT A=83 HL=300C DE=FCFF IY=0000 IX=006F SP=DC95
  7.5435 WRSLT A=83 HL=300C DE=FC00 IY=0000 IX=006F SP=DC93
  7.5439 RDSLT A=83 HL=300C DE=FC00 IY=0000 IX=006F SP=DC93
  7.5443 WRSLT A=83 HL=300C DE=FCFF IY=0000 IX=006F SP=DC93
  7.5446 RDSLT A=83 HL=300B DE=FCFF IY=0000 IX=006F SP=DC95
  7.5450 WRSLT A=83 HL=300B DE=FC00 IY=0000 IX=006F SP=DC93
  7.5454 RDSLT A=83 HL=300B DE=FC00 IY=0000 IX=006F SP=DC93
  7.5458 WRSLT A=83 HL=300B DE=FCFF IY=0000 IX=006F SP=DC93
  7.5462 RDSLT A=83 HL=300A DE=FCFF IY=0000 IX=006F SP=DC95
  7.5466 WRSLT A=83 HL=300A DE=FC00 IY=0000 IX=006F SP=DC93
  7.5469 RDSLT A=83 HL=300A DE=FC00 IY=0000 IX=006F SP=DC93
  7.5473 WRSLT A=83 HL=300A DE=FCFF IY=0000 IX=006F SP=DC93
  7.5477 RDSLT A=83 HL=3009 DE=FCFF IY=0000 IX=006F SP=DC95
  7.5481 WRSLT A=83 HL=3009 DE=FC00 IY=0000 IX=006F SP=DC93
  7.5485 RDSLT A=83 HL=3009 DE=FC00 IY=0000 IX=006F SP=DC93
  7.5489 WRSLT A=83 HL=3009 DE=FCFF IY=0000 IX=006F SP=DC93
  7.5493 RDSLT A=83 HL=3008 DE=FCFF IY=0000 IX=006F SP=DC95
  7.5496 WRSLT A=83 HL=3008 DE=FC00 IY=0000 IX=006F SP=DC93
  7.5500 RDSLT A=83 HL=3008 DE=FC00 IY=0000 IX=006F SP=DC93
  7.5504 WRSLT A=83 HL=3008 DE=FCFF IY=0000 IX=006F SP=DC93
  7.5508 RDSLT A=83 HL=3007 DE=FCFF IY=0000 IX=006F SP=DC95
  7.5512 WRSLT A=83 HL=3007 DE=FC00 IY=0000 IX=006F SP=DC93
  7.5516 RDSLT A=83 HL=3007 DE=FC00 IY=0000 IX=006F SP=DC93
  7.5519 WRSLT A=83 HL=3007 DE=FCFF IY=0000 IX=006F SP=DC93
  7.5523 RDSLT A=83 HL=3006 DE=FCFF IY=0000 IX=006F SP=DC95
  7.5527 WRSLT A=83 HL=3006 DE=FC00 IY=0000 IX=006F SP=DC93
  7.5531 RDSLT A=83 HL=3006 DE=FC00 IY=0000 IX=006F SP=DC93
  7.5535 WRSLT A=83 HL=3006 DE=FCFF IY=0000 IX=006F SP=DC93
  7.5539 RDSLT A=83 HL=3005 DE=FCFF IY=0000 IX=006F SP=DC95
  7.5543 WRSLT A=83 HL=3005 DE=FC00 IY=0000 IX=006F SP=DC93
  7.5546 RDSLT A=83 HL=3005 DE=FC00 IY=0000 IX=006F SP=DC93
  7.5550 WRSLT A=83 HL=3005 DE=FCFF IY=0000 IX=006F SP=DC93
  7.5554 RDSLT A=83 HL=3004 DE=FCFF IY=0000 IX=006F SP=DC95
  7.5558 WRSLT A=83 HL=3004 DE=FC00 IY=0000 IX=006F SP=DC93
  7.5562 RDSLT A=83 HL=3004 DE=FC00 IY=0000 IX=006F SP=DC93
  7.5566 WRSLT A=83 HL=3004 DE=FCFF IY=0000 IX=006F SP=DC93
  7.5570 RDSLT A=83 HL=3003 DE=FCFF IY=0000 IX=006F SP=DC95
  7.5573 WRSLT A=83 HL=3003 DE=FC00 IY=0000 IX=006F SP=DC93
  7.5577 RDSLT A=83 HL=3003 DE=FC00 IY=0000 IX=006F SP=DC93
  7.5581 WRSLT A=83 HL=3003 DE=FCFF IY=0000 IX=006F SP=DC93
  7.5585 RDSLT A=83 HL=3002 DE=FCFF IY=0000 IX=006F SP=DC95
  7.5589 WRSLT A=83 HL=3002 DE=FC00 IY=0000 IX=006F SP=DC93
  7.5593 RDSLT A=83 HL=3002 DE=FC00 IY=0000 IX=006F SP=DC93
  7.5596 WRSLT A=83 HL=3002 DE=FCFF IY=0000 IX=006F SP=DC93
  7.5600 RDSLT A=83 HL=3001 DE=FCFF IY=0000 IX=006F SP=DC95
  7.5604 WRSLT A=83 HL=3001 DE=FC00 IY=0000 IX=006F SP=DC93
  7.5608 RDSLT A=83 HL=3001 DE=FC00 IY=0000 IX=006F SP=DC93
  7.5612 WRSLT A=83 HL=3001 DE=FCFF IY=0000 IX=006F SP=DC93
  7.5616 RDSLT A=83 HL=3410 DE=FCFF IY=0000 IX=006F SP=DC95
  7.5620 WRSLT A=83 HL=3410 DE=FC00 IY=0000 IX=006F SP=DC93
  7.5624 RDSLT A=83 HL=3410 DE=FC00 IY=0000 IX=006F SP=DC93
  7.5627 WRSLT A=83 HL=3410 DE=FCFF IY=0000 IX=006F SP=DC93
  7.5631 RDSLT A=83 HL=340F DE=FCFF IY=0000 IX=006F SP=DC95
  7.5635 WRSLT A=83 HL=340F DE=FC00 IY=0000 IX=006F SP=DC93
  7.5639 RDSLT A=83 HL=340F DE=FC00 IY=0000 IX=006F SP=DC93
  7.5643 WRSLT A=83 HL=340F DE=FCFF IY=0000 IX=006F SP=DC93
  7.5647 RDSLT A=83 HL=340E DE=FCFF IY=0000 IX=006F SP=DC95
  7.5651 WRSLT A=83 HL=340E DE=FC00 IY=0000 IX=006F SP=DC93
  7.5654 RDSLT A=83 HL=340E DE=FC00 IY=0000 IX=006F SP=DC93
  7.5658 WRSLT A=83 HL=340E DE=FCFF IY=0000 IX=006F SP=DC93
  7.5662 RDSLT A=83 HL=340D DE=FCFF IY=0000 IX=006F SP=DC95
  7.5666 WRSLT A=83 HL=340D DE=FC00 IY=0000 IX=006F SP=DC93
  7.5670 RDSLT A=83 HL=340D DE=FC00 IY=0000 IX=006F SP=DC93
  7.5674 WRSLT A=83 HL=340D DE=FCFF IY=0000 IX=006F SP=DC93
  7.5677 RDSLT A=83 HL=340C DE=FCFF IY=0000 IX=006F SP=DC95
  7.5681 WRSLT A=83 HL=340C DE=FC00 IY=0000 IX=006F SP=DC93
  7.5685 RDSLT A=83 HL=340C DE=FC00 IY=0000 IX=006F SP=DC93
  7.5689 WRSLT A=83 HL=340C DE=FCFF IY=0000 IX=006F SP=DC93
  7.5693 RDSLT A=83 HL=340B DE=FCFF IY=0000 IX=006F SP=DC95
  7.5697 WRSLT A=83 HL=340B DE=FC00 IY=0000 IX=006F SP=DC93
  7.5701 RDSLT A=83 HL=340B DE=FC00 IY=0000 IX=006F SP=DC93
  7.5704 WRSLT A=83 HL=340B DE=FCFF IY=0000 IX=006F SP=DC93
  7.5708 RDSLT A=83 HL=340A DE=FCFF IY=0000 IX=006F SP=DC95
  7.5712 WRSLT A=83 HL=340A DE=FC00 IY=0000 IX=006F SP=DC93
  7.5716 RDSLT A=83 HL=340A DE=FC00 IY=0000 IX=006F SP=DC93
  7.5720 WRSLT A=83 HL=340A DE=FCFF IY=0000 IX=006F SP=DC93
  7.5724 RDSLT A=83 HL=3409 DE=FCFF IY=0000 IX=006F SP=DC95
  7.5727 WRSLT A=83 HL=3409 DE=FC00 IY=0000 IX=006F SP=DC93
  7.5731 RDSLT A=83 HL=3409 DE=FC00 IY=0000 IX=006F SP=DC93
  7.5735 WRSLT A=83 HL=3409 DE=FCFF IY=0000 IX=006F SP=DC93
  7.5739 RDSLT A=83 HL=3408 DE=FCFF IY=0000 IX=006F SP=DC95
  7.5743 WRSLT A=83 HL=3408 DE=FC00 IY=0000 IX=006F SP=DC93
  7.5747 RDSLT A=83 HL=3408 DE=FC00 IY=0000 IX=006F SP=DC93
  7.5751 WRSLT A=83 HL=3408 DE=FCFF IY=0000 IX=006F SP=DC93
  7.5754 RDSLT A=83 HL=3407 DE=FCFF IY=0000 IX=006F SP=DC95
  7.5758 WRSLT A=83 HL=3407 DE=FC00 IY=0000 IX=006F SP=DC93
  7.5762 RDSLT A=83 HL=3407 DE=FC00 IY=0000 IX=006F SP=DC93
  7.5766 WRSLT A=83 HL=3407 DE=FCFF IY=0000 IX=006F SP=DC93
  7.5770 RDSLT A=83 HL=3406 DE=FCFF IY=0000 IX=006F SP=DC95
  7.5774 WRSLT A=83 HL=3406 DE=FC00 IY=0000 IX=006F SP=DC93
  7.5777 RDSLT A=83 HL=3406 DE=FC00 IY=0000 IX=006F SP=DC93
  7.5781 WRSLT A=83 HL=3406 DE=FCFF IY=0000 IX=006F SP=DC93
  7.5785 RDSLT A=83 HL=3405 DE=FCFF IY=0000 IX=006F SP=DC95
  7.5789 WRSLT A=83 HL=3405 DE=FC00 IY=0000 IX=006F SP=DC93
  7.5793 RDSLT A=83 HL=3405 DE=FC00 IY=0000 IX=006F SP=DC93
  7.5797 WRSLT A=83 HL=3405 DE=FCFF IY=0000 IX=006F SP=DC93
  7.5801 RDSLT A=83 HL=3404 DE=FCFF IY=0000 IX=006F SP=DC95
  7.5804 WRSLT A=83 HL=3404 DE=FC00 IY=0000 IX=006F SP=DC93
  7.5808 RDSLT A=83 HL=3404 DE=FC00 IY=0000 IX=006F SP=DC93
  7.5812 WRSLT A=83 HL=3404 DE=FCFF IY=0000 IX=006F SP=DC93
  7.5816 RDSLT A=83 HL=3403 DE=FCFF IY=0000 IX=006F SP=DC95
  7.5820 WRSLT A=83 HL=3403 DE=FC00 IY=0000 IX=006F SP=DC93
  7.5824 RDSLT A=83 HL=3403 DE=FC00 IY=0000 IX=006F SP=DC93
  7.5827 WRSLT A=83 HL=3403 DE=FCFF IY=0000 IX=006F SP=DC93
  7.5831 RDSLT A=83 HL=3402 DE=FCFF IY=0000 IX=006F SP=DC95
  7.5835 WRSLT A=83 HL=3402 DE=FC00 IY=0000 IX=006F SP=DC93
  7.5839 RDSLT A=83 HL=3402 DE=FC00 IY=0000 IX=006F SP=DC93
  7.5843 WRSLT A=83 HL=3402 DE=FCFF IY=0000 IX=006F SP=DC93
  7.5847 RDSLT A=83 HL=3401 DE=FCFF IY=0000 IX=006F SP=DC95
  7.5851 WRSLT A=83 HL=3401 DE=FC00 IY=0000 IX=006F SP=DC93
  7.5854 RDSLT A=83 HL=3401 DE=FC00 IY=0000 IX=006F SP=DC93
  7.5858 WRSLT A=83 HL=3401 DE=FCFF IY=0000 IX=006F SP=DC93
  7.5862 RDSLT A=83 HL=3810 DE=FCFF IY=0000 IX=006F SP=DC95
  7.5866 WRSLT A=83 HL=3810 DE=FC00 IY=0000 IX=006F SP=DC93
  7.5870 RDSLT A=83 HL=3810 DE=FC00 IY=0000 IX=006F SP=DC93
  7.5874 WRSLT A=83 HL=3810 DE=FCFF IY=0000 IX=006F SP=DC93
  7.5878 RDSLT A=83 HL=380F DE=FCFF IY=0000 IX=006F SP=DC95
  7.5882 WRSLT A=83 HL=380F DE=FC00 IY=0000 IX=006F SP=DC93
  7.5885 RDSLT A=83 HL=380F DE=FC00 IY=0000 IX=006F SP=DC93
  7.5889 WRSLT A=83 HL=380F DE=FCFF IY=0000 IX=006F SP=DC93
  7.5893 RDSLT A=83 HL=380E DE=FCFF IY=0000 IX=006F SP=DC95
  7.5897 WRSLT A=83 HL=380E DE=FC00 IY=0000 IX=006F SP=DC93
  7.5901 RDSLT A=83 HL=380E DE=FC00 IY=0000 IX=006F SP=DC93
  7.5905 WRSLT A=83 HL=380E DE=FCFF IY=0000 IX=006F SP=DC93
  7.5909 RDSLT A=83 HL=380D DE=FCFF IY=0000 IX=006F SP=DC95
  7.5912 WRSLT A=83 HL=380D DE=FC00 IY=0000 IX=006F SP=DC93
  7.5916 RDSLT A=83 HL=380D DE=FC00 IY=0000 IX=006F SP=DC93
  7.5920 WRSLT A=83 HL=380D DE=FCFF IY=0000 IX=006F SP=DC93
  7.5924 RDSLT A=83 HL=380C DE=FCFF IY=0000 IX=006F SP=DC95
  7.5928 WRSLT A=83 HL=380C DE=FC00 IY=0000 IX=006F SP=DC93
  7.5932 RDSLT A=83 HL=380C DE=FC00 IY=0000 IX=006F SP=DC93
  7.5935 WRSLT A=83 HL=380C DE=FCFF IY=0000 IX=006F SP=DC93
  7.5939 RDSLT A=83 HL=380B DE=FCFF IY=0000 IX=006F SP=DC95
  7.5943 WRSLT A=83 HL=380B DE=FC00 IY=0000 IX=006F SP=DC93
  7.5947 RDSLT A=83 HL=380B DE=FC00 IY=0000 IX=006F SP=DC93
  7.5951 WRSLT A=83 HL=380B DE=FCFF IY=0000 IX=006F SP=DC93
  7.5955 RDSLT A=83 HL=380A DE=FCFF IY=0000 IX=006F SP=DC95
  7.5959 WRSLT A=83 HL=380A DE=FC00 IY=0000 IX=006F SP=DC93
  7.5962 RDSLT A=83 HL=380A DE=FC00 IY=0000 IX=006F SP=DC93
  7.5966 WRSLT A=83 HL=380A DE=FCFF IY=0000 IX=006F SP=DC93
  7.5970 RDSLT A=83 HL=3809 DE=FCFF IY=0000 IX=006F SP=DC95
  7.5974 WRSLT A=83 HL=3809 DE=FC00 IY=0000 IX=006F SP=DC93
  7.5978 RDSLT A=83 HL=3809 DE=FC00 IY=0000 IX=006F SP=DC93
  7.5982 WRSLT A=83 HL=3809 DE=FCFF IY=0000 IX=006F SP=DC93
  7.5986 RDSLT A=83 HL=3808 DE=FCFF IY=0000 IX=006F SP=DC95
  7.5989 WRSLT A=83 HL=3808 DE=FC00 IY=0000 IX=006F SP=DC93
  7.5993 RDSLT A=83 HL=3808 DE=FC00 IY=0000 IX=006F SP=DC93
  7.5997 WRSLT A=83 HL=3808 DE=FCFF IY=0000 IX=006F SP=DC93
  7.6001 RDSLT A=83 HL=3807 DE=FCFF IY=0000 IX=006F SP=DC95
  7.6005 WRSLT A=83 HL=3807 DE=FC00 IY=0000 IX=006F SP=DC93
  7.6009 RDSLT A=83 HL=3807 DE=FC00 IY=0000 IX=006F SP=DC93
  7.6012 WRSLT A=83 HL=3807 DE=FCFF IY=0000 IX=006F SP=DC93
  7.6016 RDSLT A=83 HL=3806 DE=FCFF IY=0000 IX=006F SP=DC95
  7.6020 WRSLT A=83 HL=3806 DE=FC00 IY=0000 IX=006F SP=DC93
  7.6024 RDSLT A=83 HL=3806 DE=FC00 IY=0000 IX=006F SP=DC93
  7.6028 WRSLT A=83 HL=3806 DE=FCFF IY=0000 IX=006F SP=DC93
  7.6032 RDSLT A=83 HL=3805 DE=FCFF IY=0000 IX=006F SP=DC95
  7.6035 WRSLT A=83 HL=3805 DE=FC00 IY=0000 IX=006F SP=DC93
  7.6039 RDSLT A=83 HL=3805 DE=FC00 IY=0000 IX=006F SP=DC93
  7.6043 WRSLT A=83 HL=3805 DE=FCFF IY=0000 IX=006F SP=DC93
  7.6047 RDSLT A=83 HL=3804 DE=FCFF IY=0000 IX=006F SP=DC95
  7.6051 WRSLT A=83 HL=3804 DE=FC00 IY=0000 IX=006F SP=DC93
  7.6055 RDSLT A=83 HL=3804 DE=FC00 IY=0000 IX=006F SP=DC93
  7.6059 WRSLT A=83 HL=3804 DE=FCFF IY=0000 IX=006F SP=DC93
  7.6062 RDSLT A=83 HL=3803 DE=FCFF IY=0000 IX=006F SP=DC95
  7.6066 WRSLT A=83 HL=3803 DE=FC00 IY=0000 IX=006F SP=DC93
  7.6070 RDSLT A=83 HL=3803 DE=FC00 IY=0000 IX=006F SP=DC93
  7.6074 WRSLT A=83 HL=3803 DE=FCFF IY=0000 IX=006F SP=DC93
  7.6078 RDSLT A=83 HL=3802 DE=FCFF IY=0000 IX=006F SP=DC95
  7.6082 WRSLT A=83 HL=3802 DE=FC00 IY=0000 IX=006F SP=DC93
  7.6085 RDSLT A=83 HL=3802 DE=FC00 IY=0000 IX=006F SP=DC93
  7.6089 WRSLT A=83 HL=3802 DE=FCFF IY=0000 IX=006F SP=DC93
  7.6093 RDSLT A=83 HL=3801 DE=FCFF IY=0000 IX=006F SP=DC95
  7.6097 WRSLT A=83 HL=3801 DE=FC00 IY=0000 IX=006F SP=DC93
  7.6101 RDSLT A=83 HL=3801 DE=FC00 IY=0000 IX=006F SP=DC93
  7.6105 WRSLT A=83 HL=3801 DE=FCFF IY=0000 IX=006F SP=DC93
  7.6109 RDSLT A=83 HL=3C10 DE=FCFF IY=0000 IX=006F SP=DC95
  7.6113 WRSLT A=83 HL=3C10 DE=FC00 IY=0000 IX=006F SP=DC93
  7.6116 RDSLT A=83 HL=3C10 DE=FC00 IY=0000 IX=006F SP=DC93
  7.6120 WRSLT A=83 HL=3C10 DE=FCFF IY=0000 IX=006F SP=DC93
  7.6124 RDSLT A=83 HL=3C0F DE=FCFF IY=0000 IX=006F SP=DC95
  7.6128 WRSLT A=83 HL=3C0F DE=FC00 IY=0000 IX=006F SP=DC93
  7.6132 RDSLT A=83 HL=3C0F DE=FC00 IY=0000 IX=006F SP=DC93
  7.6136 WRSLT A=83 HL=3C0F DE=FCFF IY=0000 IX=006F SP=DC93
  7.6140 RDSLT A=83 HL=3C0E DE=FCFF IY=0000 IX=006F SP=DC95
  7.6143 WRSLT A=83 HL=3C0E DE=FC00 IY=0000 IX=006F SP=DC93
  7.6147 RDSLT A=83 HL=3C0E DE=FC00 IY=0000 IX=006F SP=DC93
  7.6151 WRSLT A=83 HL=3C0E DE=FCFF IY=0000 IX=006F SP=DC93
  7.6155 RDSLT A=83 HL=3C0D DE=FCFF IY=0000 IX=006F SP=DC95
  7.6159 WRSLT A=83 HL=3C0D DE=FC00 IY=0000 IX=006F SP=DC93
  7.6163 RDSLT A=83 HL=3C0D DE=FC00 IY=0000 IX=006F SP=DC93
  7.6166 WRSLT A=83 HL=3C0D DE=FCFF IY=0000 IX=006F SP=DC93
  7.6170 RDSLT A=83 HL=3C0C DE=FCFF IY=0000 IX=006F SP=DC95
  7.6174 WRSLT A=83 HL=3C0C DE=FC00 IY=0000 IX=006F SP=DC93
  7.6178 RDSLT A=83 HL=3C0C DE=FC00 IY=0000 IX=006F SP=DC93
  7.6182 WRSLT A=83 HL=3C0C DE=FCFF IY=0000 IX=006F SP=DC93
  7.6186 RDSLT A=83 HL=3C0B DE=FCFF IY=0000 IX=006F SP=DC95
  7.6190 WRSLT A=83 HL=3C0B DE=FC00 IY=0000 IX=006F SP=DC93
  7.6193 RDSLT A=83 HL=3C0B DE=FC00 IY=0000 IX=006F SP=DC93
  7.6197 WRSLT A=83 HL=3C0B DE=FCFF IY=0000 IX=006F SP=DC93
  7.6201 RDSLT A=83 HL=3C0A DE=FCFF IY=0000 IX=006F SP=DC95
  7.6205 WRSLT A=83 HL=3C0A DE=FC00 IY=0000 IX=006F SP=DC93
  7.6209 RDSLT A=83 HL=3C0A DE=FC00 IY=0000 IX=006F SP=DC93
  7.6213 WRSLT A=83 HL=3C0A DE=FCFF IY=0000 IX=006F SP=DC93
  7.6217 RDSLT A=83 HL=3C09 DE=FCFF IY=0000 IX=006F SP=DC95
  7.6220 WRSLT A=83 HL=3C09 DE=FC00 IY=0000 IX=006F SP=DC93
  7.6224 RDSLT A=83 HL=3C09 DE=FC00 IY=0000 IX=006F SP=DC93
  7.6228 WRSLT A=83 HL=3C09 DE=FCFF IY=0000 IX=006F SP=DC93
  7.6232 RDSLT A=83 HL=3C08 DE=FCFF IY=0000 IX=006F SP=DC95
  7.6236 WRSLT A=83 HL=3C08 DE=FC00 IY=0000 IX=006F SP=DC93
  7.6240 RDSLT A=83 HL=3C08 DE=FC00 IY=0000 IX=006F SP=DC93
  7.6243 WRSLT A=83 HL=3C08 DE=FCFF IY=0000 IX=006F SP=DC93
  7.6247 RDSLT A=83 HL=3C07 DE=FCFF IY=0000 IX=006F SP=DC95
  7.6251 WRSLT A=83 HL=3C07 DE=FC00 IY=0000 IX=006F SP=DC93
  7.6255 RDSLT A=83 HL=3C07 DE=FC00 IY=0000 IX=006F SP=DC93
  7.6259 WRSLT A=83 HL=3C07 DE=FCFF IY=0000 IX=006F SP=DC93
  7.6263 RDSLT A=83 HL=3C06 DE=FCFF IY=0000 IX=006F SP=DC95
  7.6267 WRSLT A=83 HL=3C06 DE=FC00 IY=0000 IX=006F SP=DC93
  7.6270 RDSLT A=83 HL=3C06 DE=FC00 IY=0000 IX=006F SP=DC93
  7.6274 WRSLT A=83 HL=3C06 DE=FCFF IY=0000 IX=006F SP=DC93
  7.6278 RDSLT A=83 HL=3C05 DE=FCFF IY=0000 IX=006F SP=DC95
  7.6282 WRSLT A=83 HL=3C05 DE=FC00 IY=0000 IX=006F SP=DC93
  7.6286 RDSLT A=83 HL=3C05 DE=FC00 IY=0000 IX=006F SP=DC93
  7.6290 WRSLT A=83 HL=3C05 DE=FCFF IY=0000 IX=006F SP=DC93
  7.6294 RDSLT A=83 HL=3C04 DE=FCFF IY=0000 IX=006F SP=DC95
  7.6297 WRSLT A=83 HL=3C04 DE=FC00 IY=0000 IX=006F SP=DC93
  7.6301 RDSLT A=83 HL=3C04 DE=FC00 IY=0000 IX=006F SP=DC93
  7.6305 WRSLT A=83 HL=3C04 DE=FCFF IY=0000 IX=006F SP=DC93
  7.6309 RDSLT A=83 HL=3C03 DE=FCFF IY=0000 IX=006F SP=DC95
  7.6313 WRSLT A=83 HL=3C03 DE=FC00 IY=0000 IX=006F SP=DC93
  7.6317 RDSLT A=83 HL=3C03 DE=FC00 IY=0000 IX=006F SP=DC93
  7.6320 WRSLT A=83 HL=3C03 DE=FCFF IY=0000 IX=006F SP=DC93
  7.6324 RDSLT A=83 HL=3C02 DE=FCFF IY=0000 IX=006F SP=DC95
  7.6328 WRSLT A=83 HL=3C02 DE=FC00 IY=0000 IX=006F SP=DC93
  7.6332 RDSLT A=83 HL=3C02 DE=FC00 IY=0000 IX=006F SP=DC93
  7.6336 WRSLT A=83 HL=3C02 DE=FCFF IY=0000 IX=006F SP=DC93
  7.6340 RDSLT A=83 HL=3C01 DE=FCFF IY=0000 IX=006F SP=DC95
  7.6343 WRSLT A=83 HL=3C01 DE=FC00 IY=0000 IX=006F SP=DC93
  7.6347 RDSLT A=83 HL=3C01 DE=FC00 IY=0000 IX=006F SP=DC93
  7.6351 WRSLT A=83 HL=3C01 DE=FCFF IY=0000 IX=006F SP=DC93
  7.6356 RDSLT A=00 HL=4010 DE=FCFF IY=0000 IX=006F SP=DC95
  7.6357 WRSLT A=00 HL=4010 DE=FCD3 IY=0000 IX=006F SP=DC93
  7.6358 RDSLT A=00 HL=4010 DE=FCD3 IY=0000 IX=006F SP=DC93
  7.6359 WRSLT A=00 HL=4010 DE=FC2C IY=0000 IX=006F SP=DC93
  7.6361 RDSLT A=01 HL=4010 DE=FC2C IY=0000 IX=006F SP=DC95
  7.6362 WRSLT A=01 HL=4010 DE=FC00 IY=0000 IX=006F SP=DC93
  7.6364 RDSLT A=01 HL=4010 DE=FC00 IY=0000 IX=006F SP=DC93
  7.6365 WRSLT A=01 HL=4010 DE=FCFF IY=0000 IX=006F SP=DC93
  7.6367 RDSLT A=02 HL=4010 DE=FCFF IY=0000 IX=006F SP=DC95
  7.6368 WRSLT A=02 HL=4010 DE=FC00 IY=0000 IX=006F SP=DC93
  7.6369 RDSLT A=02 HL=4010 DE=FC00 IY=0000 IX=006F SP=DC93
  7.6371 WRSLT A=02 HL=4010 DE=FCFF IY=0000 IX=006F SP=DC93
  7.6373 RDSLT A=83 HL=4010 DE=FCFF IY=0000 IX=006F SP=DC95
  7.6377 WRSLT A=83 HL=4010 DE=FC00 IY=0000 IX=006F SP=DC93
  7.6381 RDSLT A=83 HL=4010 DE=FC00 IY=0000 IX=006F SP=DC93
  7.6385 WRSLT A=83 HL=4010 DE=FCFF IY=0000 IX=006F SP=DC93
  7.6389 RDSLT A=83 HL=400F DE=FCFF IY=0000 IX=006F SP=DC95
  7.6393 WRSLT A=83 HL=400F DE=FC00 IY=0000 IX=006F SP=DC93
  7.6397 RDSLT A=83 HL=400F DE=FC00 IY=0000 IX=006F SP=DC93
  7.6401 WRSLT A=83 HL=400F DE=FCFF IY=0000 IX=006F SP=DC93
  7.6405 RDSLT A=83 HL=400E DE=FCFF IY=0000 IX=006F SP=DC95
  7.6409 WRSLT A=83 HL=400E DE=FC00 IY=0000 IX=006F SP=DC93
  7.6413 RDSLT A=83 HL=400E DE=FC00 IY=0000 IX=006F SP=DC93
  7.6416 WRSLT A=83 HL=400E DE=FCFF IY=0000 IX=006F SP=DC93
  7.6421 RDSLT A=83 HL=400D DE=FCFF IY=0000 IX=006F SP=DC95
  7.6424 WRSLT A=83 HL=400D DE=FC00 IY=0000 IX=006F SP=DC93
  7.6428 RDSLT A=83 HL=400D DE=FC00 IY=0000 IX=006F SP=DC93
  7.6432 WRSLT A=83 HL=400D DE=FCFF IY=0000 IX=006F SP=DC93
  7.6437 RDSLT A=83 HL=400C DE=FCFF IY=0000 IX=006F SP=DC95
  7.6440 WRSLT A=83 HL=400C DE=FC00 IY=0000 IX=006F SP=DC93
  7.6444 RDSLT A=83 HL=400C DE=FC00 IY=0000 IX=006F SP=DC93
  7.6448 WRSLT A=83 HL=400C DE=FCFF IY=0000 IX=006F SP=DC93
  7.6452 RDSLT A=83 HL=400B DE=FCFF IY=0000 IX=006F SP=DC95
  7.6456 WRSLT A=83 HL=400B DE=FC00 IY=0000 IX=006F SP=DC93
  7.6460 RDSLT A=83 HL=400B DE=FC00 IY=0000 IX=006F SP=DC93
  7.6464 WRSLT A=83 HL=400B DE=FCFF IY=0000 IX=006F SP=DC93
  7.6468 RDSLT A=83 HL=400A DE=FCFF IY=0000 IX=006F SP=DC95
  7.6472 WRSLT A=83 HL=400A DE=FC00 IY=0000 IX=006F SP=DC93
  7.6476 RDSLT A=83 HL=400A DE=FC00 IY=0000 IX=006F SP=DC93
  7.6480 WRSLT A=83 HL=400A DE=FCFF IY=0000 IX=006F SP=DC93
  7.6484 RDSLT A=83 HL=4009 DE=FCFF IY=0000 IX=006F SP=DC95
  7.6488 WRSLT A=83 HL=4009 DE=FC00 IY=0000 IX=006F SP=DC93
  7.6492 RDSLT A=83 HL=4009 DE=FC00 IY=0000 IX=006F SP=DC93
  7.6496 WRSLT A=83 HL=4009 DE=FCFF IY=0000 IX=006F SP=DC93
  7.6500 RDSLT A=83 HL=4008 DE=FCFF IY=0000 IX=006F SP=DC95
  7.6504 WRSLT A=83 HL=4008 DE=FC00 IY=0000 IX=006F SP=DC93
  7.6508 RDSLT A=83 HL=4008 DE=FC00 IY=0000 IX=006F SP=DC93
  7.6512 WRSLT A=83 HL=4008 DE=FCFF IY=0000 IX=006F SP=DC93
  7.6516 RDSLT A=83 HL=4007 DE=FCFF IY=0000 IX=006F SP=DC95
  7.6520 WRSLT A=83 HL=4007 DE=FC00 IY=0000 IX=006F SP=DC93
  7.6524 RDSLT A=83 HL=4007 DE=FC00 IY=0000 IX=006F SP=DC93
  7.6528 WRSLT A=83 HL=4007 DE=FCFF IY=0000 IX=006F SP=DC93
  7.6532 RDSLT A=83 HL=4006 DE=FCFF IY=0000 IX=006F SP=DC95
  7.6536 WRSLT A=83 HL=4006 DE=FC00 IY=0000 IX=006F SP=DC93
  7.6540 RDSLT A=83 HL=4006 DE=FC00 IY=0000 IX=006F SP=DC93
  7.6544 WRSLT A=83 HL=4006 DE=FCFF IY=0000 IX=006F SP=DC93
  7.6548 RDSLT A=83 HL=4005 DE=FCFF IY=0000 IX=006F SP=DC95
  7.6552 WRSLT A=83 HL=4005 DE=FC00 IY=0000 IX=006F SP=DC93
  7.6556 RDSLT A=83 HL=4005 DE=FC00 IY=0000 IX=006F SP=DC93
  7.6560 WRSLT A=83 HL=4005 DE=FCFF IY=0000 IX=006F SP=DC93
  7.6564 RDSLT A=83 HL=4004 DE=FCFF IY=0000 IX=006F SP=DC95
  7.6568 WRSLT A=83 HL=4004 DE=FC00 IY=0000 IX=006F SP=DC93
  7.6572 RDSLT A=83 HL=4004 DE=FC00 IY=0000 IX=006F SP=DC93
  7.6576 WRSLT A=83 HL=4004 DE=FCFF IY=0000 IX=006F SP=DC93
  7.6580 RDSLT A=83 HL=4003 DE=FCFF IY=0000 IX=006F SP=DC95
  7.6584 WRSLT A=83 HL=4003 DE=FC00 IY=0000 IX=006F SP=DC93
  7.6588 RDSLT A=83 HL=4003 DE=FC00 IY=0000 IX=006F SP=DC93
  7.6592 WRSLT A=83 HL=4003 DE=FCFF IY=0000 IX=006F SP=DC93
  7.6596 RDSLT A=83 HL=4002 DE=FCFF IY=0000 IX=006F SP=DC95
  7.6600 WRSLT A=83 HL=4002 DE=FC00 IY=0000 IX=006F SP=DC93
  7.6604 RDSLT A=83 HL=4002 DE=FC00 IY=0000 IX=006F SP=DC93
  7.6608 WRSLT A=83 HL=4002 DE=FCFF IY=0000 IX=006F SP=DC93
  7.6612 RDSLT A=83 HL=4001 DE=FCFF IY=0000 IX=006F SP=DC95
  7.6616 WRSLT A=83 HL=4001 DE=FC00 IY=0000 IX=006F SP=DC93
  7.6620 RDSLT A=83 HL=4001 DE=FC00 IY=0000 IX=006F SP=DC93
  7.6624 WRSLT A=83 HL=4001 DE=FCFF IY=0000 IX=006F SP=DC93
  7.6628 RDSLT A=83 HL=4410 DE=FCFF IY=0000 IX=006F SP=DC95
  7.6632 WRSLT A=83 HL=4410 DE=FC00 IY=0000 IX=006F SP=DC93
  7.6636 RDSLT A=83 HL=4410 DE=FC00 IY=0000 IX=006F SP=DC93
  7.6640 WRSLT A=83 HL=4410 DE=FCFF IY=0000 IX=006F SP=DC93
  7.6644 RDSLT A=83 HL=440F DE=FCFF IY=0000 IX=006F SP=DC95
  7.6648 WRSLT A=83 HL=440F DE=FC00 IY=0000 IX=006F SP=DC93
  7.6652 RDSLT A=83 HL=440F DE=FC00 IY=0000 IX=006F SP=DC93
  7.6656 WRSLT A=83 HL=440F DE=FCFF IY=0000 IX=006F SP=DC93
  7.6660 RDSLT A=83 HL=440E DE=FCFF IY=0000 IX=006F SP=DC95
  7.6664 WRSLT A=83 HL=440E DE=FC00 IY=0000 IX=006F SP=DC93
  7.6668 RDSLT A=83 HL=440E DE=FC00 IY=0000 IX=006F SP=DC93
  7.6672 WRSLT A=83 HL=440E DE=FCFF IY=0000 IX=006F SP=DC93
  7.6676 RDSLT A=83 HL=440D DE=FCFF IY=0000 IX=006F SP=DC95
  7.6680 WRSLT A=83 HL=440D DE=FC00 IY=0000 IX=006F SP=DC93
  7.6684 RDSLT A=83 HL=440D DE=FC00 IY=0000 IX=006F SP=DC93
  7.6688 WRSLT A=83 HL=440D DE=FCFF IY=0000 IX=006F SP=DC93
  7.6692 RDSLT A=83 HL=440C DE=FCFF IY=0000 IX=006F SP=DC95
  7.6696 WRSLT A=83 HL=440C DE=FC00 IY=0000 IX=006F SP=DC93
  7.6700 RDSLT A=83 HL=440C DE=FC00 IY=0000 IX=006F SP=DC93
  7.6704 WRSLT A=83 HL=440C DE=FCFF IY=0000 IX=006F SP=DC93
  7.6708 RDSLT A=83 HL=440B DE=FCFF IY=0000 IX=006F SP=DC95
  7.6712 WRSLT A=83 HL=440B DE=FC00 IY=0000 IX=006F SP=DC93
  7.6716 RDSLT A=83 HL=440B DE=FC00 IY=0000 IX=006F SP=DC93
  7.6720 WRSLT A=83 HL=440B DE=FCFF IY=0000 IX=006F SP=DC93
  7.6724 RDSLT A=83 HL=440A DE=FCFF IY=0000 IX=006F SP=DC95
  7.6728 WRSLT A=83 HL=440A DE=FC00 IY=0000 IX=006F SP=DC93
  7.6732 RDSLT A=83 HL=440A DE=FC00 IY=0000 IX=006F SP=DC93
  7.6736 WRSLT A=83 HL=440A DE=FCFF IY=0000 IX=006F SP=DC93
  7.6740 RDSLT A=83 HL=4409 DE=FCFF IY=0000 IX=006F SP=DC95
  7.6744 WRSLT A=83 HL=4409 DE=FC00 IY=0000 IX=006F SP=DC93
  7.6748 RDSLT A=83 HL=4409 DE=FC00 IY=0000 IX=006F SP=DC93
  7.6752 WRSLT A=83 HL=4409 DE=FCFF IY=0000 IX=006F SP=DC93
  7.6756 RDSLT A=83 HL=4408 DE=FCFF IY=0000 IX=006F SP=DC95
  7.6760 WRSLT A=83 HL=4408 DE=FC00 IY=0000 IX=006F SP=DC93
  7.6764 RDSLT A=83 HL=4408 DE=FC00 IY=0000 IX=006F SP=DC93
  7.6768 WRSLT A=83 HL=4408 DE=FCFF IY=0000 IX=006F SP=DC93
  7.6772 RDSLT A=83 HL=4407 DE=FCFF IY=0000 IX=006F SP=DC95
  7.6776 WRSLT A=83 HL=4407 DE=FC00 IY=0000 IX=006F SP=DC93
  7.6780 RDSLT A=83 HL=4407 DE=FC00 IY=0000 IX=006F SP=DC93
  7.6784 WRSLT A=83 HL=4407 DE=FCFF IY=0000 IX=006F SP=DC93
  7.6788 RDSLT A=83 HL=4406 DE=FCFF IY=0000 IX=006F SP=DC95
  7.6792 WRSLT A=83 HL=4406 DE=FC00 IY=0000 IX=006F SP=DC93
  7.6796 RDSLT A=83 HL=4406 DE=FC00 IY=0000 IX=006F SP=DC93
  7.6800 WRSLT A=83 HL=4406 DE=FCFF IY=0000 IX=006F SP=DC93
  7.6804 RDSLT A=83 HL=4405 DE=FCFF IY=0000 IX=006F SP=DC95
  7.6808 WRSLT A=83 HL=4405 DE=FC00 IY=0000 IX=006F SP=DC93
  7.6812 RDSLT A=83 HL=4405 DE=FC00 IY=0000 IX=006F SP=DC93
  7.6816 WRSLT A=83 HL=4405 DE=FCFF IY=0000 IX=006F SP=DC93
  7.6820 RDSLT A=83 HL=4404 DE=FCFF IY=0000 IX=006F SP=DC95
  7.6824 WRSLT A=83 HL=4404 DE=FC00 IY=0000 IX=006F SP=DC93
  7.6828 RDSLT A=83 HL=4404 DE=FC00 IY=0000 IX=006F SP=DC93
  7.6832 WRSLT A=83 HL=4404 DE=FCFF IY=0000 IX=006F SP=DC93
  7.6836 RDSLT A=83 HL=4403 DE=FCFF IY=0000 IX=006F SP=DC95
  7.6840 WRSLT A=83 HL=4403 DE=FC00 IY=0000 IX=006F SP=DC93
  7.6844 RDSLT A=83 HL=4403 DE=FC00 IY=0000 IX=006F SP=DC93
  7.6848 WRSLT A=83 HL=4403 DE=FCFF IY=0000 IX=006F SP=DC93
  7.6852 RDSLT A=83 HL=4402 DE=FCFF IY=0000 IX=006F SP=DC95
  7.6856 WRSLT A=83 HL=4402 DE=FC00 IY=0000 IX=006F SP=DC93
  7.6860 RDSLT A=83 HL=4402 DE=FC00 IY=0000 IX=006F SP=DC93
  7.6864 WRSLT A=83 HL=4402 DE=FCFF IY=0000 IX=006F SP=DC93
  7.6868 RDSLT A=83 HL=4401 DE=FCFF IY=0000 IX=006F SP=DC95
  7.6872 WRSLT A=83 HL=4401 DE=FC00 IY=0000 IX=006F SP=DC93
  7.6876 RDSLT A=83 HL=4401 DE=FC00 IY=0000 IX=006F SP=DC93
  7.6880 WRSLT A=83 HL=4401 DE=FCFF IY=0000 IX=006F SP=DC93
  7.6884 RDSLT A=83 HL=4810 DE=FCFF IY=0000 IX=006F SP=DC95
  7.6888 WRSLT A=83 HL=4810 DE=FC00 IY=0000 IX=006F SP=DC93
  7.6892 RDSLT A=83 HL=4810 DE=FC00 IY=0000 IX=006F SP=DC93
  7.6896 WRSLT A=83 HL=4810 DE=FCFF IY=0000 IX=006F SP=DC93
  7.6900 RDSLT A=83 HL=480F DE=FCFF IY=0000 IX=006F SP=DC95
  7.6904 WRSLT A=83 HL=480F DE=FC00 IY=0000 IX=006F SP=DC93
  7.6908 RDSLT A=83 HL=480F DE=FC00 IY=0000 IX=006F SP=DC93
  7.6912 WRSLT A=83 HL=480F DE=FCFF IY=0000 IX=006F SP=DC93
  7.6916 RDSLT A=83 HL=480E DE=FCFF IY=0000 IX=006F SP=DC95
  7.6920 WRSLT A=83 HL=480E DE=FC00 IY=0000 IX=006F SP=DC93
  7.6924 RDSLT A=83 HL=480E DE=FC00 IY=0000 IX=006F SP=DC93
  7.6928 WRSLT A=83 HL=480E DE=FCFF IY=0000 IX=006F SP=DC93
  7.6932 RDSLT A=83 HL=480D DE=FCFF IY=0000 IX=006F SP=DC95
  7.6936 WRSLT A=83 HL=480D DE=FC00 IY=0000 IX=006F SP=DC93
  7.6940 RDSLT A=83 HL=480D DE=FC00 IY=0000 IX=006F SP=DC93
  7.6944 WRSLT A=83 HL=480D DE=FCFF IY=0000 IX=006F SP=DC93
  7.6948 RDSLT A=83 HL=480C DE=FCFF IY=0000 IX=006F SP=DC95
  7.6952 WRSLT A=83 HL=480C DE=FC00 IY=0000 IX=006F SP=DC93
  7.6956 RDSLT A=83 HL=480C DE=FC00 IY=0000 IX=006F SP=DC93
  7.6960 WRSLT A=83 HL=480C DE=FCFF IY=0000 IX=006F SP=DC93
  7.6964 RDSLT A=83 HL=480B DE=FCFF IY=0000 IX=006F SP=DC95
  7.6968 WRSLT A=83 HL=480B DE=FC00 IY=0000 IX=006F SP=DC93
  7.6972 RDSLT A=83 HL=480B DE=FC00 IY=0000 IX=006F SP=DC93
  7.6976 WRSLT A=83 HL=480B DE=FCFF IY=0000 IX=006F SP=DC93
  7.6980 RDSLT A=83 HL=480A DE=FCFF IY=0000 IX=006F SP=DC95
  7.6984 WRSLT A=83 HL=480A DE=FC00 IY=0000 IX=006F SP=DC93
  7.6988 RDSLT A=83 HL=480A DE=FC00 IY=0000 IX=006F SP=DC93
  7.6992 WRSLT A=83 HL=480A DE=FCFF IY=0000 IX=006F SP=DC93
  7.6996 RDSLT A=83 HL=4809 DE=FCFF IY=0000 IX=006F SP=DC95
  7.7000 WRSLT A=83 HL=4809 DE=FC00 IY=0000 IX=006F SP=DC93
  7.7004 RDSLT A=83 HL=4809 DE=FC00 IY=0000 IX=006F SP=DC93
  7.7008 WRSLT A=83 HL=4809 DE=FCFF IY=0000 IX=006F SP=DC93
  7.7012 RDSLT A=83 HL=4808 DE=FCFF IY=0000 IX=006F SP=DC95
  7.7016 WRSLT A=83 HL=4808 DE=FC00 IY=0000 IX=006F SP=DC93
  7.7020 RDSLT A=83 HL=4808 DE=FC00 IY=0000 IX=006F SP=DC93
  7.7024 WRSLT A=83 HL=4808 DE=FCFF IY=0000 IX=006F SP=DC93
  7.7028 RDSLT A=83 HL=4807 DE=FCFF IY=0000 IX=006F SP=DC95
  7.7032 WRSLT A=83 HL=4807 DE=FC00 IY=0000 IX=006F SP=DC93
  7.7036 RDSLT A=83 HL=4807 DE=FC00 IY=0000 IX=006F SP=DC93
  7.7040 WRSLT A=83 HL=4807 DE=FCFF IY=0000 IX=006F SP=DC93
  7.7044 RDSLT A=83 HL=4806 DE=FCFF IY=0000 IX=006F SP=DC95
  7.7048 WRSLT A=83 HL=4806 DE=FC00 IY=0000 IX=006F SP=DC93
  7.7052 RDSLT A=83 HL=4806 DE=FC00 IY=0000 IX=006F SP=DC93
  7.7056 WRSLT A=83 HL=4806 DE=FCFF IY=0000 IX=006F SP=DC93
  7.7060 RDSLT A=83 HL=4805 DE=FCFF IY=0000 IX=006F SP=DC95
  7.7064 WRSLT A=83 HL=4805 DE=FC00 IY=0000 IX=006F SP=DC93
  7.7068 RDSLT A=83 HL=4805 DE=FC00 IY=0000 IX=006F SP=DC93
  7.7072 WRSLT A=83 HL=4805 DE=FCFF IY=0000 IX=006F SP=DC93
  7.7076 RDSLT A=83 HL=4804 DE=FCFF IY=0000 IX=006F SP=DC95
  7.7080 WRSLT A=83 HL=4804 DE=FC00 IY=0000 IX=006F SP=DC93
  7.7084 RDSLT A=83 HL=4804 DE=FC00 IY=0000 IX=006F SP=DC93
  7.7088 WRSLT A=83 HL=4804 DE=FCFF IY=0000 IX=006F SP=DC93
  7.7092 RDSLT A=83 HL=4803 DE=FCFF IY=0000 IX=006F SP=DC95
  7.7096 WRSLT A=83 HL=4803 DE=FC00 IY=0000 IX=006F SP=DC93
  7.7100 RDSLT A=83 HL=4803 DE=FC00 IY=0000 IX=006F SP=DC93
  7.7104 WRSLT A=83 HL=4803 DE=FCFF IY=0000 IX=006F SP=DC93
  7.7108 RDSLT A=83 HL=4802 DE=FCFF IY=0000 IX=006F SP=DC95
  7.7112 WRSLT A=83 HL=4802 DE=FC00 IY=0000 IX=006F SP=DC93
  7.7116 RDSLT A=83 HL=4802 DE=FC00 IY=0000 IX=006F SP=DC93
  7.7120 WRSLT A=83 HL=4802 DE=FCFF IY=0000 IX=006F SP=DC93
  7.7124 RDSLT A=83 HL=4801 DE=FCFF IY=0000 IX=006F SP=DC95
  7.7128 WRSLT A=83 HL=4801 DE=FC00 IY=0000 IX=006F SP=DC93
  7.7132 RDSLT A=83 HL=4801 DE=FC00 IY=0000 IX=006F SP=DC93
  7.7136 WRSLT A=83 HL=4801 DE=FCFF IY=0000 IX=006F SP=DC93
  7.7140 RDSLT A=83 HL=4C10 DE=FCFF IY=0000 IX=006F SP=DC95
  7.7144 WRSLT A=83 HL=4C10 DE=FC00 IY=0000 IX=006F SP=DC93
  7.7148 RDSLT A=83 HL=4C10 DE=FC00 IY=0000 IX=006F SP=DC93
  7.7152 WRSLT A=83 HL=4C10 DE=FCFF IY=0000 IX=006F SP=DC93
  7.7156 RDSLT A=83 HL=4C0F DE=FCFF IY=0000 IX=006F SP=DC95
  7.7160 WRSLT A=83 HL=4C0F DE=FC00 IY=0000 IX=006F SP=DC93
  7.7164 RDSLT A=83 HL=4C0F DE=FC00 IY=0000 IX=006F SP=DC93
  7.7168 WRSLT A=83 HL=4C0F DE=FCFF IY=0000 IX=006F SP=DC93
  7.7172 RDSLT A=83 HL=4C0E DE=FCFF IY=0000 IX=006F SP=DC95
  7.7176 WRSLT A=83 HL=4C0E DE=FC00 IY=0000 IX=006F SP=DC93
  7.7180 RDSLT A=83 HL=4C0E DE=FC00 IY=0000 IX=006F SP=DC93
  7.7184 WRSLT A=83 HL=4C0E DE=FCFF IY=0000 IX=006F SP=DC93
  7.7188 RDSLT A=83 HL=4C0D DE=FCFF IY=0000 IX=006F SP=DC95
  7.7192 WRSLT A=83 HL=4C0D DE=FC00 IY=0000 IX=006F SP=DC93
  7.7196 RDSLT A=83 HL=4C0D DE=FC00 IY=0000 IX=006F SP=DC93
  7.7200 WRSLT A=83 HL=4C0D DE=FCFF IY=0000 IX=006F SP=DC93
  7.7204 RDSLT A=83 HL=4C0C DE=FCFF IY=0000 IX=006F SP=DC95
  7.7208 WRSLT A=83 HL=4C0C DE=FC00 IY=0000 IX=006F SP=DC93
  7.7212 RDSLT A=83 HL=4C0C DE=FC00 IY=0000 IX=006F SP=DC93
  7.7216 WRSLT A=83 HL=4C0C DE=FCFF IY=0000 IX=006F SP=DC93
  7.7220 RDSLT A=83 HL=4C0B DE=FCFF IY=0000 IX=006F SP=DC95
  7.7224 WRSLT A=83 HL=4C0B DE=FC00 IY=0000 IX=006F SP=DC93
  7.7228 RDSLT A=83 HL=4C0B DE=FC00 IY=0000 IX=006F SP=DC93
  7.7232 WRSLT A=83 HL=4C0B DE=FCFF IY=0000 IX=006F SP=DC93
  7.7236 RDSLT A=83 HL=4C0A DE=FCFF IY=0000 IX=006F SP=DC95
  7.7240 WRSLT A=83 HL=4C0A DE=FC00 IY=0000 IX=006F SP=DC93
  7.7244 RDSLT A=83 HL=4C0A DE=FC00 IY=0000 IX=006F SP=DC93
  7.7248 WRSLT A=83 HL=4C0A DE=FCFF IY=0000 IX=006F SP=DC93
  7.7252 RDSLT A=83 HL=4C09 DE=FCFF IY=0000 IX=006F SP=DC95
  7.7256 WRSLT A=83 HL=4C09 DE=FC00 IY=0000 IX=006F SP=DC93
  7.7260 RDSLT A=83 HL=4C09 DE=FC00 IY=0000 IX=006F SP=DC93
  7.7264 WRSLT A=83 HL=4C09 DE=FCFF IY=0000 IX=006F SP=DC93
  7.7268 RDSLT A=83 HL=4C08 DE=FCFF IY=0000 IX=006F SP=DC95
  7.7272 WRSLT A=83 HL=4C08 DE=FC00 IY=0000 IX=006F SP=DC93
  7.7276 RDSLT A=83 HL=4C08 DE=FC00 IY=0000 IX=006F SP=DC93
  7.7280 WRSLT A=83 HL=4C08 DE=FCFF IY=0000 IX=006F SP=DC93
  7.7284 RDSLT A=83 HL=4C07 DE=FCFF IY=0000 IX=006F SP=DC95
  7.7288 WRSLT A=83 HL=4C07 DE=FC00 IY=0000 IX=006F SP=DC93
  7.7292 RDSLT A=83 HL=4C07 DE=FC00 IY=0000 IX=006F SP=DC93
  7.7296 WRSLT A=83 HL=4C07 DE=FCFF IY=0000 IX=006F SP=DC93
  7.7300 RDSLT A=83 HL=4C06 DE=FCFF IY=0000 IX=006F SP=DC95
  7.7304 WRSLT A=83 HL=4C06 DE=FC00 IY=0000 IX=006F SP=DC93
  7.7308 RDSLT A=83 HL=4C06 DE=FC00 IY=0000 IX=006F SP=DC93
  7.7312 WRSLT A=83 HL=4C06 DE=FCFF IY=0000 IX=006F SP=DC93
  7.7316 RDSLT A=83 HL=4C05 DE=FCFF IY=0000 IX=006F SP=DC95
  7.7320 WRSLT A=83 HL=4C05 DE=FC00 IY=0000 IX=006F SP=DC93
  7.7323 RDSLT A=83 HL=4C05 DE=FC00 IY=0000 IX=006F SP=DC93
  7.7327 WRSLT A=83 HL=4C05 DE=FCFF IY=0000 IX=006F SP=DC93
  7.7332 RDSLT A=83 HL=4C04 DE=FCFF IY=0000 IX=006F SP=DC95
  7.7335 WRSLT A=83 HL=4C04 DE=FC00 IY=0000 IX=006F SP=DC93
  7.7339 RDSLT A=83 HL=4C04 DE=FC00 IY=0000 IX=006F SP=DC93
  7.7343 WRSLT A=83 HL=4C04 DE=FCFF IY=0000 IX=006F SP=DC93
  7.7348 RDSLT A=83 HL=4C03 DE=FCFF IY=0000 IX=006F SP=DC95
  7.7351 WRSLT A=83 HL=4C03 DE=FC00 IY=0000 IX=006F SP=DC93
  7.7355 RDSLT A=83 HL=4C03 DE=FC00 IY=0000 IX=006F SP=DC93
  7.7359 WRSLT A=83 HL=4C03 DE=FCFF IY=0000 IX=006F SP=DC93
  7.7363 RDSLT A=83 HL=4C02 DE=FCFF IY=0000 IX=006F SP=DC95
  7.7367 WRSLT A=83 HL=4C02 DE=FC00 IY=0000 IX=006F SP=DC93
  7.7371 RDSLT A=83 HL=4C02 DE=FC00 IY=0000 IX=006F SP=DC93
  7.7375 WRSLT A=83 HL=4C02 DE=FCFF IY=0000 IX=006F SP=DC93
  7.7379 RDSLT A=83 HL=4C01 DE=FCFF IY=0000 IX=006F SP=DC95
  7.7383 WRSLT A=83 HL=4C01 DE=FC00 IY=0000 IX=006F SP=DC93
  7.7387 RDSLT A=83 HL=4C01 DE=FC00 IY=0000 IX=006F SP=DC93
  7.7391 WRSLT A=83 HL=4C01 DE=FCFF IY=0000 IX=006F SP=DC93
  7.7396 RDSLT A=83 HL=5010 DE=FCFF IY=0000 IX=006F SP=DC95
  7.7400 WRSLT A=83 HL=5010 DE=FC00 IY=0000 IX=006F SP=DC93
  7.7404 RDSLT A=83 HL=5010 DE=FC00 IY=0000 IX=006F SP=DC93
  7.7408 WRSLT A=83 HL=5010 DE=FCFF IY=0000 IX=006F SP=DC93
  7.7412 RDSLT A=83 HL=500F DE=FCFF IY=0000 IX=006F SP=DC95
  7.7416 WRSLT A=83 HL=500F DE=FC00 IY=0000 IX=006F SP=DC93
  7.7420 RDSLT A=83 HL=500F DE=FC00 IY=0000 IX=006F SP=DC93
  7.7424 WRSLT A=83 HL=500F DE=FCFF IY=0000 IX=006F SP=DC93
  7.7428 RDSLT A=83 HL=500E DE=FCFF IY=0000 IX=006F SP=DC95
  7.7432 WRSLT A=83 HL=500E DE=FC00 IY=0000 IX=006F SP=DC93
  7.7436 RDSLT A=83 HL=500E DE=FC00 IY=0000 IX=006F SP=DC93
  7.7440 WRSLT A=83 HL=500E DE=FCFF IY=0000 IX=006F SP=DC93
  7.7444 RDSLT A=83 HL=500D DE=FCFF IY=0000 IX=006F SP=DC95
  7.7447 WRSLT A=83 HL=500D DE=FC00 IY=0000 IX=006F SP=DC93
  7.7451 RDSLT A=83 HL=500D DE=FC00 IY=0000 IX=006F SP=DC93
  7.7455 WRSLT A=83 HL=500D DE=FCFF IY=0000 IX=006F SP=DC93
  7.7460 RDSLT A=83 HL=500C DE=FCFF IY=0000 IX=006F SP=DC95
  7.7463 WRSLT A=83 HL=500C DE=FC00 IY=0000 IX=006F SP=DC93
  7.7467 RDSLT A=83 HL=500C DE=FC00 IY=0000 IX=006F SP=DC93
  7.7471 WRSLT A=83 HL=500C DE=FCFF IY=0000 IX=006F SP=DC93
  7.7475 RDSLT A=83 HL=500B DE=FCFF IY=0000 IX=006F SP=DC95
  7.7479 WRSLT A=83 HL=500B DE=FC00 IY=0000 IX=006F SP=DC93
  7.7483 RDSLT A=83 HL=500B DE=FC00 IY=0000 IX=006F SP=DC93
  7.7487 WRSLT A=83 HL=500B DE=FCFF IY=0000 IX=006F SP=DC93
  7.7491 RDSLT A=83 HL=500A DE=FCFF IY=0000 IX=006F SP=DC95
  7.7495 WRSLT A=83 HL=500A DE=FC00 IY=0000 IX=006F SP=DC93
  7.7499 RDSLT A=83 HL=500A DE=FC00 IY=0000 IX=006F SP=DC93
  7.7503 WRSLT A=83 HL=500A DE=FCFF IY=0000 IX=006F SP=DC93
  7.7507 RDSLT A=83 HL=5009 DE=FCFF IY=0000 IX=006F SP=DC95
  7.7511 WRSLT A=83 HL=5009 DE=FC00 IY=0000 IX=006F SP=DC93
  7.7515 RDSLT A=83 HL=5009 DE=FC00 IY=0000 IX=006F SP=DC93
  7.7519 WRSLT A=83 HL=5009 DE=FCFF IY=0000 IX=006F SP=DC93
  7.7523 RDSLT A=83 HL=5008 DE=FCFF IY=0000 IX=006F SP=DC95
  7.7527 WRSLT A=83 HL=5008 DE=FC00 IY=0000 IX=006F SP=DC93
  7.7531 RDSLT A=83 HL=5008 DE=FC00 IY=0000 IX=006F SP=DC93
  7.7535 WRSLT A=83 HL=5008 DE=FCFF IY=0000 IX=006F SP=DC93
  7.7539 RDSLT A=83 HL=5007 DE=FCFF IY=0000 IX=006F SP=DC95
  7.7543 WRSLT A=83 HL=5007 DE=FC00 IY=0000 IX=006F SP=DC93
  7.7547 RDSLT A=83 HL=5007 DE=FC00 IY=0000 IX=006F SP=DC93
  7.7551 WRSLT A=83 HL=5007 DE=FCFF IY=0000 IX=006F SP=DC93
  7.7555 RDSLT A=83 HL=5006 DE=FCFF IY=0000 IX=006F SP=DC95
  7.7559 WRSLT A=83 HL=5006 DE=FC00 IY=0000 IX=006F SP=DC93
  7.7563 RDSLT A=83 HL=5006 DE=FC00 IY=0000 IX=006F SP=DC93
  7.7567 WRSLT A=83 HL=5006 DE=FCFF IY=0000 IX=006F SP=DC93
  7.7571 RDSLT A=83 HL=5005 DE=FCFF IY=0000 IX=006F SP=DC95
  7.7575 WRSLT A=83 HL=5005 DE=FC00 IY=0000 IX=006F SP=DC93
  7.7579 RDSLT A=83 HL=5005 DE=FC00 IY=0000 IX=006F SP=DC93
  7.7583 WRSLT A=83 HL=5005 DE=FCFF IY=0000 IX=006F SP=DC93
  7.7587 RDSLT A=83 HL=5004 DE=FCFF IY=0000 IX=006F SP=DC95
  7.7591 WRSLT A=83 HL=5004 DE=FC00 IY=0000 IX=006F SP=DC93
  7.7595 RDSLT A=83 HL=5004 DE=FC00 IY=0000 IX=006F SP=DC93
  7.7599 WRSLT A=83 HL=5004 DE=FCFF IY=0000 IX=006F SP=DC93
  7.7603 RDSLT A=83 HL=5003 DE=FCFF IY=0000 IX=006F SP=DC95
  7.7607 WRSLT A=83 HL=5003 DE=FC00 IY=0000 IX=006F SP=DC93
  7.7611 RDSLT A=83 HL=5003 DE=FC00 IY=0000 IX=006F SP=DC93
  7.7615 WRSLT A=83 HL=5003 DE=FCFF IY=0000 IX=006F SP=DC93
  7.7619 RDSLT A=83 HL=5002 DE=FCFF IY=0000 IX=006F SP=DC95
  7.7623 WRSLT A=83 HL=5002 DE=FC00 IY=0000 IX=006F SP=DC93
  7.7627 RDSLT A=83 HL=5002 DE=FC00 IY=0000 IX=006F SP=DC93
  7.7631 WRSLT A=83 HL=5002 DE=FCFF IY=0000 IX=006F SP=DC93
  7.7635 RDSLT A=83 HL=5001 DE=FCFF IY=0000 IX=006F SP=DC95
  7.7639 WRSLT A=83 HL=5001 DE=FC00 IY=0000 IX=006F SP=DC93
  7.7643 RDSLT A=83 HL=5001 DE=FC00 IY=0000 IX=006F SP=DC93
  7.7647 WRSLT A=83 HL=5001 DE=FCFF IY=0000 IX=006F SP=DC93
  7.7651 RDSLT A=83 HL=5410 DE=FCFF IY=0000 IX=006F SP=DC95
  7.7655 WRSLT A=83 HL=5410 DE=FC00 IY=0000 IX=006F SP=DC93
  7.7659 RDSLT A=83 HL=5410 DE=FC00 IY=0000 IX=006F SP=DC93
  7.7663 WRSLT A=83 HL=5410 DE=FCFF IY=0000 IX=006F SP=DC93
  7.7667 RDSLT A=83 HL=540F DE=FCFF IY=0000 IX=006F SP=DC95
  7.7671 WRSLT A=83 HL=540F DE=FC00 IY=0000 IX=006F SP=DC93
  7.7675 RDSLT A=83 HL=540F DE=FC00 IY=0000 IX=006F SP=DC93
  7.7679 WRSLT A=83 HL=540F DE=FCFF IY=0000 IX=006F SP=DC93
  7.7683 RDSLT A=83 HL=540E DE=FCFF IY=0000 IX=006F SP=DC95
  7.7687 WRSLT A=83 HL=540E DE=FC00 IY=0000 IX=006F SP=DC93
  7.7691 RDSLT A=83 HL=540E DE=FC00 IY=0000 IX=006F SP=DC93
  7.7695 WRSLT A=83 HL=540E DE=FCFF IY=0000 IX=006F SP=DC93
  7.7699 RDSLT A=83 HL=540D DE=FCFF IY=0000 IX=006F SP=DC95
  7.7703 WRSLT A=83 HL=540D DE=FC00 IY=0000 IX=006F SP=DC93
  7.7707 RDSLT A=83 HL=540D DE=FC00 IY=0000 IX=006F SP=DC93
  7.7711 WRSLT A=83 HL=540D DE=FCFF IY=0000 IX=006F SP=DC93
  7.7715 RDSLT A=83 HL=540C DE=FCFF IY=0000 IX=006F SP=DC95
  7.7719 WRSLT A=83 HL=540C DE=FC00 IY=0000 IX=006F SP=DC93
  7.7723 RDSLT A=83 HL=540C DE=FC00 IY=0000 IX=006F SP=DC93
  7.7727 WRSLT A=83 HL=540C DE=FCFF IY=0000 IX=006F SP=DC93
  7.7731 RDSLT A=83 HL=540B DE=FCFF IY=0000 IX=006F SP=DC95
  7.7735 WRSLT A=83 HL=540B DE=FC00 IY=0000 IX=006F SP=DC93
  7.7739 RDSLT A=83 HL=540B DE=FC00 IY=0000 IX=006F SP=DC93
  7.7743 WRSLT A=83 HL=540B DE=FCFF IY=0000 IX=006F SP=DC93
  7.7747 RDSLT A=83 HL=540A DE=FCFF IY=0000 IX=006F SP=DC95
  7.7751 WRSLT A=83 HL=540A DE=FC00 IY=0000 IX=006F SP=DC93
  7.7755 RDSLT A=83 HL=540A DE=FC00 IY=0000 IX=006F SP=DC93
  7.7759 WRSLT A=83 HL=540A DE=FCFF IY=0000 IX=006F SP=DC93
  7.7763 RDSLT A=83 HL=5409 DE=FCFF IY=0000 IX=006F SP=DC95
  7.7767 WRSLT A=83 HL=5409 DE=FC00 IY=0000 IX=006F SP=DC93
  7.7771 RDSLT A=83 HL=5409 DE=FC00 IY=0000 IX=006F SP=DC93
  7.7775 WRSLT A=83 HL=5409 DE=FCFF IY=0000 IX=006F SP=DC93
  7.7779 RDSLT A=83 HL=5408 DE=FCFF IY=0000 IX=006F SP=DC95
  7.7783 WRSLT A=83 HL=5408 DE=FC00 IY=0000 IX=006F SP=DC93
  7.7787 RDSLT A=83 HL=5408 DE=FC00 IY=0000 IX=006F SP=DC93
  7.7791 WRSLT A=83 HL=5408 DE=FCFF IY=0000 IX=006F SP=DC93
  7.7795 RDSLT A=83 HL=5407 DE=FCFF IY=0000 IX=006F SP=DC95
  7.7799 WRSLT A=83 HL=5407 DE=FC00 IY=0000 IX=006F SP=DC93
  7.7803 RDSLT A=83 HL=5407 DE=FC00 IY=0000 IX=006F SP=DC93
  7.7807 WRSLT A=83 HL=5407 DE=FCFF IY=0000 IX=006F SP=DC93
  7.7811 RDSLT A=83 HL=5406 DE=FCFF IY=0000 IX=006F SP=DC95
  7.7815 WRSLT A=83 HL=5406 DE=FC00 IY=0000 IX=006F SP=DC93
  7.7819 RDSLT A=83 HL=5406 DE=FC00 IY=0000 IX=006F SP=DC93
  7.7823 WRSLT A=83 HL=5406 DE=FCFF IY=0000 IX=006F SP=DC93
  7.7827 RDSLT A=83 HL=5405 DE=FCFF IY=0000 IX=006F SP=DC95
  7.7831 WRSLT A=83 HL=5405 DE=FC00 IY=0000 IX=006F SP=DC93
  7.7835 RDSLT A=83 HL=5405 DE=FC00 IY=0000 IX=006F SP=DC93
  7.7839 WRSLT A=83 HL=5405 DE=FCFF IY=0000 IX=006F SP=DC93
  7.7843 RDSLT A=83 HL=5404 DE=FCFF IY=0000 IX=006F SP=DC95
  7.7847 WRSLT A=83 HL=5404 DE=FC00 IY=0000 IX=006F SP=DC93
  7.7851 RDSLT A=83 HL=5404 DE=FC00 IY=0000 IX=006F SP=DC93
  7.7855 WRSLT A=83 HL=5404 DE=FCFF IY=0000 IX=006F SP=DC93
  7.7859 RDSLT A=83 HL=5403 DE=FCFF IY=0000 IX=006F SP=DC95
  7.7863 WRSLT A=83 HL=5403 DE=FC00 IY=0000 IX=006F SP=DC93
  7.7867 RDSLT A=83 HL=5403 DE=FC00 IY=0000 IX=006F SP=DC93
  7.7871 WRSLT A=83 HL=5403 DE=FCFF IY=0000 IX=006F SP=DC93
  7.7875 RDSLT A=83 HL=5402 DE=FCFF IY=0000 IX=006F SP=DC95
  7.7879 WRSLT A=83 HL=5402 DE=FC00 IY=0000 IX=006F SP=DC93
  7.7883 RDSLT A=83 HL=5402 DE=FC00 IY=0000 IX=006F SP=DC93
  7.7887 WRSLT A=83 HL=5402 DE=FCFF IY=0000 IX=006F SP=DC93
  7.7891 RDSLT A=83 HL=5401 DE=FCFF IY=0000 IX=006F SP=DC95
  7.7895 WRSLT A=83 HL=5401 DE=FC00 IY=0000 IX=006F SP=DC93
  7.7899 RDSLT A=83 HL=5401 DE=FC00 IY=0000 IX=006F SP=DC93
  7.7903 WRSLT A=83 HL=5401 DE=FCFF IY=0000 IX=006F SP=DC93
  7.7907 RDSLT A=83 HL=5810 DE=FCFF IY=0000 IX=006F SP=DC95
  7.7911 WRSLT A=83 HL=5810 DE=FC00 IY=0000 IX=006F SP=DC93
  7.7915 RDSLT A=83 HL=5810 DE=FC00 IY=0000 IX=006F SP=DC93
  7.7919 WRSLT A=83 HL=5810 DE=FCFF IY=0000 IX=006F SP=DC93
  7.7923 RDSLT A=83 HL=580F DE=FCFF IY=0000 IX=006F SP=DC95
  7.7927 WRSLT A=83 HL=580F DE=FC00 IY=0000 IX=006F SP=DC93
  7.7931 RDSLT A=83 HL=580F DE=FC00 IY=0000 IX=006F SP=DC93
  7.7935 WRSLT A=83 HL=580F DE=FCFF IY=0000 IX=006F SP=DC93
  7.7939 RDSLT A=83 HL=580E DE=FCFF IY=0000 IX=006F SP=DC95
  7.7943 WRSLT A=83 HL=580E DE=FC00 IY=0000 IX=006F SP=DC93
  7.7947 RDSLT A=83 HL=580E DE=FC00 IY=0000 IX=006F SP=DC93
  7.7951 WRSLT A=83 HL=580E DE=FCFF IY=0000 IX=006F SP=DC93
  7.7955 RDSLT A=83 HL=580D DE=FCFF IY=0000 IX=006F SP=DC95
  7.7959 WRSLT A=83 HL=580D DE=FC00 IY=0000 IX=006F SP=DC93
  7.7963 RDSLT A=83 HL=580D DE=FC00 IY=0000 IX=006F SP=DC93
  7.7967 WRSLT A=83 HL=580D DE=FCFF IY=0000 IX=006F SP=DC93
  7.7971 RDSLT A=83 HL=580C DE=FCFF IY=0000 IX=006F SP=DC95
  7.7975 WRSLT A=83 HL=580C DE=FC00 IY=0000 IX=006F SP=DC93
  7.7979 RDSLT A=83 HL=580C DE=FC00 IY=0000 IX=006F SP=DC93
  7.7983 WRSLT A=83 HL=580C DE=FCFF IY=0000 IX=006F SP=DC93
  7.7987 RDSLT A=83 HL=580B DE=FCFF IY=0000 IX=006F SP=DC95
  7.7991 WRSLT A=83 HL=580B DE=FC00 IY=0000 IX=006F SP=DC93
  7.7995 RDSLT A=83 HL=580B DE=FC00 IY=0000 IX=006F SP=DC93
  7.7999 WRSLT A=83 HL=580B DE=FCFF IY=0000 IX=006F SP=DC93
  7.8003 RDSLT A=83 HL=580A DE=FCFF IY=0000 IX=006F SP=DC95
  7.8007 WRSLT A=83 HL=580A DE=FC00 IY=0000 IX=006F SP=DC93
  7.8011 RDSLT A=83 HL=580A DE=FC00 IY=0000 IX=006F SP=DC93
  7.8015 WRSLT A=83 HL=580A DE=FCFF IY=0000 IX=006F SP=DC93
  7.8019 RDSLT A=83 HL=5809 DE=FCFF IY=0000 IX=006F SP=DC95
  7.8023 WRSLT A=83 HL=5809 DE=FC00 IY=0000 IX=006F SP=DC93
  7.8027 RDSLT A=83 HL=5809 DE=FC00 IY=0000 IX=006F SP=DC93
  7.8031 WRSLT A=83 HL=5809 DE=FCFF IY=0000 IX=006F SP=DC93
  7.8035 RDSLT A=83 HL=5808 DE=FCFF IY=0000 IX=006F SP=DC95
  7.8039 WRSLT A=83 HL=5808 DE=FC00 IY=0000 IX=006F SP=DC93
  7.8043 RDSLT A=83 HL=5808 DE=FC00 IY=0000 IX=006F SP=DC93
  7.8047 WRSLT A=83 HL=5808 DE=FCFF IY=0000 IX=006F SP=DC93
  7.8051 RDSLT A=83 HL=5807 DE=FCFF IY=0000 IX=006F SP=DC95
  7.8055 WRSLT A=83 HL=5807 DE=FC00 IY=0000 IX=006F SP=DC93
  7.8059 RDSLT A=83 HL=5807 DE=FC00 IY=0000 IX=006F SP=DC93
  7.8063 WRSLT A=83 HL=5807 DE=FCFF IY=0000 IX=006F SP=DC93
  7.8067 RDSLT A=83 HL=5806 DE=FCFF IY=0000 IX=006F SP=DC95
  7.8071 WRSLT A=83 HL=5806 DE=FC00 IY=0000 IX=006F SP=DC93
  7.8075 RDSLT A=83 HL=5806 DE=FC00 IY=0000 IX=006F SP=DC93
  7.8079 WRSLT A=83 HL=5806 DE=FCFF IY=0000 IX=006F SP=DC93
  7.8083 RDSLT A=83 HL=5805 DE=FCFF IY=0000 IX=006F SP=DC95
  7.8087 WRSLT A=83 HL=5805 DE=FC00 IY=0000 IX=006F SP=DC93
  7.8091 RDSLT A=83 HL=5805 DE=FC00 IY=0000 IX=006F SP=DC93
  7.8095 WRSLT A=83 HL=5805 DE=FCFF IY=0000 IX=006F SP=DC93
  7.8099 RDSLT A=83 HL=5804 DE=FCFF IY=0000 IX=006F SP=DC95
  7.8103 WRSLT A=83 HL=5804 DE=FC00 IY=0000 IX=006F SP=DC93
  7.8107 RDSLT A=83 HL=5804 DE=FC00 IY=0000 IX=006F SP=DC93
  7.8111 WRSLT A=83 HL=5804 DE=FCFF IY=0000 IX=006F SP=DC93
  7.8115 RDSLT A=83 HL=5803 DE=FCFF IY=0000 IX=006F SP=DC95
  7.8119 WRSLT A=83 HL=5803 DE=FC00 IY=0000 IX=006F SP=DC93
  7.8123 RDSLT A=83 HL=5803 DE=FC00 IY=0000 IX=006F SP=DC93
  7.8127 WRSLT A=83 HL=5803 DE=FCFF IY=0000 IX=006F SP=DC93
  7.8131 RDSLT A=83 HL=5802 DE=FCFF IY=0000 IX=006F SP=DC95
  7.8135 WRSLT A=83 HL=5802 DE=FC00 IY=0000 IX=006F SP=DC93
  7.8139 RDSLT A=83 HL=5802 DE=FC00 IY=0000 IX=006F SP=DC93
  7.8143 WRSLT A=83 HL=5802 DE=FCFF IY=0000 IX=006F SP=DC93
  7.8147 RDSLT A=83 HL=5801 DE=FCFF IY=0000 IX=006F SP=DC95
  7.8151 WRSLT A=83 HL=5801 DE=FC00 IY=0000 IX=006F SP=DC93
  7.8155 RDSLT A=83 HL=5801 DE=FC00 IY=0000 IX=006F SP=DC93
  7.8159 WRSLT A=83 HL=5801 DE=FCFF IY=0000 IX=006F SP=DC93
  7.8163 RDSLT A=83 HL=5C10 DE=FCFF IY=0000 IX=006F SP=DC95
  7.8167 WRSLT A=83 HL=5C10 DE=FC00 IY=0000 IX=006F SP=DC93
  7.8171 RDSLT A=83 HL=5C10 DE=FC00 IY=0000 IX=006F SP=DC93
  7.8175 WRSLT A=83 HL=5C10 DE=FCFF IY=0000 IX=006F SP=DC93
  7.8179 RDSLT A=83 HL=5C0F DE=FCFF IY=0000 IX=006F SP=DC95
  7.8183 WRSLT A=83 HL=5C0F DE=FC00 IY=0000 IX=006F SP=DC93
  7.8187 RDSLT A=83 HL=5C0F DE=FC00 IY=0000 IX=006F SP=DC93
  7.8191 WRSLT A=83 HL=5C0F DE=FCFF IY=0000 IX=006F SP=DC93
  7.8195 RDSLT A=83 HL=5C0E DE=FCFF IY=0000 IX=006F SP=DC95
  7.8199 WRSLT A=83 HL=5C0E DE=FC00 IY=0000 IX=006F SP=DC93
  7.8203 RDSLT A=83 HL=5C0E DE=FC00 IY=0000 IX=006F SP=DC93
  7.8207 WRSLT A=83 HL=5C0E DE=FCFF IY=0000 IX=006F SP=DC93
  7.8211 RDSLT A=83 HL=5C0D DE=FCFF IY=0000 IX=006F SP=DC95
  7.8215 WRSLT A=83 HL=5C0D DE=FC00 IY=0000 IX=006F SP=DC93
  7.8219 RDSLT A=83 HL=5C0D DE=FC00 IY=0000 IX=006F SP=DC93
  7.8223 WRSLT A=83 HL=5C0D DE=FCFF IY=0000 IX=006F SP=DC93
  7.8227 RDSLT A=83 HL=5C0C DE=FCFF IY=0000 IX=006F SP=DC95
  7.8231 WRSLT A=83 HL=5C0C DE=FC00 IY=0000 IX=006F SP=DC93
  7.8235 RDSLT A=83 HL=5C0C DE=FC00 IY=0000 IX=006F SP=DC93
  7.8239 WRSLT A=83 HL=5C0C DE=FCFF IY=0000 IX=006F SP=DC93
  7.8243 RDSLT A=83 HL=5C0B DE=FCFF IY=0000 IX=006F SP=DC95
  7.8247 WRSLT A=83 HL=5C0B DE=FC00 IY=0000 IX=006F SP=DC93
  7.8251 RDSLT A=83 HL=5C0B DE=FC00 IY=0000 IX=006F SP=DC93
  7.8255 WRSLT A=83 HL=5C0B DE=FCFF IY=0000 IX=006F SP=DC93
  7.8259 RDSLT A=83 HL=5C0A DE=FCFF IY=0000 IX=006F SP=DC95
  7.8263 WRSLT A=83 HL=5C0A DE=FC00 IY=0000 IX=006F SP=DC93
  7.8267 RDSLT A=83 HL=5C0A DE=FC00 IY=0000 IX=006F SP=DC93
  7.8271 WRSLT A=83 HL=5C0A DE=FCFF IY=0000 IX=006F SP=DC93
  7.8275 RDSLT A=83 HL=5C09 DE=FCFF IY=0000 IX=006F SP=DC95
  7.8279 WRSLT A=83 HL=5C09 DE=FC00 IY=0000 IX=006F SP=DC93
  7.8283 RDSLT A=83 HL=5C09 DE=FC00 IY=0000 IX=006F SP=DC93
  7.8287 WRSLT A=83 HL=5C09 DE=FCFF IY=0000 IX=006F SP=DC93
  7.8291 RDSLT A=83 HL=5C08 DE=FCFF IY=0000 IX=006F SP=DC95
  7.8295 WRSLT A=83 HL=5C08 DE=FC00 IY=0000 IX=006F SP=DC93
  7.8299 RDSLT A=83 HL=5C08 DE=FC00 IY=0000 IX=006F SP=DC93
  7.8303 WRSLT A=83 HL=5C08 DE=FCFF IY=0000 IX=006F SP=DC93
  7.8307 RDSLT A=83 HL=5C07 DE=FCFF IY=0000 IX=006F SP=DC95
  7.8311 WRSLT A=83 HL=5C07 DE=FC00 IY=0000 IX=006F SP=DC93
  7.8315 RDSLT A=83 HL=5C07 DE=FC00 IY=0000 IX=006F SP=DC93
  7.8319 WRSLT A=83 HL=5C07 DE=FCFF IY=0000 IX=006F SP=DC93
  7.8323 RDSLT A=83 HL=5C06 DE=FCFF IY=0000 IX=006F SP=DC95
  7.8327 WRSLT A=83 HL=5C06 DE=FC00 IY=0000 IX=006F SP=DC93
  7.8331 RDSLT A=83 HL=5C06 DE=FC00 IY=0000 IX=006F SP=DC93
  7.8335 WRSLT A=83 HL=5C06 DE=FCFF IY=0000 IX=006F SP=DC93
  7.8339 RDSLT A=83 HL=5C05 DE=FCFF IY=0000 IX=006F SP=DC95
  7.8343 WRSLT A=83 HL=5C05 DE=FC00 IY=0000 IX=006F SP=DC93
  7.8346 RDSLT A=83 HL=5C05 DE=FC00 IY=0000 IX=006F SP=DC93
  7.8350 WRSLT A=83 HL=5C05 DE=FCFF IY=0000 IX=006F SP=DC93
  7.8355 RDSLT A=83 HL=5C04 DE=FCFF IY=0000 IX=006F SP=DC95
  7.8358 WRSLT A=83 HL=5C04 DE=FC00 IY=0000 IX=006F SP=DC93
  7.8362 RDSLT A=83 HL=5C04 DE=FC00 IY=0000 IX=006F SP=DC93
  7.8366 WRSLT A=83 HL=5C04 DE=FCFF IY=0000 IX=006F SP=DC93
  7.8371 RDSLT A=83 HL=5C03 DE=FCFF IY=0000 IX=006F SP=DC95
  7.8374 WRSLT A=83 HL=5C03 DE=FC00 IY=0000 IX=006F SP=DC93
  7.8378 RDSLT A=83 HL=5C03 DE=FC00 IY=0000 IX=006F SP=DC93
  7.8382 WRSLT A=83 HL=5C03 DE=FCFF IY=0000 IX=006F SP=DC93
  7.8386 RDSLT A=83 HL=5C02 DE=FCFF IY=0000 IX=006F SP=DC95
  7.8390 WRSLT A=83 HL=5C02 DE=FC00 IY=0000 IX=006F SP=DC93
  7.8394 RDSLT A=83 HL=5C02 DE=FC00 IY=0000 IX=006F SP=DC93
  7.8398 WRSLT A=83 HL=5C02 DE=FCFF IY=0000 IX=006F SP=DC93
  7.8402 RDSLT A=83 HL=5C01 DE=FCFF IY=0000 IX=006F SP=DC95
  7.8406 WRSLT A=83 HL=5C01 DE=FC00 IY=0000 IX=006F SP=DC93
  7.8410 RDSLT A=83 HL=5C01 DE=FC00 IY=0000 IX=006F SP=DC93
  7.8414 WRSLT A=83 HL=5C01 DE=FCFF IY=0000 IX=006F SP=DC93
  7.8419 RDSLT A=83 HL=6010 DE=FCFF IY=0000 IX=006F SP=DC95
  7.8423 WRSLT A=83 HL=6010 DE=FC00 IY=0000 IX=006F SP=DC93
  7.8427 RDSLT A=83 HL=6010 DE=FC00 IY=0000 IX=006F SP=DC93
  7.8431 WRSLT A=83 HL=6010 DE=FCFF IY=0000 IX=006F SP=DC93
  7.8435 RDSLT A=83 HL=600F DE=FCFF IY=0000 IX=006F SP=DC95
  7.8439 WRSLT A=83 HL=600F DE=FC00 IY=0000 IX=006F SP=DC93
  7.8443 RDSLT A=83 HL=600F DE=FC00 IY=0000 IX=006F SP=DC93
  7.8447 WRSLT A=83 HL=600F DE=FCFF IY=0000 IX=006F SP=DC93
  7.8451 RDSLT A=83 HL=600E DE=FCFF IY=0000 IX=006F SP=DC95
  7.8455 WRSLT A=83 HL=600E DE=FC00 IY=0000 IX=006F SP=DC93
  7.8459 RDSLT A=83 HL=600E DE=FC00 IY=0000 IX=006F SP=DC93
  7.8463 WRSLT A=83 HL=600E DE=FCFF IY=0000 IX=006F SP=DC93
  7.8467 RDSLT A=83 HL=600D DE=FCFF IY=0000 IX=006F SP=DC95
  7.8470 WRSLT A=83 HL=600D DE=FC00 IY=0000 IX=006F SP=DC93
  7.8474 RDSLT A=83 HL=600D DE=FC00 IY=0000 IX=006F SP=DC93
  7.8478 WRSLT A=83 HL=600D DE=FCFF IY=0000 IX=006F SP=DC93
  7.8483 RDSLT A=83 HL=600C DE=FCFF IY=0000 IX=006F SP=DC95
  7.8486 WRSLT A=83 HL=600C DE=FC00 IY=0000 IX=006F SP=DC93
  7.8490 RDSLT A=83 HL=600C DE=FC00 IY=0000 IX=006F SP=DC93
  7.8494 WRSLT A=83 HL=600C DE=FCFF IY=0000 IX=006F SP=DC93
  7.8498 RDSLT A=83 HL=600B DE=FCFF IY=0000 IX=006F SP=DC95
  7.8502 WRSLT A=83 HL=600B DE=FC00 IY=0000 IX=006F SP=DC93
  7.8506 RDSLT A=83 HL=600B DE=FC00 IY=0000 IX=006F SP=DC93
  7.8510 WRSLT A=83 HL=600B DE=FCFF IY=0000 IX=006F SP=DC93
  7.8514 RDSLT A=83 HL=600A DE=FCFF IY=0000 IX=006F SP=DC95
  7.8518 WRSLT A=83 HL=600A DE=FC00 IY=0000 IX=006F SP=DC93
  7.8522 RDSLT A=83 HL=600A DE=FC00 IY=0000 IX=006F SP=DC93
  7.8526 WRSLT A=83 HL=600A DE=FCFF IY=0000 IX=006F SP=DC93
  7.8530 RDSLT A=83 HL=6009 DE=FCFF IY=0000 IX=006F SP=DC95
  7.8534 WRSLT A=83 HL=6009 DE=FC00 IY=0000 IX=006F SP=DC93
  7.8538 RDSLT A=83 HL=6009 DE=FC00 IY=0000 IX=006F SP=DC93
  7.8542 WRSLT A=83 HL=6009 DE=FCFF IY=0000 IX=006F SP=DC93
  7.8546 RDSLT A=83 HL=6008 DE=FCFF IY=0000 IX=006F SP=DC95
  7.8550 WRSLT A=83 HL=6008 DE=FC00 IY=0000 IX=006F SP=DC93
  7.8554 RDSLT A=83 HL=6008 DE=FC00 IY=0000 IX=006F SP=DC93
  7.8558 WRSLT A=83 HL=6008 DE=FCFF IY=0000 IX=006F SP=DC93
  7.8562 RDSLT A=83 HL=6007 DE=FCFF IY=0000 IX=006F SP=DC95
  7.8566 WRSLT A=83 HL=6007 DE=FC00 IY=0000 IX=006F SP=DC93
  7.8570 RDSLT A=83 HL=6007 DE=FC00 IY=0000 IX=006F SP=DC93
  7.8574 WRSLT A=83 HL=6007 DE=FCFF IY=0000 IX=006F SP=DC93
  7.8578 RDSLT A=83 HL=6006 DE=FCFF IY=0000 IX=006F SP=DC95
  7.8582 WRSLT A=83 HL=6006 DE=FC00 IY=0000 IX=006F SP=DC93
  7.8586 RDSLT A=83 HL=6006 DE=FC00 IY=0000 IX=006F SP=DC93
  7.8590 WRSLT A=83 HL=6006 DE=FCFF IY=0000 IX=006F SP=DC93
  7.8594 RDSLT A=83 HL=6005 DE=FCFF IY=0000 IX=006F SP=DC95
  7.8598 WRSLT A=83 HL=6005 DE=FC00 IY=0000 IX=006F SP=DC93
  7.8602 RDSLT A=83 HL=6005 DE=FC00 IY=0000 IX=006F SP=DC93
  7.8606 WRSLT A=83 HL=6005 DE=FCFF IY=0000 IX=006F SP=DC93
  7.8610 RDSLT A=83 HL=6004 DE=FCFF IY=0000 IX=006F SP=DC95
  7.8614 WRSLT A=83 HL=6004 DE=FC00 IY=0000 IX=006F SP=DC93
  7.8618 RDSLT A=83 HL=6004 DE=FC00 IY=0000 IX=006F SP=DC93
  7.8622 WRSLT A=83 HL=6004 DE=FCFF IY=0000 IX=006F SP=DC93
  7.8626 RDSLT A=83 HL=6003 DE=FCFF IY=0000 IX=006F SP=DC95
  7.8630 WRSLT A=83 HL=6003 DE=FC00 IY=0000 IX=006F SP=DC93
  7.8634 RDSLT A=83 HL=6003 DE=FC00 IY=0000 IX=006F SP=DC93
  7.8638 WRSLT A=83 HL=6003 DE=FCFF IY=0000 IX=006F SP=DC93
  7.8642 RDSLT A=83 HL=6002 DE=FCFF IY=0000 IX=006F SP=DC95
  7.8646 WRSLT A=83 HL=6002 DE=FC00 IY=0000 IX=006F SP=DC93
  7.8650 RDSLT A=83 HL=6002 DE=FC00 IY=0000 IX=006F SP=DC93
  7.8654 WRSLT A=83 HL=6002 DE=FCFF IY=0000 IX=006F SP=DC93
  7.8658 RDSLT A=83 HL=6001 DE=FCFF IY=0000 IX=006F SP=DC95
  7.8662 WRSLT A=83 HL=6001 DE=FC00 IY=0000 IX=006F SP=DC93
  7.8666 RDSLT A=83 HL=6001 DE=FC00 IY=0000 IX=006F SP=DC93
  7.8670 WRSLT A=83 HL=6001 DE=FCFF IY=0000 IX=006F SP=DC93
  7.8674 RDSLT A=83 HL=6410 DE=FCFF IY=0000 IX=006F SP=DC95
  7.8678 WRSLT A=83 HL=6410 DE=FC00 IY=0000 IX=006F SP=DC93
  7.8682 RDSLT A=83 HL=6410 DE=FC00 IY=0000 IX=006F SP=DC93
  7.8686 WRSLT A=83 HL=6410 DE=FCFF IY=0000 IX=006F SP=DC93
  7.8690 RDSLT A=83 HL=640F DE=FCFF IY=0000 IX=006F SP=DC95
  7.8694 WRSLT A=83 HL=640F DE=FC00 IY=0000 IX=006F SP=DC93
  7.8698 RDSLT A=83 HL=640F DE=FC00 IY=0000 IX=006F SP=DC93
  7.8702 WRSLT A=83 HL=640F DE=FCFF IY=0000 IX=006F SP=DC93
  7.8706 RDSLT A=83 HL=640E DE=FCFF IY=0000 IX=006F SP=DC95
  7.8710 WRSLT A=83 HL=640E DE=FC00 IY=0000 IX=006F SP=DC93
  7.8714 RDSLT A=83 HL=640E DE=FC00 IY=0000 IX=006F SP=DC93
  7.8718 WRSLT A=83 HL=640E DE=FCFF IY=0000 IX=006F SP=DC93
  7.8722 RDSLT A=83 HL=640D DE=FCFF IY=0000 IX=006F SP=DC95
  7.8726 WRSLT A=83 HL=640D DE=FC00 IY=0000 IX=006F SP=DC93
  7.8730 RDSLT A=83 HL=640D DE=FC00 IY=0000 IX=006F SP=DC93
  7.8734 WRSLT A=83 HL=640D DE=FCFF IY=0000 IX=006F SP=DC93
  7.8738 RDSLT A=83 HL=640C DE=FCFF IY=0000 IX=006F SP=DC95
  7.8742 WRSLT A=83 HL=640C DE=FC00 IY=0000 IX=006F SP=DC93
  7.8746 RDSLT A=83 HL=640C DE=FC00 IY=0000 IX=006F SP=DC93
  7.8750 WRSLT A=83 HL=640C DE=FCFF IY=0000 IX=006F SP=DC93
  7.8754 RDSLT A=83 HL=640B DE=FCFF IY=0000 IX=006F SP=DC95
  7.8758 WRSLT A=83 HL=640B DE=FC00 IY=0000 IX=006F SP=DC93
  7.8762 RDSLT A=83 HL=640B DE=FC00 IY=0000 IX=006F SP=DC93
  7.8766 WRSLT A=83 HL=640B DE=FCFF IY=0000 IX=006F SP=DC93
  7.8770 RDSLT A=83 HL=640A DE=FCFF IY=0000 IX=006F SP=DC95
  7.8774 WRSLT A=83 HL=640A DE=FC00 IY=0000 IX=006F SP=DC93
  7.8778 RDSLT A=83 HL=640A DE=FC00 IY=0000 IX=006F SP=DC93
  7.8782 WRSLT A=83 HL=640A DE=FCFF IY=0000 IX=006F SP=DC93
  7.8786 RDSLT A=83 HL=6409 DE=FCFF IY=0000 IX=006F SP=DC95
  7.8790 WRSLT A=83 HL=6409 DE=FC00 IY=0000 IX=006F SP=DC93
  7.8794 RDSLT A=83 HL=6409 DE=FC00 IY=0000 IX=006F SP=DC93
  7.8798 WRSLT A=83 HL=6409 DE=FCFF IY=0000 IX=006F SP=DC93
  7.8802 RDSLT A=83 HL=6408 DE=FCFF IY=0000 IX=006F SP=DC95
  7.8806 WRSLT A=83 HL=6408 DE=FC00 IY=0000 IX=006F SP=DC93
  7.8810 RDSLT A=83 HL=6408 DE=FC00 IY=0000 IX=006F SP=DC93
  7.8814 WRSLT A=83 HL=6408 DE=FCFF IY=0000 IX=006F SP=DC93
  7.8818 RDSLT A=83 HL=6407 DE=FCFF IY=0000 IX=006F SP=DC95
  7.8822 WRSLT A=83 HL=6407 DE=FC00 IY=0000 IX=006F SP=DC93
  7.8826 RDSLT A=83 HL=6407 DE=FC00 IY=0000 IX=006F SP=DC93
  7.8830 WRSLT A=83 HL=6407 DE=FCFF IY=0000 IX=006F SP=DC93
  7.8834 RDSLT A=83 HL=6406 DE=FCFF IY=0000 IX=006F SP=DC95
  7.8838 WRSLT A=83 HL=6406 DE=FC00 IY=0000 IX=006F SP=DC93
  7.8842 RDSLT A=83 HL=6406 DE=FC00 IY=0000 IX=006F SP=DC93
  7.8846 WRSLT A=83 HL=6406 DE=FCFF IY=0000 IX=006F SP=DC93
  7.8850 RDSLT A=83 HL=6405 DE=FCFF IY=0000 IX=006F SP=DC95
  7.8854 WRSLT A=83 HL=6405 DE=FC00 IY=0000 IX=006F SP=DC93
  7.8858 RDSLT A=83 HL=6405 DE=FC00 IY=0000 IX=006F SP=DC93
  7.8862 WRSLT A=83 HL=6405 DE=FCFF IY=0000 IX=006F SP=DC93
  7.8866 RDSLT A=83 HL=6404 DE=FCFF IY=0000 IX=006F SP=DC95
  7.8870 WRSLT A=83 HL=6404 DE=FC00 IY=0000 IX=006F SP=DC93
  7.8874 RDSLT A=83 HL=6404 DE=FC00 IY=0000 IX=006F SP=DC93
  7.8878 WRSLT A=83 HL=6404 DE=FCFF IY=0000 IX=006F SP=DC93
  7.8882 RDSLT A=83 HL=6403 DE=FCFF IY=0000 IX=006F SP=DC95
  7.8886 WRSLT A=83 HL=6403 DE=FC00 IY=0000 IX=006F SP=DC93
  7.8890 RDSLT A=83 HL=6403 DE=FC00 IY=0000 IX=006F SP=DC93
  7.8894 WRSLT A=83 HL=6403 DE=FCFF IY=0000 IX=006F SP=DC93
  7.8898 RDSLT A=83 HL=6402 DE=FCFF IY=0000 IX=006F SP=DC95
  7.8902 WRSLT A=83 HL=6402 DE=FC00 IY=0000 IX=006F SP=DC93
  7.8906 RDSLT A=83 HL=6402 DE=FC00 IY=0000 IX=006F SP=DC93
  7.8910 WRSLT A=83 HL=6402 DE=FCFF IY=0000 IX=006F SP=DC93
  7.8914 RDSLT A=83 HL=6401 DE=FCFF IY=0000 IX=006F SP=DC95
  7.8918 WRSLT A=83 HL=6401 DE=FC00 IY=0000 IX=006F SP=DC93
  7.8922 RDSLT A=83 HL=6401 DE=FC00 IY=0000 IX=006F SP=DC93
  7.8926 WRSLT A=83 HL=6401 DE=FCFF IY=0000 IX=006F SP=DC93
  7.8930 RDSLT A=83 HL=6810 DE=FCFF IY=0000 IX=006F SP=DC95
  7.8934 WRSLT A=83 HL=6810 DE=FC00 IY=0000 IX=006F SP=DC93
  7.8938 RDSLT A=83 HL=6810 DE=FC00 IY=0000 IX=006F SP=DC93
  7.8942 WRSLT A=83 HL=6810 DE=FCFF IY=0000 IX=006F SP=DC93
  7.8946 RDSLT A=83 HL=680F DE=FCFF IY=0000 IX=006F SP=DC95
  7.8950 WRSLT A=83 HL=680F DE=FC00 IY=0000 IX=006F SP=DC93
  7.8954 RDSLT A=83 HL=680F DE=FC00 IY=0000 IX=006F SP=DC93
  7.8958 WRSLT A=83 HL=680F DE=FCFF IY=0000 IX=006F SP=DC93
  7.8962 RDSLT A=83 HL=680E DE=FCFF IY=0000 IX=006F SP=DC95
  7.8966 WRSLT A=83 HL=680E DE=FC00 IY=0000 IX=006F SP=DC93
  7.8970 RDSLT A=83 HL=680E DE=FC00 IY=0000 IX=006F SP=DC93
  7.8974 WRSLT A=83 HL=680E DE=FCFF IY=0000 IX=006F SP=DC93
  7.8978 RDSLT A=83 HL=680D DE=FCFF IY=0000 IX=006F SP=DC95
  7.8982 WRSLT A=83 HL=680D DE=FC00 IY=0000 IX=006F SP=DC93
  7.8986 RDSLT A=83 HL=680D DE=FC00 IY=0000 IX=006F SP=DC93
  7.8990 WRSLT A=83 HL=680D DE=FCFF IY=0000 IX=006F SP=DC93
  7.8994 RDSLT A=83 HL=680C DE=FCFF IY=0000 IX=006F SP=DC95
  7.8998 WRSLT A=83 HL=680C DE=FC00 IY=0000 IX=006F SP=DC93
  7.9002 RDSLT A=83 HL=680C DE=FC00 IY=0000 IX=006F SP=DC93
  7.9006 WRSLT A=83 HL=680C DE=FCFF IY=0000 IX=006F SP=DC93
  7.9010 RDSLT A=83 HL=680B DE=FCFF IY=0000 IX=006F SP=DC95
  7.9014 WRSLT A=83 HL=680B DE=FC00 IY=0000 IX=006F SP=DC93
  7.9018 RDSLT A=83 HL=680B DE=FC00 IY=0000 IX=006F SP=DC93
  7.9022 WRSLT A=83 HL=680B DE=FCFF IY=0000 IX=006F SP=DC93
  7.9026 RDSLT A=83 HL=680A DE=FCFF IY=0000 IX=006F SP=DC95
  7.9030 WRSLT A=83 HL=680A DE=FC00 IY=0000 IX=006F SP=DC93
  7.9034 RDSLT A=83 HL=680A DE=FC00 IY=0000 IX=006F SP=DC93
  7.9038 WRSLT A=83 HL=680A DE=FCFF IY=0000 IX=006F SP=DC93
  7.9042 RDSLT A=83 HL=6809 DE=FCFF IY=0000 IX=006F SP=DC95
  7.9046 WRSLT A=83 HL=6809 DE=FC00 IY=0000 IX=006F SP=DC93
  7.9050 RDSLT A=83 HL=6809 DE=FC00 IY=0000 IX=006F SP=DC93
  7.9054 WRSLT A=83 HL=6809 DE=FCFF IY=0000 IX=006F SP=DC93
  7.9058 RDSLT A=83 HL=6808 DE=FCFF IY=0000 IX=006F SP=DC95
  7.9062 WRSLT A=83 HL=6808 DE=FC00 IY=0000 IX=006F SP=DC93
  7.9066 RDSLT A=83 HL=6808 DE=FC00 IY=0000 IX=006F SP=DC93
  7.9070 WRSLT A=83 HL=6808 DE=FCFF IY=0000 IX=006F SP=DC93
  7.9074 RDSLT A=83 HL=6807 DE=FCFF IY=0000 IX=006F SP=DC95
  7.9078 WRSLT A=83 HL=6807 DE=FC00 IY=0000 IX=006F SP=DC93
  7.9082 RDSLT A=83 HL=6807 DE=FC00 IY=0000 IX=006F SP=DC93
  7.9086 WRSLT A=83 HL=6807 DE=FCFF IY=0000 IX=006F SP=DC93
  7.9090 RDSLT A=83 HL=6806 DE=FCFF IY=0000 IX=006F SP=DC95
  7.9094 WRSLT A=83 HL=6806 DE=FC00 IY=0000 IX=006F SP=DC93
  7.9098 RDSLT A=83 HL=6806 DE=FC00 IY=0000 IX=006F SP=DC93
  7.9102 WRSLT A=83 HL=6806 DE=FCFF IY=0000 IX=006F SP=DC93
  7.9106 RDSLT A=83 HL=6805 DE=FCFF IY=0000 IX=006F SP=DC95
  7.9110 WRSLT A=83 HL=6805 DE=FC00 IY=0000 IX=006F SP=DC93
  7.9114 RDSLT A=83 HL=6805 DE=FC00 IY=0000 IX=006F SP=DC93
  7.9118 WRSLT A=83 HL=6805 DE=FCFF IY=0000 IX=006F SP=DC93
  7.9122 RDSLT A=83 HL=6804 DE=FCFF IY=0000 IX=006F SP=DC95
  7.9126 WRSLT A=83 HL=6804 DE=FC00 IY=0000 IX=006F SP=DC93
  7.9130 RDSLT A=83 HL=6804 DE=FC00 IY=0000 IX=006F SP=DC93
  7.9134 WRSLT A=83 HL=6804 DE=FCFF IY=0000 IX=006F SP=DC93
  7.9138 RDSLT A=83 HL=6803 DE=FCFF IY=0000 IX=006F SP=DC95
  7.9142 WRSLT A=83 HL=6803 DE=FC00 IY=0000 IX=006F SP=DC93
  7.9146 RDSLT A=83 HL=6803 DE=FC00 IY=0000 IX=006F SP=DC93
  7.9150 WRSLT A=83 HL=6803 DE=FCFF IY=0000 IX=006F SP=DC93
  7.9154 RDSLT A=83 HL=6802 DE=FCFF IY=0000 IX=006F SP=DC95
  7.9158 WRSLT A=83 HL=6802 DE=FC00 IY=0000 IX=006F SP=DC93
  7.9162 RDSLT A=83 HL=6802 DE=FC00 IY=0000 IX=006F SP=DC93
  7.9166 WRSLT A=83 HL=6802 DE=FCFF IY=0000 IX=006F SP=DC93
  7.9170 RDSLT A=83 HL=6801 DE=FCFF IY=0000 IX=006F SP=DC95
  7.9174 WRSLT A=83 HL=6801 DE=FC00 IY=0000 IX=006F SP=DC93
  7.9178 RDSLT A=83 HL=6801 DE=FC00 IY=0000 IX=006F SP=DC93
  7.9182 WRSLT A=83 HL=6801 DE=FCFF IY=0000 IX=006F SP=DC93
  7.9186 RDSLT A=83 HL=6C10 DE=FCFF IY=0000 IX=006F SP=DC95
  7.9190 WRSLT A=83 HL=6C10 DE=FC00 IY=0000 IX=006F SP=DC93
  7.9194 RDSLT A=83 HL=6C10 DE=FC00 IY=0000 IX=006F SP=DC93
  7.9198 WRSLT A=83 HL=6C10 DE=FCFF IY=0000 IX=006F SP=DC93
  7.9202 RDSLT A=83 HL=6C0F DE=FCFF IY=0000 IX=006F SP=DC95
  7.9206 WRSLT A=83 HL=6C0F DE=FC00 IY=0000 IX=006F SP=DC93
  7.9210 RDSLT A=83 HL=6C0F DE=FC00 IY=0000 IX=006F SP=DC93
  7.9214 WRSLT A=83 HL=6C0F DE=FCFF IY=0000 IX=006F SP=DC93
  7.9218 RDSLT A=83 HL=6C0E DE=FCFF IY=0000 IX=006F SP=DC95
  7.9222 WRSLT A=83 HL=6C0E DE=FC00 IY=0000 IX=006F SP=DC93
  7.9226 RDSLT A=83 HL=6C0E DE=FC00 IY=0000 IX=006F SP=DC93
  7.9230 WRSLT A=83 HL=6C0E DE=FCFF IY=0000 IX=006F SP=DC93
  7.9234 RDSLT A=83 HL=6C0D DE=FCFF IY=0000 IX=006F SP=DC95
  7.9238 WRSLT A=83 HL=6C0D DE=FC00 IY=0000 IX=006F SP=DC93
  7.9242 RDSLT A=83 HL=6C0D DE=FC00 IY=0000 IX=006F SP=DC93
  7.9246 WRSLT A=83 HL=6C0D DE=FCFF IY=0000 IX=006F SP=DC93
  7.9250 RDSLT A=83 HL=6C0C DE=FCFF IY=0000 IX=006F SP=DC95
  7.9254 WRSLT A=83 HL=6C0C DE=FC00 IY=0000 IX=006F SP=DC93
  7.9258 RDSLT A=83 HL=6C0C DE=FC00 IY=0000 IX=006F SP=DC93
  7.9262 WRSLT A=83 HL=6C0C DE=FCFF IY=0000 IX=006F SP=DC93
  7.9266 RDSLT A=83 HL=6C0B DE=FCFF IY=0000 IX=006F SP=DC95
  7.9270 WRSLT A=83 HL=6C0B DE=FC00 IY=0000 IX=006F SP=DC93
  7.9274 RDSLT A=83 HL=6C0B DE=FC00 IY=0000 IX=006F SP=DC93
  7.9278 WRSLT A=83 HL=6C0B DE=FCFF IY=0000 IX=006F SP=DC93
  7.9282 RDSLT A=83 HL=6C0A DE=FCFF IY=0000 IX=006F SP=DC95
  7.9286 WRSLT A=83 HL=6C0A DE=FC00 IY=0000 IX=006F SP=DC93
  7.9290 RDSLT A=83 HL=6C0A DE=FC00 IY=0000 IX=006F SP=DC93
  7.9294 WRSLT A=83 HL=6C0A DE=FCFF IY=0000 IX=006F SP=DC93
  7.9298 RDSLT A=83 HL=6C09 DE=FCFF IY=0000 IX=006F SP=DC95
  7.9302 WRSLT A=83 HL=6C09 DE=FC00 IY=0000 IX=006F SP=DC93
  7.9306 RDSLT A=83 HL=6C09 DE=FC00 IY=0000 IX=006F SP=DC93
  7.9310 WRSLT A=83 HL=6C09 DE=FCFF IY=0000 IX=006F SP=DC93
  7.9314 RDSLT A=83 HL=6C08 DE=FCFF IY=0000 IX=006F SP=DC95
  7.9318 WRSLT A=83 HL=6C08 DE=FC00 IY=0000 IX=006F SP=DC93
  7.9322 RDSLT A=83 HL=6C08 DE=FC00 IY=0000 IX=006F SP=DC93
  7.9326 WRSLT A=83 HL=6C08 DE=FCFF IY=0000 IX=006F SP=DC93
  7.9330 RDSLT A=83 HL=6C07 DE=FCFF IY=0000 IX=006F SP=DC95
  7.9334 WRSLT A=83 HL=6C07 DE=FC00 IY=0000 IX=006F SP=DC93
  7.9338 RDSLT A=83 HL=6C07 DE=FC00 IY=0000 IX=006F SP=DC93
  7.9342 WRSLT A=83 HL=6C07 DE=FCFF IY=0000 IX=006F SP=DC93
  7.9346 RDSLT A=83 HL=6C06 DE=FCFF IY=0000 IX=006F SP=DC95
  7.9350 WRSLT A=83 HL=6C06 DE=FC00 IY=0000 IX=006F SP=DC93
  7.9354 RDSLT A=83 HL=6C06 DE=FC00 IY=0000 IX=006F SP=DC93
  7.9358 WRSLT A=83 HL=6C06 DE=FCFF IY=0000 IX=006F SP=DC93
  7.9362 RDSLT A=83 HL=6C05 DE=FCFF IY=0000 IX=006F SP=DC95
  7.9366 WRSLT A=83 HL=6C05 DE=FC00 IY=0000 IX=006F SP=DC93
  7.9369 RDSLT A=83 HL=6C05 DE=FC00 IY=0000 IX=006F SP=DC93
  7.9373 WRSLT A=83 HL=6C05 DE=FCFF IY=0000 IX=006F SP=DC93
  7.9378 RDSLT A=83 HL=6C04 DE=FCFF IY=0000 IX=006F SP=DC95
  7.9381 WRSLT A=83 HL=6C04 DE=FC00 IY=0000 IX=006F SP=DC93
  7.9385 RDSLT A=83 HL=6C04 DE=FC00 IY=0000 IX=006F SP=DC93
  7.9389 WRSLT A=83 HL=6C04 DE=FCFF IY=0000 IX=006F SP=DC93
  7.9394 RDSLT A=83 HL=6C03 DE=FCFF IY=0000 IX=006F SP=DC95
  7.9397 WRSLT A=83 HL=6C03 DE=FC00 IY=0000 IX=006F SP=DC93
  7.9401 RDSLT A=83 HL=6C03 DE=FC00 IY=0000 IX=006F SP=DC93
  7.9405 WRSLT A=83 HL=6C03 DE=FCFF IY=0000 IX=006F SP=DC93
  7.9409 RDSLT A=83 HL=6C02 DE=FCFF IY=0000 IX=006F SP=DC95
  7.9413 WRSLT A=83 HL=6C02 DE=FC00 IY=0000 IX=006F SP=DC93
  7.9417 RDSLT A=83 HL=6C02 DE=FC00 IY=0000 IX=006F SP=DC93
  7.9421 WRSLT A=83 HL=6C02 DE=FCFF IY=0000 IX=006F SP=DC93
  7.9425 RDSLT A=83 HL=6C01 DE=FCFF IY=0000 IX=006F SP=DC95
  7.9429 WRSLT A=83 HL=6C01 DE=FC00 IY=0000 IX=006F SP=DC93
  7.9433 RDSLT A=83 HL=6C01 DE=FC00 IY=0000 IX=006F SP=DC93
  7.9437 WRSLT A=83 HL=6C01 DE=FCFF IY=0000 IX=006F SP=DC93
  7.9442 RDSLT A=83 HL=7010 DE=FCFF IY=0000 IX=006F SP=DC95
  7.9446 WRSLT A=83 HL=7010 DE=FC00 IY=0000 IX=006F SP=DC93
  7.9450 RDSLT A=83 HL=7010 DE=FC00 IY=0000 IX=006F SP=DC93
  7.9454 WRSLT A=83 HL=7010 DE=FCFF IY=0000 IX=006F SP=DC93
  7.9458 RDSLT A=83 HL=700F DE=FCFF IY=0000 IX=006F SP=DC95
  7.9462 WRSLT A=83 HL=700F DE=FC00 IY=0000 IX=006F SP=DC93
  7.9466 RDSLT A=83 HL=700F DE=FC00 IY=0000 IX=006F SP=DC93
  7.9470 WRSLT A=83 HL=700F DE=FCFF IY=0000 IX=006F SP=DC93
  7.9474 RDSLT A=83 HL=700E DE=FCFF IY=0000 IX=006F SP=DC95
  7.9478 WRSLT A=83 HL=700E DE=FC00 IY=0000 IX=006F SP=DC93
  7.9482 RDSLT A=83 HL=700E DE=FC00 IY=0000 IX=006F SP=DC93
  7.9486 WRSLT A=83 HL=700E DE=FCFF IY=0000 IX=006F SP=DC93
  7.9490 RDSLT A=83 HL=700D DE=FCFF IY=0000 IX=006F SP=DC95
  7.9493 WRSLT A=83 HL=700D DE=FC00 IY=0000 IX=006F SP=DC93
  7.9497 RDSLT A=83 HL=700D DE=FC00 IY=0000 IX=006F SP=DC93
  7.9501 WRSLT A=83 HL=700D DE=FCFF IY=0000 IX=006F SP=DC93
  7.9506 RDSLT A=83 HL=700C DE=FCFF IY=0000 IX=006F SP=DC95
  7.9509 WRSLT A=83 HL=700C DE=FC00 IY=0000 IX=006F SP=DC93
  7.9513 RDSLT A=83 HL=700C DE=FC00 IY=0000 IX=006F SP=DC93
  7.9517 WRSLT A=83 HL=700C DE=FCFF IY=0000 IX=006F SP=DC93
  7.9521 RDSLT A=83 HL=700B DE=FCFF IY=0000 IX=006F SP=DC95
  7.9525 WRSLT A=83 HL=700B DE=FC00 IY=0000 IX=006F SP=DC93
  7.9529 RDSLT A=83 HL=700B DE=FC00 IY=0000 IX=006F SP=DC93
  7.9533 WRSLT A=83 HL=700B DE=FCFF IY=0000 IX=006F SP=DC93
  7.9537 RDSLT A=83 HL=700A DE=FCFF IY=0000 IX=006F SP=DC95
  7.9541 WRSLT A=83 HL=700A DE=FC00 IY=0000 IX=006F SP=DC93
  7.9545 RDSLT A=83 HL=700A DE=FC00 IY=0000 IX=006F SP=DC93
  7.9549 WRSLT A=83 HL=700A DE=FCFF IY=0000 IX=006F SP=DC93
  7.9553 RDSLT A=83 HL=7009 DE=FCFF IY=0000 IX=006F SP=DC95
  7.9557 WRSLT A=83 HL=7009 DE=FC00 IY=0000 IX=006F SP=DC93
  7.9561 RDSLT A=83 HL=7009 DE=FC00 IY=0000 IX=006F SP=DC93
  7.9565 WRSLT A=83 HL=7009 DE=FCFF IY=0000 IX=006F SP=DC93
  7.9569 RDSLT A=83 HL=7008 DE=FCFF IY=0000 IX=006F SP=DC95
  7.9573 WRSLT A=83 HL=7008 DE=FC00 IY=0000 IX=006F SP=DC93
  7.9577 RDSLT A=83 HL=7008 DE=FC00 IY=0000 IX=006F SP=DC93
  7.9581 WRSLT A=83 HL=7008 DE=FCFF IY=0000 IX=006F SP=DC93
  7.9585 RDSLT A=83 HL=7007 DE=FCFF IY=0000 IX=006F SP=DC95
  7.9589 WRSLT A=83 HL=7007 DE=FC00 IY=0000 IX=006F SP=DC93
  7.9593 RDSLT A=83 HL=7007 DE=FC00 IY=0000 IX=006F SP=DC93
  7.9597 WRSLT A=83 HL=7007 DE=FCFF IY=0000 IX=006F SP=DC93
  7.9601 RDSLT A=83 HL=7006 DE=FCFF IY=0000 IX=006F SP=DC95
  7.9605 WRSLT A=83 HL=7006 DE=FC00 IY=0000 IX=006F SP=DC93
  7.9609 RDSLT A=83 HL=7006 DE=FC00 IY=0000 IX=006F SP=DC93
  7.9613 WRSLT A=83 HL=7006 DE=FCFF IY=0000 IX=006F SP=DC93
  7.9617 RDSLT A=83 HL=7005 DE=FCFF IY=0000 IX=006F SP=DC95
  7.9621 WRSLT A=83 HL=7005 DE=FC00 IY=0000 IX=006F SP=DC93
  7.9625 RDSLT A=83 HL=7005 DE=FC00 IY=0000 IX=006F SP=DC93
  7.9629 WRSLT A=83 HL=7005 DE=FCFF IY=0000 IX=006F SP=DC93
  7.9633 RDSLT A=83 HL=7004 DE=FCFF IY=0000 IX=006F SP=DC95
  7.9637 WRSLT A=83 HL=7004 DE=FC00 IY=0000 IX=006F SP=DC93
  7.9641 RDSLT A=83 HL=7004 DE=FC00 IY=0000 IX=006F SP=DC93
  7.9645 WRSLT A=83 HL=7004 DE=FCFF IY=0000 IX=006F SP=DC93
  7.9649 RDSLT A=83 HL=7003 DE=FCFF IY=0000 IX=006F SP=DC95
  7.9653 WRSLT A=83 HL=7003 DE=FC00 IY=0000 IX=006F SP=DC93
  7.9657 RDSLT A=83 HL=7003 DE=FC00 IY=0000 IX=006F SP=DC93
  7.9661 WRSLT A=83 HL=7003 DE=FCFF IY=0000 IX=006F SP=DC93
  7.9665 RDSLT A=83 HL=7002 DE=FCFF IY=0000 IX=006F SP=DC95
  7.9669 WRSLT A=83 HL=7002 DE=FC00 IY=0000 IX=006F SP=DC93
  7.9673 RDSLT A=83 HL=7002 DE=FC00 IY=0000 IX=006F SP=DC93
  7.9677 WRSLT A=83 HL=7002 DE=FCFF IY=0000 IX=006F SP=DC93
  7.9681 RDSLT A=83 HL=7001 DE=FCFF IY=0000 IX=006F SP=DC95
  7.9685 WRSLT A=83 HL=7001 DE=FC00 IY=0000 IX=006F SP=DC93
  7.9689 RDSLT A=83 HL=7001 DE=FC00 IY=0000 IX=006F SP=DC93
  7.9693 WRSLT A=83 HL=7001 DE=FCFF IY=0000 IX=006F SP=DC93
  7.9697 RDSLT A=83 HL=7410 DE=FCFF IY=0000 IX=006F SP=DC95
  7.9701 WRSLT A=83 HL=7410 DE=FC00 IY=0000 IX=006F SP=DC93
  7.9705 RDSLT A=83 HL=7410 DE=FC00 IY=0000 IX=006F SP=DC93
  7.9709 WRSLT A=83 HL=7410 DE=FCFF IY=0000 IX=006F SP=DC93
  7.9713 RDSLT A=83 HL=740F DE=FCFF IY=0000 IX=006F SP=DC95
  7.9717 WRSLT A=83 HL=740F DE=FC00 IY=0000 IX=006F SP=DC93
  7.9721 RDSLT A=83 HL=740F DE=FC00 IY=0000 IX=006F SP=DC93
  7.9725 WRSLT A=83 HL=740F DE=FCFF IY=0000 IX=006F SP=DC93
  7.9729 RDSLT A=83 HL=740E DE=FCFF IY=0000 IX=006F SP=DC95
  7.9733 WRSLT A=83 HL=740E DE=FC00 IY=0000 IX=006F SP=DC93
  7.9737 RDSLT A=83 HL=740E DE=FC00 IY=0000 IX=006F SP=DC93
  7.9741 WRSLT A=83 HL=740E DE=FCFF IY=0000 IX=006F SP=DC93
  7.9745 RDSLT A=83 HL=740D DE=FCFF IY=0000 IX=006F SP=DC95
  7.9749 WRSLT A=83 HL=740D DE=FC00 IY=0000 IX=006F SP=DC93
  7.9753 RDSLT A=83 HL=740D DE=FC00 IY=0000 IX=006F SP=DC93
  7.9757 WRSLT A=83 HL=740D DE=FCFF IY=0000 IX=006F SP=DC93
  7.9761 RDSLT A=83 HL=740C DE=FCFF IY=0000 IX=006F SP=DC95
  7.9765 WRSLT A=83 HL=740C DE=FC00 IY=0000 IX=006F SP=DC93
  7.9769 RDSLT A=83 HL=740C DE=FC00 IY=0000 IX=006F SP=DC93
  7.9773 WRSLT A=83 HL=740C DE=FCFF IY=0000 IX=006F SP=DC93
  7.9777 RDSLT A=83 HL=740B DE=FCFF IY=0000 IX=006F SP=DC95
  7.9781 WRSLT A=83 HL=740B DE=FC00 IY=0000 IX=006F SP=DC93
  7.9785 RDSLT A=83 HL=740B DE=FC00 IY=0000 IX=006F SP=DC93
  7.9789 WRSLT A=83 HL=740B DE=FCFF IY=0000 IX=006F SP=DC93
  7.9793 RDSLT A=83 HL=740A DE=FCFF IY=0000 IX=006F SP=DC95
  7.9797 WRSLT A=83 HL=740A DE=FC00 IY=0000 IX=006F SP=DC93
  7.9801 RDSLT A=83 HL=740A DE=FC00 IY=0000 IX=006F SP=DC93
  7.9805 WRSLT A=83 HL=740A DE=FCFF IY=0000 IX=006F SP=DC93
  7.9809 RDSLT A=83 HL=7409 DE=FCFF IY=0000 IX=006F SP=DC95
  7.9813 WRSLT A=83 HL=7409 DE=FC00 IY=0000 IX=006F SP=DC93
  7.9817 RDSLT A=83 HL=7409 DE=FC00 IY=0000 IX=006F SP=DC93
  7.9821 WRSLT A=83 HL=7409 DE=FCFF IY=0000 IX=006F SP=DC93
  7.9825 RDSLT A=83 HL=7408 DE=FCFF IY=0000 IX=006F SP=DC95
  7.9829 WRSLT A=83 HL=7408 DE=FC00 IY=0000 IX=006F SP=DC93
  7.9833 RDSLT A=83 HL=7408 DE=FC00 IY=0000 IX=006F SP=DC93
  7.9837 WRSLT A=83 HL=7408 DE=FCFF IY=0000 IX=006F SP=DC93
  7.9841 RDSLT A=83 HL=7407 DE=FCFF IY=0000 IX=006F SP=DC95
  7.9845 WRSLT A=83 HL=7407 DE=FC00 IY=0000 IX=006F SP=DC93
  7.9849 RDSLT A=83 HL=7407 DE=FC00 IY=0000 IX=006F SP=DC93
  7.9853 WRSLT A=83 HL=7407 DE=FCFF IY=0000 IX=006F SP=DC93
  7.9857 RDSLT A=83 HL=7406 DE=FCFF IY=0000 IX=006F SP=DC95
  7.9861 WRSLT A=83 HL=7406 DE=FC00 IY=0000 IX=006F SP=DC93
  7.9865 RDSLT A=83 HL=7406 DE=FC00 IY=0000 IX=006F SP=DC93
  7.9869 WRSLT A=83 HL=7406 DE=FCFF IY=0000 IX=006F SP=DC93
  7.9873 RDSLT A=83 HL=7405 DE=FCFF IY=0000 IX=006F SP=DC95
  7.9877 WRSLT A=83 HL=7405 DE=FC00 IY=0000 IX=006F SP=DC93
  7.9881 RDSLT A=83 HL=7405 DE=FC00 IY=0000 IX=006F SP=DC93
  7.9885 WRSLT A=83 HL=7405 DE=FCFF IY=0000 IX=006F SP=DC93
  7.9889 RDSLT A=83 HL=7404 DE=FCFF IY=0000 IX=006F SP=DC95
  7.9893 WRSLT A=83 HL=7404 DE=FC00 IY=0000 IX=006F SP=DC93
  7.9897 RDSLT A=83 HL=7404 DE=FC00 IY=0000 IX=006F SP=DC93
  7.9901 WRSLT A=83 HL=7404 DE=FCFF IY=0000 IX=006F SP=DC93
  7.9905 RDSLT A=83 HL=7403 DE=FCFF IY=0000 IX=006F SP=DC95
  7.9909 WRSLT A=83 HL=7403 DE=FC00 IY=0000 IX=006F SP=DC93
  7.9913 RDSLT A=83 HL=7403 DE=FC00 IY=0000 IX=006F SP=DC93
  7.9917 WRSLT A=83 HL=7403 DE=FCFF IY=0000 IX=006F SP=DC93
  7.9921 RDSLT A=83 HL=7402 DE=FCFF IY=0000 IX=006F SP=DC95
  7.9925 WRSLT A=83 HL=7402 DE=FC00 IY=0000 IX=006F SP=DC93
  7.9929 RDSLT A=83 HL=7402 DE=FC00 IY=0000 IX=006F SP=DC93
  7.9933 WRSLT A=83 HL=7402 DE=FCFF IY=0000 IX=006F SP=DC93
  7.9937 RDSLT A=83 HL=7401 DE=FCFF IY=0000 IX=006F SP=DC95
  7.9941 WRSLT A=83 HL=7401 DE=FC00 IY=0000 IX=006F SP=DC93
  7.9945 RDSLT A=83 HL=7401 DE=FC00 IY=0000 IX=006F SP=DC93
  7.9949 WRSLT A=83 HL=7401 DE=FCFF IY=0000 IX=006F SP=DC93
  7.9953 RDSLT A=83 HL=7810 DE=FCFF IY=0000 IX=006F SP=DC95
  7.9957 WRSLT A=83 HL=7810 DE=FC00 IY=0000 IX=006F SP=DC93
  7.9961 RDSLT A=83 HL=7810 DE=FC00 IY=0000 IX=006F SP=DC93
  7.9965 WRSLT A=83 HL=7810 DE=FCFF IY=0000 IX=006F SP=DC93
  7.9969 RDSLT A=83 HL=780F DE=FCFF IY=0000 IX=006F SP=DC95
  7.9973 WRSLT A=83 HL=780F DE=FC00 IY=0000 IX=006F SP=DC93
  7.9977 RDSLT A=83 HL=780F DE=FC00 IY=0000 IX=006F SP=DC93
  7.9981 WRSLT A=83 HL=780F DE=FCFF IY=0000 IX=006F SP=DC93
  7.9985 RDSLT A=83 HL=780E DE=FCFF IY=0000 IX=006F SP=DC95
  7.9989 WRSLT A=83 HL=780E DE=FC00 IY=0000 IX=006F SP=DC93
  7.9993 RDSLT A=83 HL=780E DE=FC00 IY=0000 IX=006F SP=DC93
  7.9997 WRSLT A=83 HL=780E DE=FCFF IY=0000 IX=006F SP=DC93
  8.0001 RDSLT A=83 HL=780D DE=FCFF IY=0000 IX=006F SP=DC95
  8.0005 WRSLT A=83 HL=780D DE=FC00 IY=0000 IX=006F SP=DC93
  8.0009 RDSLT A=83 HL=780D DE=FC00 IY=0000 IX=006F SP=DC93
  8.0013 WRSLT A=83 HL=780D DE=FCFF IY=0000 IX=006F SP=DC93
  8.0017 RDSLT A=83 HL=780C DE=FCFF IY=0000 IX=006F SP=DC95
  8.0021 WRSLT A=83 HL=780C DE=FC00 IY=0000 IX=006F SP=DC93
  8.0025 RDSLT A=83 HL=780C DE=FC00 IY=0000 IX=006F SP=DC93
  8.0029 WRSLT A=83 HL=780C DE=FCFF IY=0000 IX=006F SP=DC93
  8.0033 RDSLT A=83 HL=780B DE=FCFF IY=0000 IX=006F SP=DC95
  8.0037 WRSLT A=83 HL=780B DE=FC00 IY=0000 IX=006F SP=DC93
  8.0041 RDSLT A=83 HL=780B DE=FC00 IY=0000 IX=006F SP=DC93
  8.0045 WRSLT A=83 HL=780B DE=FCFF IY=0000 IX=006F SP=DC93
  8.0049 RDSLT A=83 HL=780A DE=FCFF IY=0000 IX=006F SP=DC95
  8.0053 WRSLT A=83 HL=780A DE=FC00 IY=0000 IX=006F SP=DC93
  8.0057 RDSLT A=83 HL=780A DE=FC00 IY=0000 IX=006F SP=DC93
  8.0061 WRSLT A=83 HL=780A DE=FCFF IY=0000 IX=006F SP=DC93
  8.0065 RDSLT A=83 HL=7809 DE=FCFF IY=0000 IX=006F SP=DC95
  8.0069 WRSLT A=83 HL=7809 DE=FC00 IY=0000 IX=006F SP=DC93
  8.0073 RDSLT A=83 HL=7809 DE=FC00 IY=0000 IX=006F SP=DC93
  8.0077 WRSLT A=83 HL=7809 DE=FCFF IY=0000 IX=006F SP=DC93
  8.0081 RDSLT A=83 HL=7808 DE=FCFF IY=0000 IX=006F SP=DC95
  8.0085 WRSLT A=83 HL=7808 DE=FC00 IY=0000 IX=006F SP=DC93
  8.0089 RDSLT A=83 HL=7808 DE=FC00 IY=0000 IX=006F SP=DC93
  8.0093 WRSLT A=83 HL=7808 DE=FCFF IY=0000 IX=006F SP=DC93
  8.0097 RDSLT A=83 HL=7807 DE=FCFF IY=0000 IX=006F SP=DC95
  8.0101 WRSLT A=83 HL=7807 DE=FC00 IY=0000 IX=006F SP=DC93
  8.0105 RDSLT A=83 HL=7807 DE=FC00 IY=0000 IX=006F SP=DC93
  8.0109 WRSLT A=83 HL=7807 DE=FCFF IY=0000 IX=006F SP=DC93
  8.0113 RDSLT A=83 HL=7806 DE=FCFF IY=0000 IX=006F SP=DC95
  8.0117 WRSLT A=83 HL=7806 DE=FC00 IY=0000 IX=006F SP=DC93
  8.0121 RDSLT A=83 HL=7806 DE=FC00 IY=0000 IX=006F SP=DC93
  8.0125 WRSLT A=83 HL=7806 DE=FCFF IY=0000 IX=006F SP=DC93
  8.0129 RDSLT A=83 HL=7805 DE=FCFF IY=0000 IX=006F SP=DC95
  8.0133 WRSLT A=83 HL=7805 DE=FC00 IY=0000 IX=006F SP=DC93
  8.0137 RDSLT A=83 HL=7805 DE=FC00 IY=0000 IX=006F SP=DC93
  8.0141 WRSLT A=83 HL=7805 DE=FCFF IY=0000 IX=006F SP=DC93
  8.0145 RDSLT A=83 HL=7804 DE=FCFF IY=0000 IX=006F SP=DC95
  8.0149 WRSLT A=83 HL=7804 DE=FC00 IY=0000 IX=006F SP=DC93
  8.0153 RDSLT A=83 HL=7804 DE=FC00 IY=0000 IX=006F SP=DC93
  8.0157 WRSLT A=83 HL=7804 DE=FCFF IY=0000 IX=006F SP=DC93
  8.0161 RDSLT A=83 HL=7803 DE=FCFF IY=0000 IX=006F SP=DC95
  8.0165 WRSLT A=83 HL=7803 DE=FC00 IY=0000 IX=006F SP=DC93
  8.0169 RDSLT A=83 HL=7803 DE=FC00 IY=0000 IX=006F SP=DC93
  8.0173 WRSLT A=83 HL=7803 DE=FCFF IY=0000 IX=006F SP=DC93
  8.0177 RDSLT A=83 HL=7802 DE=FCFF IY=0000 IX=006F SP=DC95
  8.0181 WRSLT A=83 HL=7802 DE=FC00 IY=0000 IX=006F SP=DC93
  8.0185 RDSLT A=83 HL=7802 DE=FC00 IY=0000 IX=006F SP=DC93
  8.0189 WRSLT A=83 HL=7802 DE=FCFF IY=0000 IX=006F SP=DC93
  8.0193 RDSLT A=83 HL=7801 DE=FCFF IY=0000 IX=006F SP=DC95
  8.0197 WRSLT A=83 HL=7801 DE=FC00 IY=0000 IX=006F SP=DC93
  8.0201 RDSLT A=83 HL=7801 DE=FC00 IY=0000 IX=006F SP=DC93
  8.0205 WRSLT A=83 HL=7801 DE=FCFF IY=0000 IX=006F SP=DC93
  8.0209 RDSLT A=83 HL=7C10 DE=FCFF IY=0000 IX=006F SP=DC95
  8.0213 WRSLT A=83 HL=7C10 DE=FC00 IY=0000 IX=006F SP=DC93
  8.0217 RDSLT A=83 HL=7C10 DE=FC00 IY=0000 IX=006F SP=DC93
  8.0221 WRSLT A=83 HL=7C10 DE=FCFF IY=0000 IX=006F SP=DC93
  8.0225 RDSLT A=83 HL=7C0F DE=FCFF IY=0000 IX=006F SP=DC95
  8.0229 WRSLT A=83 HL=7C0F DE=FC00 IY=0000 IX=006F SP=DC93
  8.0233 RDSLT A=83 HL=7C0F DE=FC00 IY=0000 IX=006F SP=DC93
  8.0237 WRSLT A=83 HL=7C0F DE=FCFF IY=0000 IX=006F SP=DC93
  8.0241 RDSLT A=83 HL=7C0E DE=FCFF IY=0000 IX=006F SP=DC95
  8.0245 WRSLT A=83 HL=7C0E DE=FC00 IY=0000 IX=006F SP=DC93
  8.0249 RDSLT A=83 HL=7C0E DE=FC00 IY=0000 IX=006F SP=DC93
  8.0253 WRSLT A=83 HL=7C0E DE=FCFF IY=0000 IX=006F SP=DC93
  8.0257 RDSLT A=83 HL=7C0D DE=FCFF IY=0000 IX=006F SP=DC95
  8.0261 WRSLT A=83 HL=7C0D DE=FC00 IY=0000 IX=006F SP=DC93
  8.0265 RDSLT A=83 HL=7C0D DE=FC00 IY=0000 IX=006F SP=DC93
  8.0269 WRSLT A=83 HL=7C0D DE=FCFF IY=0000 IX=006F SP=DC93
  8.0273 RDSLT A=83 HL=7C0C DE=FCFF IY=0000 IX=006F SP=DC95
  8.0277 WRSLT A=83 HL=7C0C DE=FC00 IY=0000 IX=006F SP=DC93
  8.0281 RDSLT A=83 HL=7C0C DE=FC00 IY=0000 IX=006F SP=DC93
  8.0285 WRSLT A=83 HL=7C0C DE=FCFF IY=0000 IX=006F SP=DC93
  8.0289 RDSLT A=83 HL=7C0B DE=FCFF IY=0000 IX=006F SP=DC95
  8.0293 WRSLT A=83 HL=7C0B DE=FC00 IY=0000 IX=006F SP=DC93
  8.0297 RDSLT A=83 HL=7C0B DE=FC00 IY=0000 IX=006F SP=DC93
  8.0301 WRSLT A=83 HL=7C0B DE=FCFF IY=0000 IX=006F SP=DC93
  8.0305 RDSLT A=83 HL=7C0A DE=FCFF IY=0000 IX=006F SP=DC95
  8.0309 WRSLT A=83 HL=7C0A DE=FC00 IY=0000 IX=006F SP=DC93
  8.0313 RDSLT A=83 HL=7C0A DE=FC00 IY=0000 IX=006F SP=DC93
  8.0317 WRSLT A=83 HL=7C0A DE=FCFF IY=0000 IX=006F SP=DC93
  8.0321 RDSLT A=83 HL=7C09 DE=FCFF IY=0000 IX=006F SP=DC95
  8.0325 WRSLT A=83 HL=7C09 DE=FC00 IY=0000 IX=006F SP=DC93
  8.0329 RDSLT A=83 HL=7C09 DE=FC00 IY=0000 IX=006F SP=DC93
  8.0333 WRSLT A=83 HL=7C09 DE=FCFF IY=0000 IX=006F SP=DC93
  8.0337 RDSLT A=83 HL=7C08 DE=FCFF IY=0000 IX=006F SP=DC95
  8.0341 WRSLT A=83 HL=7C08 DE=FC00 IY=0000 IX=006F SP=DC93
  8.0345 RDSLT A=83 HL=7C08 DE=FC00 IY=0000 IX=006F SP=DC93
  8.0349 WRSLT A=83 HL=7C08 DE=FCFF IY=0000 IX=006F SP=DC93
  8.0353 RDSLT A=83 HL=7C07 DE=FCFF IY=0000 IX=006F SP=DC95
  8.0357 WRSLT A=83 HL=7C07 DE=FC00 IY=0000 IX=006F SP=DC93
  8.0361 RDSLT A=83 HL=7C07 DE=FC00 IY=0000 IX=006F SP=DC93
  8.0365 WRSLT A=83 HL=7C07 DE=FCFF IY=0000 IX=006F SP=DC93
  8.0369 RDSLT A=83 HL=7C06 DE=FCFF IY=0000 IX=006F SP=DC95
  8.0373 WRSLT A=83 HL=7C06 DE=FC00 IY=0000 IX=006F SP=DC93
  8.0377 RDSLT A=83 HL=7C06 DE=FC00 IY=0000 IX=006F SP=DC93
  8.0381 WRSLT A=83 HL=7C06 DE=FCFF IY=0000 IX=006F SP=DC93
  8.0385 RDSLT A=83 HL=7C05 DE=FCFF IY=0000 IX=006F SP=DC95
  8.0389 WRSLT A=83 HL=7C05 DE=FC00 IY=0000 IX=006F SP=DC93
  8.0392 RDSLT A=83 HL=7C05 DE=FC00 IY=0000 IX=006F SP=DC93
  8.0396 WRSLT A=83 HL=7C05 DE=FCFF IY=0000 IX=006F SP=DC93
  8.0401 RDSLT A=83 HL=7C04 DE=FCFF IY=0000 IX=006F SP=DC95
  8.0404 WRSLT A=83 HL=7C04 DE=FC00 IY=0000 IX=006F SP=DC93
  8.0408 RDSLT A=83 HL=7C04 DE=FC00 IY=0000 IX=006F SP=DC93
  8.0412 WRSLT A=83 HL=7C04 DE=FCFF IY=0000 IX=006F SP=DC93
  8.0417 RDSLT A=83 HL=7C03 DE=FCFF IY=0000 IX=006F SP=DC95
  8.0420 WRSLT A=83 HL=7C03 DE=FC00 IY=0000 IX=006F SP=DC93
  8.0424 RDSLT A=83 HL=7C03 DE=FC00 IY=0000 IX=006F SP=DC93
  8.0428 WRSLT A=83 HL=7C03 DE=FCFF IY=0000 IX=006F SP=DC93
  8.0432 RDSLT A=83 HL=7C02 DE=FCFF IY=0000 IX=006F SP=DC95
  8.0436 WRSLT A=83 HL=7C02 DE=FC00 IY=0000 IX=006F SP=DC93
  8.0440 RDSLT A=83 HL=7C02 DE=FC00 IY=0000 IX=006F SP=DC93
  8.0444 WRSLT A=83 HL=7C02 DE=FCFF IY=0000 IX=006F SP=DC93
  8.0448 RDSLT A=83 HL=7C01 DE=FCFF IY=0000 IX=006F SP=DC95
  8.0452 WRSLT A=83 HL=7C01 DE=FC00 IY=0000 IX=006F SP=DC93
  8.0456 RDSLT A=83 HL=7C01 DE=FC00 IY=0000 IX=006F SP=DC93
  8.0460 WRSLT A=83 HL=7C01 DE=FCFF IY=0000 IX=006F SP=DC93
  8.0473 CALLF A=00 HL=EB95 DE=0000 IY=0000 IX=006F SP=C1F4
  8.0478 CALSLT A=00 HL=EB95 DE=0000 IY=8722 IX=4010 SP=C1E0
  8.0483 CALLF A=9F HL=4010 DE=FF0C IY=0314 IX=4010 SP=C1B8
  8.0587 CALLF A=9F HL=4010 DE=FF0C IY=0314 IX=F1BF SP=C1AC
  8.0754 CALLF A=9F HL=4010 DE=FF0C IY=0314 IX=F1BF SP=C1AC
  8.0921 CALLF A=9F HL=4010 DE=FF0C IY=0314 IX=F1BF SP=C1AC
  8.1087 CALLF A=9F HL=4010 DE=FF0C IY=0314 IX=F1BF SP=C1AC
  8.1254 CALLF A=9F HL=4010 DE=FF0C IY=0314 IX=F1BF SP=C1AC
  8.1421 CALLF A=9F HL=4010 DE=FF0C IY=0314 IX=F1BF SP=C1AC
  8.1588 CALLF A=9F HL=4010 DE=FF0C IY=0314 IX=F1BF SP=C1AC
  8.1755 CALLF A=9F HL=4010 DE=FF0C IY=0314 IX=F1BF SP=C1AC
  8.1922 CALLF A=9F HL=4010 DE=FF0C IY=0314 IX=F1BF SP=C1AC
  8.2089 CALLF A=9F HL=4010 DE=FF0C IY=0314 IX=F1BF SP=C1AC
  8.2256 CALLF A=9F HL=4010 DE=FF0C IY=0314 IX=F1BF SP=C1AC
  8.2422 CALLF A=9F HL=4010 DE=FF0C IY=0314 IX=F1BF SP=C1AC
  8.2589 CALLF A=9F HL=4010 DE=FF0C IY=0314 IX=F1BF SP=C1AC
  8.2756 CALLF A=9F HL=4010 DE=FF0C IY=0314 IX=F1BF SP=C1AC
  8.2923 CALLF A=9F HL=4010 DE=FF0C IY=0314 IX=F1BF SP=C1AC
  8.3090 CALLF A=9F HL=4010 DE=FF0C IY=0314 IX=F1BF SP=C1AC
  8.3257 CALLF A=9F HL=4010 DE=FF0C IY=0314 IX=F1BF SP=C1AC
  8.3424 CALLF A=9F HL=4010 DE=FF0C IY=0314 IX=F1BF SP=C1AC
  8.3591 CALLF A=9F HL=4010 DE=FF0C IY=0314 IX=F1BF SP=C1AC
  8.3758 CALLF A=9F HL=4010 DE=FF0C IY=0314 IX=F1BF SP=C1AC
  8.3924 CALLF A=9F HL=4010 DE=FF0C IY=0314 IX=F1BF SP=C1AC
  8.4091 CALLF A=9F HL=4010 DE=FF0C IY=0314 IX=F1BF SP=C1AC
  8.4258 CALLF A=9F HL=4010 DE=FF0C IY=0314 IX=F1BF SP=C1AC
  8.4425 CALLF A=9F HL=4010 DE=FF0C IY=0314 IX=F1BF SP=C1AC
  8.4592 CALLF A=9F HL=4010 DE=FF0C IY=0314 IX=F1BF SP=C1AC
  8.4759 CALLF A=9F HL=4010 DE=FF0C IY=0314 IX=F1BF SP=C1AC
  8.4926 CALLF A=9F HL=4010 DE=FF0C IY=0314 IX=F1BF SP=C1AC
  8.5093 CALLF A=9F HL=4010 DE=FF0C IY=0314 IX=F1BF SP=C1AC
  8.5259 CALLF A=9F HL=4010 DE=FF0C IY=0314 IX=F1BF SP=C1AC
  8.5426 CALLF A=9F HL=4010 DE=FF0C IY=0314 IX=F1BF SP=C1AC
  8.5593 CALLF A=9F HL=4010 DE=FF0C IY=0314 IX=F1BF SP=C1AC
  8.5760 CALLF A=9F HL=4010 DE=FF0C IY=0314 IX=F1BF SP=C1AC
  8.5927 CALLF A=9F HL=4010 DE=FF0C IY=0314 IX=F1BF SP=C1AC
  8.6094 CALLF A=9F HL=4010 DE=FF0C IY=0314 IX=F1BF SP=C1AC
  8.6261 CALLF A=9F HL=4010 DE=FF0C IY=0314 IX=F1BF SP=C1AC
  8.6428 CALLF A=9F HL=4010 DE=FF0C IY=0314 IX=F1BF SP=C1AC
  8.6595 CALLF A=9F HL=4010 DE=FF0C IY=0314 IX=F1BF SP=C1AC
  8.6761 CALLF A=9F HL=4010 DE=FF0C IY=0314 IX=F1BF SP=C1AC
  8.6928 CALLF A=9F HL=4010 DE=FF0C IY=0314 IX=F1BF SP=C1AC
  8.7095 CALLF A=9F HL=4010 DE=FF0C IY=0314 IX=F1BF SP=C1AC
  8.7262 CALLF A=9F HL=4010 DE=FF0C IY=0314 IX=F1BF SP=C1AC
  8.7429 CALLF A=9F HL=4010 DE=FF0C IY=0314 IX=F1BF SP=C1AC
  8.7596 CALLF A=9F HL=4010 DE=FF0C IY=0314 IX=F1BF SP=C1AC
  8.7763 CALLF A=9F HL=4010 DE=FF0C IY=0314 IX=F1BF SP=C1AC
  8.7930 CALLF A=9F HL=4010 DE=FF0C IY=0314 IX=F1BF SP=C1AC
  8.8096 CALLF A=9F HL=4010 DE=FF0C IY=0314 IX=F1BF SP=C1AC
  8.8263 CALLF A=9F HL=4010 DE=FF0C IY=0314 IX=F1BF SP=C1B0
  8.8430 CALLF A=9F HL=4010 DE=FF0C IY=0314 IX=F1BF SP=C1B0
  8.8597 CALLF A=9F HL=4010 DE=FF0C IY=0314 IX=F1BF SP=C1B0
  8.8764 CALLF A=9F HL=4010 DE=FF0C IY=0314 IX=F1BF SP=C1B0
  8.8931 CALLF A=9F HL=4010 DE=FF0C IY=0314 IX=F1BF SP=C1B0
  8.9098 CALLF A=9F HL=4010 DE=FF0C IY=0314 IX=F1BF SP=C1B0
  8.9265 CALLF A=9F HL=4010 DE=FF0C IY=0314 IX=F1BF SP=C1B0
  8.9431 CALLF A=9F HL=4010 DE=FF0C IY=0314 IX=F1BF SP=C1B0
  8.9598 CALLF A=9F HL=4010 DE=FF0C IY=0314 IX=F1BF SP=C1B0
  8.9765 CALLF A=9F HL=4010 DE=FF0C IY=0314 IX=F1BF SP=C1B0
  8.9932 CALLF A=9F HL=4010 DE=FF0C IY=0314 IX=F1BF SP=C1B0
  9.0099 CALLF A=9F HL=4010 DE=FF0C IY=0314 IX=F1BF SP=C1B0
  9.0266 CALLF A=9F HL=4010 DE=FF0C IY=0314 IX=F1BF SP=C1B0
  9.0433 CALLF A=9F HL=4010 DE=FF0C IY=0314 IX=F1BF SP=C1B0
  9.0600 CALLF A=9F HL=4010 DE=FF0C IY=0314 IX=F1BF SP=C1B0
  9.0767 CALLF A=9F HL=4010 DE=FF0C IY=0314 IX=F1BF SP=C1B0
  9.0933 CALLF A=9F HL=4010 DE=FF0C IY=0314 IX=F1BF SP=C1B0
  9.1100 CALLF A=9F HL=4010 DE=FF0C IY=0314 IX=F1BF SP=C1B0
  9.1267 CALLF A=9F HL=4010 DE=FF0C IY=0314 IX=F1BF SP=C1B0
  9.1434 CALLF A=9F HL=4010 DE=FF0C IY=0314 IX=F1BF SP=C1B0
  9.1601 CALLF A=9F HL=4010 DE=FF0C IY=0314 IX=F1BF SP=C1B0
  9.1768 CALLF A=9F HL=4010 DE=FF0C IY=0314 IX=F1BF SP=C1B0
  9.1935 CALLF A=9F HL=4010 DE=FF0C IY=0314 IX=F1BF SP=C1B0
  9.2102 CALLF A=9F HL=4010 DE=FF0C IY=0314 IX=F1BF SP=C1B0
  9.2268 CALLF A=9F HL=4010 DE=FF0C IY=0314 IX=F1BF SP=C1B0
  9.2435 CALLF A=9F HL=4010 DE=FF0C IY=0314 IX=F1BF SP=C1B0
  9.2602 CALLF A=9F HL=4010 DE=FF0C IY=0314 IX=F1BF SP=C1B0
  9.2769 CALLF A=9F HL=4010 DE=FF0C IY=0314 IX=F1BF SP=C1B0
  9.2936 CALLF A=9F HL=4010 DE=FF0C IY=0314 IX=F1BF SP=C1B0
  9.3103 CALLF A=9F HL=4010 DE=FF0C IY=0314 IX=F1BF SP=C1B0
  9.3270 CALLF A=9F HL=4010 DE=FF0C IY=0314 IX=F1BF SP=C1B0
  9.3437 CALLF A=9F HL=4010 DE=FF0C IY=0314 IX=F1BF SP=C1B0
  9.3604 CALLF A=9F HL=4010 DE=FF0C IY=0314 IX=F1BF SP=C1B0
  9.3770 CALLF A=9F HL=4010 DE=FF0C IY=0314 IX=F1BF SP=C1B0
  9.3937 CALLF A=9F HL=4010 DE=FF0C IY=0314 IX=F1BF SP=C1B0
  9.4104 CALLF A=9F HL=4010 DE=FF0C IY=0314 IX=F1BF SP=C1B0
  9.4404 CALLF A=9F HL=4010 DE=FF0C IY=0314 IX=F1BF SP=C1B2
  9.4446 CALLF A=00 HL=EB95 DE=0000 IY=0314 IX=6050 SP=C1F4
  9.4451 CALSLT A=00 HL=EB95 DE=0000 IY=8722 IX=4010 SP=C1E0
  9.4456 CALLF A=9F HL=4010 DE=FF0C IY=0314 IX=4010 SP=C1B8
  9.6404 CALLF A=9F HL=4010 DE=FF0C IY=0314 IX=F1BF SP=C1B2
  9.6515 CALLF A=00 HL=F324 DE=C0AB IY=0314 IX=7A71 SP=F51B
  9.6520 CALSLT A=FF HL=56D3 DE=FF0C IY=0000 IX=0038 SP=DDAC
  9.6522 CALLF A=9F HL=0038 DE=0003 IY=0000 IX=0038 SP=DD90
  9.6568 CALSLT A=00 HL=F195 DE=F2BA IY=8722 IX=4013 SP=F4FB
  9.6577 CALSLT A=00 HL=E595 DE=0001 IY=8722 IX=4010 SP=F4F1
  9.8615 CALSLT A=FF HL=4010 DE=FF0C IY=0000 IX=0038 SP=DDAC
  9.8616 CALLF A=9F HL=0038 DE=0003 IY=0000 IX=0038 SP=DD90
  9.8825 CALSLT A=FF HL=4010 DE=FF0C IY=0000 IX=0038 SP=DDAC
  9.8827 CALLF A=9F HL=0038 DE=0003 IY=0000 IX=0038 SP=DD90
  9.9036 CALSLT A=FF HL=4010 DE=FF0C IY=0000 IX=0038 SP=DDAC
  9.9037 CALLF A=9F HL=0038 DE=0003 IY=0000 IX=0038 SP=DD90
  9.9062 CALSLT A=00 HL=F195 DE=0001 IY=8722 IX=4016 SP=F4FB
  9.9072 CALSLT A=00 HL=EB95 DE=0007 IY=8722 IX=4010 SP=F4EB
  9.9878 CALSLT A=FF HL=4010 DE=FF0C IY=0000 IX=0038 SP=DDAC
  9.9880 CALLF A=9F HL=0038 DE=0003 IY=0000 IX=0038 SP=DD90
  9.9904 CALLF A=01 HL=FF00 DE=0100 IY=EC75 IX=F195 SP=F51B
  9.9911 CALLF A=08 HL=3F00 DE=C0AB IY=0314 IX=56D3 SP=F51B
  9.9945 CALSLT A=FF HL=56D3 DE=FF0C IY=0000 IX=0038 SP=DDAC
  9.9947 CALLF A=9F HL=0038 DE=0003 IY=0000 IX=0038 SP=DD90
  9.9963 CALSLT A=00 HL=0100 DE=0094 IY=8722 IX=4010 SP=F4F1
  10.0112 CALSLT A=FF HL=4010 DE=FF0C IY=0000 IX=0038 SP=DDAC
  10.0114 CALLF A=9F HL=0038 DE=0003 IY=0000 IX=0038 SP=DD90
  10.0279 CALSLT A=FF HL=4010 DE=FF0C IY=0000 IX=0038 SP=DDAC
  10.0281 CALLF A=9F HL=0038 DE=0003 IY=0000 IX=0038 SP=DD90
  10.0446 CALSLT A=FF HL=4010 DE=FF0C IY=0000 IX=0038 SP=DDAC
  10.0448 CALLF A=9F HL=0038 DE=0003 IY=0000 IX=0038 SP=DD90
  10.0613 CALSLT A=FF HL=4010 DE=FF0C IY=0000 IX=0038 SP=DDAC
  10.0614 CALLF A=9F HL=0038 DE=0003 IY=0000 IX=0038 SP=DD90
  10.0780 CALSLT A=FF HL=4010 DE=FF0C IY=0000 IX=0038 SP=DDAC
  10.0781 CALLF A=9F HL=0038 DE=0003 IY=0000 IX=0038 SP=DD90
  10.0946 CALSLT A=FF HL=4010 DE=FF0C IY=0000 IX=0038 SP=DDAC
  10.0948 CALLF A=9F HL=0038 DE=0003 IY=0000 IX=0038 SP=DD90
  10.1001 ENASLT A=87 HL=80C8 DE=4909 IY=0314 IX=F1BF SP=F4D7
  10.1005 ENASLT A=83 HL=40C8 DE=FF30 IY=0314 IX=F1BF SP=F4D7
  10.1246 CALSLT A=FF HL=4010 DE=FF0C IY=0000 IX=0038 SP=DDAC
  10.1248 CALLF A=9F HL=0038 DE=0003 IY=0000 IX=0038 SP=DD90
  10.1457 CALSLT A=FF HL=4010 DE=FF0C IY=0000 IX=0038 SP=DDAC
  10.1458 CALLF A=9F HL=0038 DE=0003 IY=0000 IX=0038 SP=DD90
  10.1667 CALSLT A=FF HL=4010 DE=FF0C IY=0000 IX=0038 SP=DDAC
  10.1669 CALLF A=9F HL=0038 DE=0003 IY=0000 IX=0038 SP=DD90
  10.1878 CALSLT A=FF HL=4010 DE=FF0C IY=0000 IX=0038 SP=DDAC
  10.1879 CALLF A=9F HL=0038 DE=0003 IY=0000 IX=0038 SP=DD90
  10.1902 ENASLT A=83 HL=8000 DE=490B IY=0314 IX=F1BF SP=F4D5
  10.1905 ENASLT A=87 HL=4000 DE=FF30 IY=0314 IX=F1BF SP=F4D5
  10.1916 CALSLT A=00 HL=ED95 DE=0098 IY=8722 IX=4010 SP=F4F1
  10.4088 CALSLT A=FF HL=4010 DE=FF0C IY=0000 IX=0038 SP=DDAC
  10.4090 CALLF A=9F HL=0038 DE=0003 IY=0000 IX=0038 SP=DD90
  10.4102 ENASLT A=83 HL=4095 DE=0900 IY=C0AB IX=F195 SP=F4FD
  10.4131 ENASLT A=87 HL=4015 DE=0A80 IY=C0AB IX=F195 SP=F4FD
  10.4143 CALSLT A=0D HL=DD0E DE=020D IY=0000 IX=00A2 SP=8FEE
  10.4148 CALSLT A=FF HL=00A2 DE=0003 IY=0000 IX=0038 SP=DDAC
  10.4150 CALLF A=9F HL=0038 DE=0003 IY=0000 IX=0038 SP=DD90
  10.4161 CALSLT A=0A HL=DD0E DE=020A IY=0000 IX=00A2 SP=8FEE
  10.4166 CALSLT A=4D HL=DD0E DE=024D IY=0000 IX=00A2 SP=8FEE
  10.4171 CALSLT A=53 HL=DD0E DE=0253 IY=0000 IX=00A2 SP=8FEE
  10.4177 CALSLT A=58 HL=DD0E DE=0258 IY=0000 IX=00A2 SP=8FEE
  10.4182 CALSLT A=2D HL=DD0E DE=022D IY=0000 IX=00A2 SP=8FEE
  10.4187 CALSLT A=44 HL=DD0E DE=0244 IY=0000 IX=00A2 SP=8FEE
  10.4193 CALSLT A=4F HL=DD0E DE=024F IY=0000 IX=00A2 SP=8FEE
  10.4198 CALSLT A=53 HL=DD0E DE=0253 IY=0000 IX=00A2 SP=8FEE
  10.4203 CALSLT A=20 HL=DD0E DE=0220 IY=0000 IX=00A2 SP=8FEE
  10.4209 CALSLT A=76 HL=DD0E DE=0276 IY=0000 IX=00A2 SP=8FEE
  10.4214 CALSLT A=65 HL=DD0E DE=0265 IY=0000 IX=00A2 SP=8FEE
  10.4219 CALSLT A=72 HL=DD0E DE=0272 IY=0000 IX=00A2 SP=8FEE
  10.4225 CALSLT A=73 HL=DD0E DE=0273 IY=0000 IX=00A2 SP=8FEE
  10.4230 CALSLT A=69 HL=DD0E DE=0269 IY=0000 IX=00A2 SP=8FEE
  10.4235 CALSLT A=6F HL=DD0E DE=026F IY=0000 IX=00A2 SP=8FEE
  10.4241 CALSLT A=6E HL=DD0E DE=026E IY=0000 IX=00A2 SP=8FEE
  10.4246 CALSLT A=20 HL=DD0E DE=0220 IY=0000 IX=00A2 SP=8FEE
  10.4251 CALSLT A=31 HL=DD0E DE=0231 IY=0000 IX=00A2 SP=8FEE
  10.4257 CALSLT A=2E HL=DD0E DE=022E IY=0000 IX=00A2 SP=8FEE
  10.4262 CALSLT A=30 HL=DD0E DE=0230 IY=0000 IX=00A2 SP=8FEE
  10.4268 CALSLT A=33 HL=DD0E DE=0233 IY=0000 IX=00A2 SP=8FEE
  10.4273 CALSLT A=0D HL=DD0E DE=020D IY=0000 IX=00A2 SP=8FEE
  10.4278 CALSLT A=0A HL=DD0E DE=020A IY=0000 IX=00A2 SP=8FEE
  10.4284 CALSLT A=FF HL=00A2 DE=0003 IY=0000 IX=0038 SP=DDAC
  10.4286 CALLF A=9F HL=0038 DE=0003 IY=0000 IX=0038 SP=DD90
  10.4308 CALSLT A=43 HL=DD0E DE=0243 IY=0000 IX=00A2 SP=8FEE
  10.4313 CALSLT A=6F HL=DD0E DE=026F IY=0000 IX=00A2 SP=8FEE
  10.4319 CALSLT A=70 HL=DD0E DE=0270 IY=0000 IX=00A2 SP=8FEE
  10.4324 CALSLT A=79 HL=DD0E DE=0279 IY=0000 IX=00A2 SP=8FEE
  10.4329 CALSLT A=72 HL=DD0E DE=0272 IY=0000 IX=00A2 SP=8FEE
  10.4335 CALSLT A=69 HL=DD0E DE=0269 IY=0000 IX=00A2 SP=8FEE
  10.4340 CALSLT A=67 HL=DD0E DE=0267 IY=0000 IX=00A2 SP=8FEE
  10.4345 CALSLT A=68 HL=DD0E DE=0268 IY=0000 IX=00A2 SP=8FEE
  10.4351 CALSLT A=74 HL=DD0E DE=0274 IY=0000 IX=00A2 SP=8FEE
  10.4356 CALSLT A=20 HL=DD0E DE=0220 IY=0000 IX=00A2 SP=8FEE
  10.4361 CALSLT A=31 HL=DD0E DE=0231 IY=0000 IX=00A2 SP=8FEE
  10.4367 CALSLT A=39 HL=DD0E DE=0239 IY=0000 IX=00A2 SP=8FEE
  10.4372 CALSLT A=38 HL=DD0E DE=0238 IY=0000 IX=00A2 SP=8FEE
  10.4377 CALSLT A=34 HL=DD0E DE=0234 IY=0000 IX=00A2 SP=8FEE
  10.4383 CALSLT A=20 HL=DD0E DE=0220 IY=0000 IX=00A2 SP=8FEE
  10.4388 CALSLT A=62 HL=DD0E DE=0262 IY=0000 IX=00A2 SP=8FEE
  10.4394 CALSLT A=79 HL=DD0E DE=0279 IY=0000 IX=00A2 SP=8FEE
  10.4399 CALSLT A=20 HL=DD0E DE=0220 IY=0000 IX=00A2 SP=8FEE
  10.4404 CALSLT A=4D HL=DD0E DE=024D IY=0000 IX=00A2 SP=8FEE
  10.4410 CALSLT A=69 HL=DD0E DE=0269 IY=0000 IX=00A2 SP=8FEE
  10.4415 CALSLT A=63 HL=DD0E DE=0263 IY=0000 IX=00A2 SP=8FEE
  10.4420 CALSLT A=72 HL=DD0E DE=0272 IY=0000 IX=00A2 SP=8FEE
  10.4426 CALSLT A=6F HL=DD0E DE=026F IY=0000 IX=00A2 SP=8FEE
  10.4431 CALSLT A=73 HL=DD0E DE=0273 IY=0000 IX=00A2 SP=8FEE
  10.4436 CALSLT A=6F HL=DD0E DE=026F IY=0000 IX=00A2 SP=8FEE
  10.4442 CALSLT A=66 HL=DD0E DE=0266 IY=0000 IX=00A2 SP=8FEE
  10.4447 CALSLT A=74 HL=DD0E DE=0274 IY=0000 IX=00A2 SP=8FEE
  10.4451 CALLF A=9F HL=00A2 DE=0003 IY=0000 IX=00A2 SP=8FC2
  10.4462 CALSLT A=0D HL=DD0E DE=020D IY=0000 IX=00A2 SP=8FEE
  10.4468 CALSLT A=0A HL=DD0E DE=020A IY=0000 IX=00A2 SP=8FEE
  10.4618 CALSLT A=FF HL=00A2 DE=0003 IY=0000 IX=0038 SP=DDAC
  10.4620 CALLF A=9F HL=0038 DE=0003 IY=0000 IX=0038 SP=DD90
  10.4630 ENASLT A=87 HL=4040 DE=DC80 IY=C0AB IX=F195 SP=DBF4
  10.4660 CALSLT A=00 HL=F195 DE=F2BC IY=8722 IX=4013 SP=DBEC
  10.4719 CALSLT A=00 HL=0100 DE=0086 IY=8722 IX=4010 SP=DBE2
  10.4785 CALSLT A=FF HL=4010 DE=FF0C IY=0000 IX=0038 SP=DDAC
  10.4786 CALLF A=9F HL=0038 DE=0003 IY=0000 IX=0038 SP=DD90
  10.4905 ENASLT A=87 HL=80C8 DE=4909 IY=0314 IX=F1BF SP=DBC8
  10.4909 ENASLT A=83 HL=40C8 DE=FF30 IY=0314 IX=F1BF SP=DBC8
  10.6088 CALSLT A=FF HL=4010 DE=FF0C IY=0000 IX=0038 SP=DDAC
  10.6090 CALLF A=9F HL=0038 DE=0003 IY=0000 IX=0038 SP=DD90
  10.6403 CALSLT A=FF HL=4010 DE=FF0C IY=0000 IX=0038 SP=DDAC
  10.6405 CALLF A=9F HL=0038 DE=0003 IY=0000 IX=0038 SP=DD90
  10.6614 CALSLT A=FF HL=4010 DE=FF0C IY=0000 IX=0038 SP=DDAC
  10.6616 CALLF A=9F HL=0038 DE=0003 IY=0000 IX=0038 SP=DD90
  10.6624 CALLF A=9F HL=FCC8 DE=F310 IY=0314 IX=F1BF SP=DD7A
  10.8824 CALSLT A=FF HL=4010 DE=FF0C IY=0000 IX=0038 SP=DDAC
  10.8826 CALLF A=9F HL=0038 DE=0003 IY=0000 IX=0038 SP=DD90
  10.9035 CALSLT A=FF HL=4010 DE=FF0C IY=0000 IX=0038 SP=DDAC
  10.9036 CALLF A=9F HL=0038 DE=0003 IY=0000 IX=0038 SP=DD90
  10.9245 CALSLT A=FF HL=4010 DE=FF0C IY=0000 IX=0038 SP=DDAC
  10.9247 CALLF A=9F HL=0038 DE=0003 IY=0000 IX=0038 SP=DD90
  10.9456 CALSLT A=FF HL=4010 DE=FF0C IY=0000 IX=0038 SP=DDAC
  10.9457 CALLF A=9F HL=0038 DE=0003 IY=0000 IX=0038 SP=DD90
  10.9666 CALSLT A=FF HL=4010 DE=FF0C IY=0000 IX=0038 SP=DDAC
  10.9668 CALLF A=9F HL=0038 DE=0003 IY=0000 IX=0038 SP=DD90
  10.9877 CALSLT A=FF HL=4010 DE=FF0C IY=0000 IX=0038 SP=DDAC
  10.9878 CALLF A=9F HL=0038 DE=0003 IY=0000 IX=0038 SP=DD90
  11.0087 CALSLT A=FF HL=4010 DE=FF0C IY=0000 IX=0038 SP=DDAC
  11.0089 CALLF A=9F HL=0038 DE=0003 IY=0000 IX=0038 SP=DD90
  11.0125 CALSLT A=FF HL=4010 DE=FF0C IY=0000 IX=0038 SP=DDAC
  11.0127 CALLF A=9F HL=0038 DE=0003 IY=0000 IX=0038 SP=DD90
  11.0403 CALSLT A=FF HL=4010 DE=FF0C IY=0000 IX=0038 SP=DDAC
  11.0405 CALLF A=9F HL=0038 DE=0003 IY=0000 IX=0038 SP=DD90
  11.0613 CALSLT A=FF HL=4010 DE=FF0C IY=0000 IX=0038 SP=DDAC
  11.0615 CALLF A=9F HL=0038 DE=0003 IY=0000 IX=0038 SP=DD90
  11.0626 CALSLT A=FF HL=4010 DE=FF0C IY=0000 IX=0038 SP=DDAC
  11.0627 CALLF A=9F HL=0038 DE=0003 IY=0000 IX=0038 SP=DD90
  11.0650 ENASLT A=83 HL=8000 DE=490B IY=0314 IX=F1BF SP=DBC6
  11.0653 ENASLT A=87 HL=4000 DE=FF30 IY=0314 IX=F1BF SP=DBC6
  11.0664 CALSLT A=00 HL=ED95 DE=0092 IY=8722 IX=4010 SP=DBE2
  11.2824 CALSLT A=FF HL=4010 DE=FF0C IY=0000 IX=0038 SP=DDAC
  11.2825 CALLF A=9F HL=0038 DE=0003 IY=0000 IX=0038 SP=DD90
  11.2838 ENASLT A=83 HL=4095 DE=1900 IY=DC5B IX=F195 SP=DBEE
  11.2867 ENASLT A=87 HL=4015 DE=1A80 IY=DC5B IX=F195 SP=DBEE
  11.2877 ENASLT A=83 HL=4080 DE=0000 IY=DC5B IX=F195 SP=DBF4
  11.2962 CALSLT A=FF HL=FCC8 DE=F304 IY=0000 IX=0038 SP=DDAC
  11.2964 CALLF A=9F HL=0038 DE=0003 IY=0000 IX=0038 SP=DD90
  11.3129 CALSLT A=FF HL=FCC8 DE=F304 IY=0000 IX=0038 SP=DDAC
  11.3131 CALLF A=9F HL=0038 DE=0003 IY=0000 IX=0038 SP=DD90
  11.3296 CALSLT A=FF HL=FCC8 DE=F304 IY=0000 IX=0038 SP=DDAC
  11.3297 CALLF A=9F HL=0038 DE=0003 IY=0000 IX=0038 SP=DD90
  11.3463 CALSLT A=FF HL=FCC8 DE=F304 IY=0000 IX=0038 SP=DDAC
  11.3464 CALLF A=9F HL=0038 DE=0003 IY=0000 IX=0038 SP=DD90
  11.3629 CALSLT A=FF HL=FCC8 DE=F304 IY=0000 IX=0038 SP=DDAC
  11.3631 CALLF A=9F HL=0038 DE=0003 IY=0000 IX=0038 SP=DD90
  11.3796 CALSLT A=FF HL=FCC8 DE=F304 IY=0000 IX=0038 SP=DDAC
  11.3798 CALLF A=9F HL=0038 DE=0003 IY=0000 IX=0038 SP=DD90
  11.3913 ENASLT A=87 HL=4046 DE=C284 IY=DC5B IX=F195 SP=DBF0
  11.3917 ENASLT A=83 HL=4046 DE=C284 IY=DC5B IX=F195 SP=DBF2
  11.3921 ENASLT A=87 HL=4046 DE=C284 IY=DC5B IX=F195 SP=DBF2
  11.3925 CALSLT A=0D HL=D346 DE=C285 IY=0000 IX=00B7 SP=DBEE
  11.3927 CALSLT A=00 HL=D346 DE=C285 IY=0000 IX=009C SP=DBEE
  11.3930 CALSLT A=0D HL=D346 DE=C285 IY=0000 IX=00A2 SP=DBF0
  11.3935 ENASLT A=83 HL=4046 DE=C285 IY=DC5B IX=F195 SP=DBF2
  11.3939 ENASLT A=87 HL=4046 DE=C285 IY=DC5B IX=F195 SP=DBF2
  11.3944 CALSLT A=0A HL=D346 DE=C286 IY=0000 IX=00B7 SP=DBEE
  11.3946 CALSLT A=00 HL=D346 DE=C286 IY=0000 IX=009C SP=DBEE
  11.3949 CALSLT A=0A HL=D346 DE=C286 IY=0000 IX=00A2 SP=DBF0
  11.3954 ENASLT A=83 HL=4046 DE=C286 IY=DC5B IX=F195 SP=DBF2
  11.3958 ENASLT A=87 HL=4046 DE=C286 IY=DC5B IX=F195 SP=DBF2
  11.3963 CALSLT A=43 HL=D346 DE=C287 IY=0000 IX=00B7 SP=DBEE
  11.3965 CALSLT A=FF HL=00B7 DE=0003 IY=0000 IX=0038 SP=DDAC
  11.3967 CALLF A=9F HL=0038 DE=0003 IY=0000 IX=0038 SP=DD90
  11.3977 CALSLT A=00 HL=D346 DE=C287 IY=0000 IX=009C SP=DBEE
  11.3980 CALSLT A=43 HL=D346 DE=C287 IY=0000 IX=00A2 SP=DBF0
  11.3985 ENASLT A=83 HL=4046 DE=C287 IY=DC5B IX=F195 SP=DBF2
  11.3989 ENASLT A=87 HL=4046 DE=C287 IY=DC5B IX=F195 SP=DBF2
  11.3994 CALSLT A=4F HL=D346 DE=C288 IY=0000 IX=00B7 SP=DBEE
  11.3996 CALSLT A=00 HL=D346 DE=C288 IY=0000 IX=009C SP=DBEE
  11.3998 CALSLT A=4F HL=D346 DE=C288 IY=0000 IX=00A2 SP=DBF0
  11.4004 ENASLT A=83 HL=4046 DE=C288 IY=DC5B IX=F195 SP=DBF2
  11.4008 ENASLT A=87 HL=4046 DE=C288 IY=DC5B IX=F195 SP=DBF2
  11.4012 CALSLT A=4D HL=D346 DE=C289 IY=0000 IX=00B7 SP=DBEE
  11.4014 CALSLT A=00 HL=D346 DE=C289 IY=0000 IX=009C SP=DBEE
  11.4017 CALSLT A=4D HL=D346 DE=C289 IY=0000 IX=00A2 SP=DBF0
  11.4022 ENASLT A=83 HL=4046 DE=C289 IY=DC5B IX=F195 SP=DBF2
  11.4026 ENASLT A=87 HL=4046 DE=C289 IY=DC5B IX=F195 SP=DBF2
  11.4031 CALSLT A=4D HL=D346 DE=C28A IY=0000 IX=00B7 SP=DBEE
  11.4033 CALSLT A=00 HL=D346 DE=C28A IY=0000 IX=009C SP=DBEE
  11.4036 CALSLT A=4D HL=D346 DE=C28A IY=0000 IX=00A2 SP=DBF0
  11.4041 ENASLT A=83 HL=4046 DE=C28A IY=DC5B IX=F195 SP=DBF2
  11.4045 ENASLT A=87 HL=4046 DE=C28A IY=DC5B IX=F195 SP=DBF2
  11.4050 CALSLT A=41 HL=D346 DE=C28B IY=0000 IX=00B7 SP=DBEE
  11.4052 CALSLT A=00 HL=D346 DE=C28B IY=0000 IX=009C SP=DBEE
  11.4055 CALSLT A=41 HL=D346 DE=C28B IY=0000 IX=00A2 SP=DBF0
  11.4060 ENASLT A=83 HL=4046 DE=C28B IY=DC5B IX=F195 SP=DBF2
  11.4064 ENASLT A=87 HL=4046 DE=C28B IY=DC5B IX=F195 SP=DBF2
  11.4069 CALSLT A=4E HL=D346 DE=C28C IY=0000 IX=00B7 SP=DBEE
  11.4071 CALSLT A=00 HL=D346 DE=C28C IY=0000 IX=009C SP=DBEE
  11.4073 CALSLT A=4E HL=D346 DE=C28C IY=0000 IX=00A2 SP=DBF0
  11.4079 ENASLT A=83 HL=4046 DE=C28C IY=DC5B IX=F195 SP=DBF2
  11.4083 ENASLT A=87 HL=4046 DE=C28C IY=DC5B IX=F195 SP=DBF2
  11.4087 CALSLT A=44 HL=D346 DE=C28D IY=0000 IX=00B7 SP=DBEE
  11.4089 CALSLT A=00 HL=D346 DE=C28D IY=0000 IX=009C SP=DBEE
  11.4092 CALSLT A=44 HL=D346 DE=C28D IY=0000 IX=00A2 SP=DBF0
  11.4097 ENASLT A=83 HL=4046 DE=C28D IY=DC5B IX=F195 SP=DBF2
  11.4101 ENASLT A=87 HL=4046 DE=C28D IY=DC5B IX=F195 SP=DBF2
  11.4106 CALSLT A=20 HL=D346 DE=C28E IY=0000 IX=00B7 SP=DBEE
  11.4108 CALSLT A=00 HL=D346 DE=C28E IY=0000 IX=009C SP=DBEE
  11.4111 CALSLT A=20 HL=D346 DE=C28E IY=0000 IX=00A2 SP=DBF0
  11.4116 ENASLT A=83 HL=4046 DE=C28E IY=DC5B IX=F195 SP=DBF2
  11.4120 ENASLT A=87 HL=4046 DE=C28E IY=DC5B IX=F195 SP=DBF2
  11.4125 CALSLT A=76 HL=D346 DE=C28F IY=0000 IX=00B7 SP=DBEE
  11.4127 CALSLT A=00 HL=D346 DE=C28F IY=0000 IX=009C SP=DBEE
  11.4130 CALSLT A=FF HL=009C DE=0003 IY=0000 IX=0038 SP=DDAC
  11.4132 CALLF A=9F HL=0038 DE=0003 IY=0000 IX=0038 SP=DD90
  11.4154 CALSLT A=76 HL=D346 DE=C28F IY=0000 IX=00A2 SP=DBF0
  11.4159 ENASLT A=83 HL=4046 DE=C28F IY=DC5B IX=F195 SP=DBF2
  11.4163 ENASLT A=87 HL=4046 DE=C28F IY=DC5B IX=F195 SP=DBF2
  11.4168 CALSLT A=65 HL=D346 DE=C290 IY=0000 IX=00B7 SP=DBEE
  11.4170 CALSLT A=00 HL=D346 DE=C290 IY=0000 IX=009C SP=DBEE
  11.4173 CALSLT A=65 HL=D346 DE=C290 IY=0000 IX=00A2 SP=DBF0
  11.4178 ENASLT A=83 HL=4046 DE=C290 IY=DC5B IX=F195 SP=DBF2
  11.4182 ENASLT A=87 HL=4046 DE=C290 IY=DC5B IX=F195 SP=DBF2
  11.4187 CALSLT A=72 HL=D346 DE=C291 IY=0000 IX=00B7 SP=DBEE
  11.4189 CALSLT A=00 HL=D346 DE=C291 IY=0000 IX=009C SP=DBEE
  11.4192 CALSLT A=72 HL=D346 DE=C291 IY=0000 IX=00A2 SP=DBF0
  11.4197 ENASLT A=83 HL=4046 DE=C291 IY=DC5B IX=F195 SP=DBF2
  11.4201 ENASLT A=87 HL=4046 DE=C291 IY=DC5B IX=F195 SP=DBF2
  11.4206 CALSLT A=73 HL=D346 DE=C292 IY=0000 IX=00B7 SP=DBEE
  11.4208 CALSLT A=00 HL=D346 DE=C292 IY=0000 IX=009C SP=DBEE
  11.4210 CALSLT A=73 HL=D346 DE=C292 IY=0000 IX=00A2 SP=DBF0
  11.4216 ENASLT A=83 HL=4046 DE=C292 IY=DC5B IX=F195 SP=DBF2
  11.4220 ENASLT A=87 HL=4046 DE=C292 IY=DC5B IX=F195 SP=DBF2
  11.4224 CALSLT A=69 HL=D346 DE=C293 IY=0000 IX=00B7 SP=DBEE
  11.4226 CALSLT A=00 HL=D346 DE=C293 IY=0000 IX=009C SP=DBEE
  11.4229 CALSLT A=69 HL=D346 DE=C293 IY=0000 IX=00A2 SP=DBF0
  11.4234 ENASLT A=83 HL=4046 DE=C293 IY=DC5B IX=F195 SP=DBF2
  11.4238 ENASLT A=87 HL=4046 DE=C293 IY=DC5B IX=F195 SP=DBF2
  11.4243 CALSLT A=6F HL=D346 DE=C294 IY=0000 IX=00B7 SP=DBEE
  11.4245 CALSLT A=00 HL=D346 DE=C294 IY=0000 IX=009C SP=DBEE
  11.4248 CALSLT A=6F HL=D346 DE=C294 IY=0000 IX=00A2 SP=DBF0
  11.4253 ENASLT A=83 HL=4046 DE=C294 IY=DC5B IX=F195 SP=DBF2
  11.4257 ENASLT A=87 HL=4046 DE=C294 IY=DC5B IX=F195 SP=DBF2
  11.4262 CALSLT A=6E HL=D346 DE=C295 IY=0000 IX=00B7 SP=DBEE
  11.4264 CALSLT A=00 HL=D346 DE=C295 IY=0000 IX=009C SP=DBEE
  11.4267 CALSLT A=6E HL=D346 DE=C295 IY=0000 IX=00A2 SP=DBF0
  11.4272 ENASLT A=83 HL=4046 DE=C295 IY=DC5B IX=F195 SP=DBF2
  11.4276 ENASLT A=87 HL=4046 DE=C295 IY=DC5B IX=F195 SP=DBF2
  11.4281 CALSLT A=20 HL=D346 DE=C296 IY=0000 IX=00B7 SP=DBEE
  11.4283 CALSLT A=00 HL=D346 DE=C296 IY=0000 IX=009C SP=DBEE
  11.4285 CALSLT A=20 HL=D346 DE=C296 IY=0000 IX=00A2 SP=DBF0
  11.4291 ENASLT A=83 HL=4046 DE=C296 IY=DC5B IX=F195 SP=DBF2
  11.4295 ENASLT A=87 HL=4046 DE=C296 IY=DC5B IX=F195 SP=DBF2
  11.4299 CALSLT A=31 HL=D346 DE=C297 IY=0000 IX=00B7 SP=DBEE
  11.4302 CALSLT A=FF HL=00B7 DE=0003 IY=0000 IX=0038 SP=DDAC
  11.4304 CALLF A=9F HL=0038 DE=0003 IY=0000 IX=0038 SP=DD90
  11.4314 CALSLT A=00 HL=D346 DE=C297 IY=0000 IX=009C SP=DBEE
  11.4316 CALSLT A=31 HL=D346 DE=C297 IY=0000 IX=00A2 SP=DBF0
  11.4322 ENASLT A=83 HL=4046 DE=C297 IY=DC5B IX=F195 SP=DBF2
  11.4326 ENASLT A=87 HL=4046 DE=C297 IY=DC5B IX=F195 SP=DBF2
  11.4330 CALSLT A=2E HL=D346 DE=C298 IY=0000 IX=00B7 SP=DBEE
  11.4333 CALSLT A=00 HL=D346 DE=C298 IY=0000 IX=009C SP=DBEE
  11.4335 CALSLT A=2E HL=D346 DE=C298 IY=0000 IX=00A2 SP=DBF0
  11.4340 ENASLT A=83 HL=4046 DE=C298 IY=DC5B IX=F195 SP=DBF2
  11.4344 ENASLT A=87 HL=4046 DE=C298 IY=DC5B IX=F195 SP=DBF2
  11.4349 CALSLT A=30 HL=D346 DE=C299 IY=0000 IX=00B7 SP=DBEE
  11.4351 CALSLT A=00 HL=D346 DE=C299 IY=0000 IX=009C SP=DBEE
  11.4354 CALSLT A=30 HL=D346 DE=C299 IY=0000 IX=00A2 SP=DBF0
  11.4359 ENASLT A=83 HL=4046 DE=C299 IY=DC5B IX=F195 SP=DBF2
  11.4363 ENASLT A=87 HL=4046 DE=C299 IY=DC5B IX=F195 SP=DBF2
  11.4368 CALSLT A=38 HL=D346 DE=C29A IY=0000 IX=00B7 SP=DBEE
  11.4370 CALSLT A=00 HL=D346 DE=C29A IY=0000 IX=009C SP=DBEE
  11.4373 CALSLT A=38 HL=D346 DE=C29A IY=0000 IX=00A2 SP=DBF0
  11.4378 ENASLT A=83 HL=4046 DE=C29A IY=DC5B IX=F195 SP=DBF2
  11.4382 ENASLT A=87 HL=4046 DE=C29A IY=DC5B IX=F195 SP=DBF2
  11.4387 CALSLT A=0D HL=D346 DE=C29B IY=0000 IX=00B7 SP=DBEE
  11.4389 CALSLT A=00 HL=D346 DE=C29B IY=0000 IX=009C SP=DBEE
  11.4391 CALSLT A=0D HL=D346 DE=C29B IY=0000 IX=00A2 SP=DBF0
  11.4396 ENASLT A=83 HL=4046 DE=C29B IY=DC5B IX=F195 SP=DBF2
  11.4400 ENASLT A=87 HL=4046 DE=C29B IY=DC5B IX=F195 SP=DBF2
  11.4405 CALSLT A=0A HL=D346 DE=C29C IY=0000 IX=00B7 SP=DBEE
  11.4407 CALSLT A=00 HL=D346 DE=C29C IY=0000 IX=009C SP=DBEE
  11.4410 CALSLT A=0A HL=D346 DE=C29C IY=0000 IX=00A2 SP=DBF0
  11.4415 ENASLT A=83 HL=4046 DE=C29C IY=DC5B IX=F195 SP=DBF2
  11.4419 ENASLT A=87 HL=4046 DE=C29C IY=DC5B IX=F195 SP=DBF2
  11.4424 CALSLT A=0D HL=D346 DE=C29D IY=0000 IX=00B7 SP=DBEE
  11.4426 CALSLT A=00 HL=D346 DE=C29D IY=0000 IX=009C SP=DBEE
  11.4428 CALSLT A=0D HL=D346 DE=C29D IY=0000 IX=00A2 SP=DBF0
  11.4433 ENASLT A=83 HL=4046 DE=C29D IY=DC5B IX=F195 SP=DBF2
  11.4437 ENASLT A=87 HL=4046 DE=C29D IY=DC5B IX=F195 SP=DBF2
  11.4442 CALSLT A=0A HL=D346 DE=C29E IY=0000 IX=00B7 SP=DBEE
  11.4444 CALSLT A=00 HL=D346 DE=C29E IY=0000 IX=009C SP=DBEE
  11.4447 CALSLT A=0A HL=D346 DE=C29E IY=0000 IX=00A2 SP=DBF0
  11.4452 ENASLT A=83 HL=4046 DE=C29E IY=DC5B IX=F195 SP=DBF2
  11.4456 ENASLT A=87 HL=4046 DE=C29E IY=DC5B IX=F195 SP=DBF2
  11.4460 ENASLT A=83 HL=4046 DE=C29F IY=DC5B IX=F195 SP=DBF2
  11.4464 CALSLT A=FF HL=00A2 DE=0003 IY=0000 IX=0038 SP=DDAC
  11.4466 CALLF A=9F HL=0038 DE=0003 IY=0000 IX=0038 SP=DD90
  11.4481 ENASLT A=87 HL=4084 DE=DA40 IY=DC5B IX=F195 SP=DBF0
  11.4508 CALSLT A=00 HL=F195 DE=F2BA IY=8722 IX=4013 SP=DBEC
  11.4534 CALSLT A=00 HL=EB95 DE=0008 IY=8722 IX=4010 SP=DBDE
  11.4631 CALSLT A=FF HL=4010 DE=FF0C IY=0000 IX=0038 SP=DDAC
  11.4632 CALLF A=9F HL=0038 DE=0003 IY=0000 IX=0038 SP=DD90
  11.4798 CALSLT A=FF HL=4010 DE=FF0C IY=0000 IX=0038 SP=DDAC
  11.4799 CALLF A=9F HL=0038 DE=0003 IY=0000 IX=0038 SP=DD90
  11.4964 CALSLT A=FF HL=4010 DE=FF0C IY=0000 IX=0038 SP=DDAC
  11.4966 CALLF A=9F HL=0038 DE=0003 IY=0000 IX=0038 SP=DD90
  11.5131 CALSLT A=FF HL=4010 DE=FF0C IY=0000 IX=0038 SP=DDAC
  11.5133 CALLF A=9F HL=0038 DE=0003 IY=0000 IX=0038 SP=DD90
  11.5298 CALSLT A=FF HL=4010 DE=FF0C IY=0000 IX=0038 SP=DDAC
  11.5300 CALLF A=9F HL=0038 DE=0003 IY=0000 IX=0038 SP=DD90
  11.5465 CALSLT A=FF HL=4010 DE=FF0C IY=0000 IX=0038 SP=DDAC
  11.5467 CALLF A=9F HL=0038 DE=0003 IY=0000 IX=0038 SP=DD90
  11.6087 CALSLT A=FF HL=4010 DE=FF0C IY=0000 IX=0038 SP=DDAC
  11.6088 CALLF A=9F HL=0038 DE=0003 IY=0000 IX=0038 SP=DD90
  11.6130 CALSLT A=00 HL=EB95 DE=0009 IY=8722 IX=4010 SP=DBDE
  11.6135 CALSLT A=FF HL=4010 DE=FF0C IY=0000 IX=0038 SP=DDAC
  11.6137 CALLF A=9F HL=0038 DE=0003 IY=0000 IX=0038 SP=DD90
  11.6402 CALSLT A=FF HL=4010 DE=FF0C IY=0000 IX=0038 SP=DDAC
  11.6404 CALLF A=9F HL=0038 DE=0003 IY=0000 IX=0038 SP=DD90
  11.6433 CALSLT A=00 HL=EB95 DE=000A IY=8722 IX=4010 SP=DBDE
  11.8612 CALSLT A=FF HL=4010 DE=FF0C IY=0000 IX=0038 SP=DDAC
  11.8614 CALLF A=9F HL=0038 DE=0003 IY=0000 IX=0038 SP=DD90
  11.8636 CALLF A=9F HL=FCC8 DE=F304 IY=0314 IX=F1BF SP=DD78
  11.8664 CALSLT A=00 HL=EB95 DE=000B IY=8722 IX=4010 SP=DBDE
  12.0823 CALSLT A=FF HL=4010 DE=FF0C IY=0000 IX=0038 SP=DDAC
  12.0825 CALLF A=9F HL=0038 DE=0003 IY=0000 IX=0038 SP=DD90
  12.0838 ENASLT A=83 HL=40B5 DE=DA40 IY=DC5B IX=F195 SP=DBF2
  12.0846 ENASLT A=87 HL=4081 DE=D2B3 IY=DC5B IX=F195 SP=DBF0
  12.0850 ENASLT A=83 HL=4081 DE=D2B3 IY=DC5B IX=F195 SP=DBF2
  12.0854 ENASLT A=87 HL=4081 DE=D2B3 IY=DC5B IX=F195 SP=DBF2
  12.0859 CALSLT A=43 HL=0081 DE=D2B4 IY=0000 IX=00B7 SP=DBEE
  12.0861 CALSLT A=00 HL=0081 DE=D2B4 IY=0000 IX=009C SP=DBEE
  12.0864 CALSLT A=43 HL=0081 DE=D2B4 IY=0000 IX=00A2 SP=DBF0
  12.0869 ENASLT A=83 HL=4081 DE=D2B4 IY=DC5B IX=F195 SP=DBF2
  12.0873 ENASLT A=87 HL=4081 DE=D2B4 IY=DC5B IX=F195 SP=DBF2
  12.0878 CALSLT A=75 HL=0081 DE=D2B5 IY=0000 IX=00B7 SP=DBEE
  12.0880 CALSLT A=00 HL=0081 DE=D2B5 IY=0000 IX=009C SP=DBEE
  12.0883 CALSLT A=75 HL=0081 DE=D2B5 IY=0000 IX=00A2 SP=DBF0
  12.0888 ENASLT A=83 HL=4081 DE=D2B5 IY=DC5B IX=F195 SP=DBF2
  12.0892 ENASLT A=87 HL=4081 DE=D2B5 IY=DC5B IX=F195 SP=DBF2
  12.0897 CALSLT A=72 HL=0081 DE=D2B6 IY=0000 IX=00B7 SP=DBEE
  12.0899 CALSLT A=00 HL=0081 DE=D2B6 IY=0000 IX=009C SP=DBEE
  12.0901 CALSLT A=72 HL=0081 DE=D2B6 IY=0000 IX=00A2 SP=DBF0
  12.0907 ENASLT A=83 HL=4081 DE=D2B6 IY=DC5B IX=F195 SP=DBF2
  12.0911 ENASLT A=87 HL=4081 DE=D2B6 IY=DC5B IX=F195 SP=DBF2
  12.0915 CALSLT A=72 HL=0081 DE=D2B7 IY=0000 IX=00B7 SP=DBEE
  12.0917 CALSLT A=00 HL=0081 DE=D2B7 IY=0000 IX=009C SP=DBEE
  12.0920 CALSLT A=72 HL=0081 DE=D2B7 IY=0000 IX=00A2 SP=DBF0
  12.0925 ENASLT A=83 HL=4081 DE=D2B7 IY=DC5B IX=F195 SP=DBF2
  12.0929 ENASLT A=87 HL=4081 DE=D2B7 IY=DC5B IX=F195 SP=DBF2
  12.0934 CALSLT A=65 HL=0081 DE=D2B8 IY=0000 IX=00B7 SP=DBEE
  12.0936 CALSLT A=00 HL=0081 DE=D2B8 IY=0000 IX=009C SP=DBEE
  12.0939 CALSLT A=65 HL=0081 DE=D2B8 IY=0000 IX=00A2 SP=DBF0
  12.0944 ENASLT A=83 HL=4081 DE=D2B8 IY=DC5B IX=F195 SP=DBF2
  12.0948 ENASLT A=87 HL=4081 DE=D2B8 IY=DC5B IX=F195 SP=DBF2
  12.0953 CALSLT A=6E HL=0081 DE=D2B9 IY=0000 IX=00B7 SP=DBEE
  12.0955 CALSLT A=00 HL=0081 DE=D2B9 IY=0000 IX=009C SP=DBEE
  12.0958 CALSLT A=6E HL=0081 DE=D2B9 IY=0000 IX=00A2 SP=DBF0
  12.0963 ENASLT A=83 HL=4081 DE=D2B9 IY=DC5B IX=F195 SP=DBF2
  12.0967 ENASLT A=87 HL=4081 DE=D2B9 IY=DC5B IX=F195 SP=DBF2
  12.0972 CALSLT A=74 HL=0081 DE=D2BA IY=0000 IX=00B7 SP=DBEE
  12.0974 CALSLT A=FF HL=00B7 DE=0003 IY=0000 IX=0038 SP=DDAC
  12.0976 CALLF A=9F HL=0038 DE=0003 IY=0000 IX=0038 SP=DD90
  12.0998 CALSLT A=00 HL=0081 DE=D2BA IY=0000 IX=009C SP=DBEE
  12.1001 CALSLT A=74 HL=0081 DE=D2BA IY=0000 IX=00A2 SP=DBF0
  12.1006 ENASLT A=83 HL=4081 DE=D2BA IY=DC5B IX=F195 SP=DBF2
  12.1010 ENASLT A=87 HL=4081 DE=D2BA IY=DC5B IX=F195 SP=DBF2
  12.1015 CALSLT A=20 HL=0081 DE=D2BB IY=0000 IX=00B7 SP=DBEE
  12.1017 CALSLT A=00 HL=0081 DE=D2BB IY=0000 IX=009C SP=DBEE
  12.1020 CALSLT A=20 HL=0081 DE=D2BB IY=0000 IX=00A2 SP=DBF0
  12.1025 ENASLT A=83 HL=4081 DE=D2BB IY=DC5B IX=F195 SP=DBF2
  12.1029 ENASLT A=87 HL=4081 DE=D2BB IY=DC5B IX=F195 SP=DBF2
  12.1034 CALSLT A=64 HL=0081 DE=D2BC IY=0000 IX=00B7 SP=DBEE
  12.1036 CALSLT A=00 HL=0081 DE=D2BC IY=0000 IX=009C SP=DBEE
  12.1038 CALSLT A=64 HL=0081 DE=D2BC IY=0000 IX=00A2 SP=DBF0
  12.1044 ENASLT A=83 HL=4081 DE=D2BC IY=DC5B IX=F195 SP=DBF2
  12.1048 ENASLT A=87 HL=4081 DE=D2BC IY=DC5B IX=F195 SP=DBF2
  12.1052 CALSLT A=61 HL=0081 DE=D2BD IY=0000 IX=00B7 SP=DBEE
  12.1054 CALSLT A=00 HL=0081 DE=D2BD IY=0000 IX=009C SP=DBEE
  12.1057 CALSLT A=61 HL=0081 DE=D2BD IY=0000 IX=00A2 SP=DBF0
  12.1062 ENASLT A=83 HL=4081 DE=D2BD IY=DC5B IX=F195 SP=DBF2
  12.1066 ENASLT A=87 HL=4081 DE=D2BD IY=DC5B IX=F195 SP=DBF2
  12.1071 CALSLT A=74 HL=0081 DE=D2BE IY=0000 IX=00B7 SP=DBEE
  12.1073 CALSLT A=00 HL=0081 DE=D2BE IY=0000 IX=009C SP=DBEE
  12.1076 CALSLT A=74 HL=0081 DE=D2BE IY=0000 IX=00A2 SP=DBF0
  12.1081 ENASLT A=83 HL=4081 DE=D2BE IY=DC5B IX=F195 SP=DBF2
  12.1085 ENASLT A=87 HL=4081 DE=D2BE IY=DC5B IX=F195 SP=DBF2
  12.1090 CALSLT A=65 HL=0081 DE=D2BF IY=0000 IX=00B7 SP=DBEE
  12.1092 CALSLT A=00 HL=0081 DE=D2BF IY=0000 IX=009C SP=DBEE
  12.1095 CALSLT A=65 HL=0081 DE=D2BF IY=0000 IX=00A2 SP=DBF0
  12.1100 ENASLT A=83 HL=4081 DE=D2BF IY=DC5B IX=F195 SP=DBF2
  12.1104 ENASLT A=87 HL=4081 DE=D2BF IY=DC5B IX=F195 SP=DBF2
  12.1109 CALSLT A=20 HL=0081 DE=D2C0 IY=0000 IX=00B7 SP=DBEE
  12.1111 CALSLT A=00 HL=0081 DE=D2C0 IY=0000 IX=009C SP=DBEE
  12.1113 CALSLT A=20 HL=0081 DE=D2C0 IY=0000 IX=00A2 SP=DBF0
  12.1119 ENASLT A=83 HL=4081 DE=D2C0 IY=DC5B IX=F195 SP=DBF2
  12.1123 ENASLT A=87 HL=4081 DE=D2C0 IY=DC5B IX=F195 SP=DBF2
  12.1127 CALSLT A=69 HL=0081 DE=D2C1 IY=0000 IX=00B7 SP=DBEE
  12.1129 CALSLT A=00 HL=0081 DE=D2C1 IY=0000 IX=009C SP=DBEE
  12.1132 CALSLT A=69 HL=0081 DE=D2C1 IY=0000 IX=00A2 SP=DBF0
  12.1137 ENASLT A=83 HL=4081 DE=D2C1 IY=DC5B IX=F195 SP=DBF2
  12.1141 ENASLT A=87 HL=4081 DE=D2C1 IY=DC5B IX=F195 SP=DBF2
  12.1146 CALSLT A=73 HL=0081 DE=D2C2 IY=0000 IX=00B7 SP=DBEE
  12.1148 CALSLT A=FF HL=00B7 DE=0003 IY=0000 IX=0038 SP=DDAC
  12.1150 CALLF A=9F HL=0038 DE=0003 IY=0000 IX=0038 SP=DD90
  12.1161 CALSLT A=00 HL=0081 DE=D2C2 IY=0000 IX=009C SP=DBEE
  12.1163 CALSLT A=73 HL=0081 DE=D2C2 IY=0000 IX=00A2 SP=DBF0
  12.1168 ENASLT A=83 HL=4081 DE=D2C2 IY=DC5B IX=F195 SP=DBF2
  12.1172 ENASLT A=87 HL=4081 DE=D2C2 IY=DC5B IX=F195 SP=DBF2
  12.1177 CALSLT A=20 HL=0081 DE=D2C3 IY=0000 IX=00B7 SP=DBEE
  12.1179 CALSLT A=00 HL=0081 DE=D2C3 IY=0000 IX=009C SP=DBEE
  12.1182 CALSLT A=20 HL=0081 DE=D2C3 IY=0000 IX=00A2 SP=DBF0
  12.1187 ENASLT A=83 HL=4081 DE=D2C3 IY=DC5B IX=F195 SP=DBF2
  12.1191 ENASLT A=87 HL=4081 DE=D2C3 IY=DC5B IX=F195 SP=DBF2
  12.1195 ENASLT A=83 HL=4081 DE=D2C4 IY=DC5B IX=F195 SP=DBF2
  12.1201 ENASLT A=87 HL=4024 DE=D2C4 IY=DC5B IX=F195 SP=DBF0
  12.1217 ENASLT A=83 HL=40C0 DE=0101 IY=DC5B IX=F195 SP=DBF2
  12.1222 ENASLT A=87 HL=401A DE=0153 IY=DC5B IX=F195 SP=DBF0
  12.1227 CALSLT A=53 HL=D31A DE=0153 IY=0000 IX=00B7 SP=DBF0
  12.1229 CALSLT A=00 HL=D31A DE=0153 IY=0000 IX=009C SP=DBF0
  12.1232 CALSLT A=53 HL=D31A DE=0153 IY=0000 IX=00A2 SP=DBF2
  12.1237 ENASLT A=83 HL=401A DE=0153 IY=DC5B IX=F195 SP=DBF2
  12.1243 ENASLT A=87 HL=401B DE=0175 IY=DC5B IX=F195 SP=DBF0
  12.1248 CALSLT A=75 HL=D31B DE=0175 IY=0000 IX=00B7 SP=DBF0
  12.1250 CALSLT A=00 HL=D31B DE=0175 IY=0000 IX=009C SP=DBF0
  12.1252 CALSLT A=75 HL=D31B DE=0175 IY=0000 IX=00A2 SP=DBF2
  12.1258 ENASLT A=83 HL=401B DE=0175 IY=DC5B IX=F195 SP=DBF2
  12.1263 ENASLT A=87 HL=401C DE=016E IY=DC5B IX=F195 SP=DBF0
  12.1268 CALSLT A=6E HL=D31C DE=016E IY=0000 IX=00B7 SP=DBF0
  12.1270 CALSLT A=00 HL=D31C DE=016E IY=0000 IX=009C SP=DBF0
  12.1273 CALSLT A=6E HL=D31C DE=016E IY=0000 IX=00A2 SP=DBF2
  12.1278 ENASLT A=83 HL=401C DE=016E IY=DC5B IX=F195 SP=DBF2
  12.1284 ENASLT A=87 HL=401C DE=0120 IY=DC5B IX=F195 SP=DBF0
  12.1289 CALSLT A=20 HL=D31C DE=0120 IY=0000 IX=00B7 SP=DBF0
  12.1291 CALSLT A=00 HL=D31C DE=0120 IY=0000 IX=009C SP=DBF0
  12.1293 CALSLT A=20 HL=D31C DE=0120 IY=0000 IX=00A2 SP=DBF2
  12.1298 ENASLT A=83 HL=401C DE=0120 IY=DC5B IX=F195 SP=DBF2
  12.1306 CALSLT A=FF HL=00A2 DE=0003 IY=0000 IX=0038 SP=DDAC
  12.1308 CALLF A=9F HL=0038 DE=0003 IY=0000 IX=0038 SP=DD90
  12.1325 ENASLT A=87 HL=404C DE=D338 IY=DC5B IX=F195 SP=DBF0
  12.1330 CALSLT A=38 HL=D34C DE=D338 IY=0000 IX=00B7 SP=DBF0
  12.1332 CALSLT A=00 HL=D34C DE=D338 IY=0000 IX=009C SP=DBF0
  12.1335 CALSLT A=38 HL=D34C DE=D338 IY=0000 IX=00A2 SP=DBF2
  12.1340 ENASLT A=83 HL=404C DE=D338 IY=DC5B IX=F195 SP=DBF2
  12.1346 ENASLT A=87 HL=404D DE=D334 IY=DC5B IX=F195 SP=DBF0
  12.1350 CALSLT A=34 HL=D34D DE=D334 IY=0000 IX=00B7 SP=DBF0
  12.1352 CALSLT A=00 HL=D34D DE=D334 IY=0000 IX=009C SP=DBF0
  12.1355 CALSLT A=34 HL=D34D DE=D334 IY=0000 IX=00A2 SP=DBF2
  12.1360 ENASLT A=83 HL=404D DE=D334 IY=DC5B IX=F195 SP=DBF2
  12.1366 ENASLT A=87 HL=404E DE=D32D IY=DC5B IX=F195 SP=DBF0
  12.1371 CALSLT A=2D HL=D34E DE=D32D IY=0000 IX=00B7 SP=DBF0
  12.1373 CALSLT A=00 HL=D34E DE=D32D IY=0000 IX=009C SP=DBF0
  12.1375 CALSLT A=2D HL=D34E DE=D32D IY=0000 IX=00A2 SP=DBF2
  12.1381 ENASLT A=83 HL=404E DE=D32D IY=DC5B IX=F195 SP=DBF2
  12.1386 ENASLT A=87 HL=404F DE=D330 IY=DC5B IX=F195 SP=DBF0
  12.1391 CALSLT A=30 HL=D34F DE=D330 IY=0000 IX=00B7 SP=DBF0
  12.1393 CALSLT A=00 HL=D34F DE=D330 IY=0000 IX=009C SP=DBF0
  12.1396 CALSLT A=30 HL=D34F DE=D330 IY=0000 IX=00A2 SP=DBF2
  12.1401 ENASLT A=83 HL=404F DE=D330 IY=DC5B IX=F195 SP=DBF2
  12.1407 ENASLT A=87 HL=4050 DE=D331 IY=DC5B IX=F195 SP=DBF0
  12.1412 CALSLT A=31 HL=D350 DE=D331 IY=0000 IX=00B7 SP=DBF0
  12.1414 CALSLT A=00 HL=D350 DE=D331 IY=0000 IX=009C SP=DBF0
  12.1416 CALSLT A=31 HL=D350 DE=D331 IY=0000 IX=00A2 SP=DBF2
  12.1422 ENASLT A=83 HL=4050 DE=D331 IY=DC5B IX=F195 SP=DBF2
  12.1427 ENASLT A=87 HL=4051 DE=D32D IY=DC5B IX=F195 SP=DBF0
  12.1432 CALSLT A=2D HL=D351 DE=D32D IY=0000 IX=00B7 SP=DBF0
  12.1434 CALSLT A=00 HL=D351 DE=D32D IY=0000 IX=009C SP=DBF0
  12.1437 CALSLT A=2D HL=D351 DE=D32D IY=0000 IX=00A2 SP=DBF2
  12.1442 ENASLT A=83 HL=4051 DE=D32D IY=DC5B IX=F195 SP=DBF2
  12.1448 ENASLT A=87 HL=4052 DE=D330 IY=DC5B IX=F195 SP=DBF0
  12.1453 CALSLT A=30 HL=D352 DE=D330 IY=0000 IX=00B7 SP=DBF0
  12.1455 CALSLT A=00 HL=D352 DE=D330 IY=0000 IX=009C SP=DBF0
  12.1457 CALSLT A=30 HL=D352 DE=D330 IY=0000 IX=00A2 SP=DBF2
  12.1463 ENASLT A=83 HL=4052 DE=D330 IY=DC5B IX=F195 SP=DBF2
  12.1468 ENASLT A=87 HL=4053 DE=D331 IY=DC5B IX=F195 SP=DBF0
  12.1473 CALSLT A=FF HL=00A2 DE=0003 IY=0000 IX=0038 SP=DDAC
  12.1475 CALLF A=9F HL=0038 DE=0003 IY=0000 IX=0038 SP=DD90
  12.1498 CALSLT A=31 HL=D353 DE=D331 IY=0000 IX=00B7 SP=DBF0
  12.1500 CALSLT A=00 HL=D353 DE=D331 IY=0000 IX=009C SP=DBF0
  12.1502 CALSLT A=31 HL=D353 DE=D331 IY=0000 IX=00A2 SP=DBF2
  12.1508 ENASLT A=83 HL=4053 DE=D331 IY=DC5B IX=F195 SP=DBF2
  12.1513 ENASLT A=87 HL=4053 DE=D2D3 IY=DC5B IX=F195 SP=DBF0
  12.1517 ENASLT A=83 HL=4053 DE=D2D3 IY=DC5B IX=F195 SP=DBF2
  12.1521 ENASLT A=87 HL=4053 DE=D2D3 IY=DC5B IX=F195 SP=DBF2
  12.1526 CALSLT A=0D HL=D353 DE=D2D4 IY=0000 IX=00B7 SP=DBEE
  12.1528 CALSLT A=00 HL=D353 DE=D2D4 IY=0000 IX=009C SP=DBEE
  12.1531 CALSLT A=0D HL=D353 DE=D2D4 IY=0000 IX=00A2 SP=DBF0
  12.1536 ENASLT A=83 HL=4053 DE=D2D4 IY=DC5B IX=F195 SP=DBF2
  12.1540 ENASLT A=87 HL=4053 DE=D2D4 IY=DC5B IX=F195 SP=DBF2
  12.1545 CALSLT A=0A HL=D353 DE=D2D5 IY=0000 IX=00B7 SP=DBEE
  12.1547 CALSLT A=00 HL=D353 DE=D2D5 IY=0000 IX=009C SP=DBEE
  12.1549 CALSLT A=0A HL=D353 DE=D2D5 IY=0000 IX=00A2 SP=DBF0
  12.1554 ENASLT A=83 HL=4053 DE=D2D5 IY=DC5B IX=F195 SP=DBF2
  12.1558 ENASLT A=87 HL=4053 DE=D2D5 IY=DC5B IX=F195 SP=DBF2
  12.1563 CALSLT A=45 HL=D353 DE=D2D6 IY=0000 IX=00B7 SP=DBEE
  12.1565 CALSLT A=00 HL=D353 DE=D2D6 IY=0000 IX=009C SP=DBEE
  12.1568 CALSLT A=45 HL=D353 DE=D2D6 IY=0000 IX=00A2 SP=DBF0
  12.1573 ENASLT A=83 HL=4053 DE=D2D6 IY=DC5B IX=F195 SP=DBF2
  12.1577 ENASLT A=87 HL=4053 DE=D2D6 IY=DC5B IX=F195 SP=DBF2
  12.1582 CALSLT A=6E HL=D353 DE=D2D7 IY=0000 IX=00B7 SP=DBEE
  12.1584 CALSLT A=00 HL=D353 DE=D2D7 IY=0000 IX=009C SP=DBEE
  12.1587 CALSLT A=6E HL=D353 DE=D2D7 IY=0000 IX=00A2 SP=DBF0
  12.1592 ENASLT A=83 HL=4053 DE=D2D7 IY=DC5B IX=F195 SP=DBF2
  12.1596 ENASLT A=87 HL=4053 DE=D2D7 IY=DC5B IX=F195 SP=DBF2
  12.1601 CALSLT A=74 HL=D353 DE=D2D8 IY=0000 IX=00B7 SP=DBEE
  12.1603 CALSLT A=00 HL=D353 DE=D2D8 IY=0000 IX=009C SP=DBEE
  12.1605 CALSLT A=74 HL=D353 DE=D2D8 IY=0000 IX=00A2 SP=DBF0
  12.1611 ENASLT A=83 HL=4053 DE=D2D8 IY=DC5B IX=F195 SP=DBF2
  12.1614 ENASLT A=87 HL=4053 DE=D2D8 IY=DC5B IX=F195 SP=DBF2
  12.1619 CALSLT A=65 HL=D353 DE=D2D9 IY=0000 IX=00B7 SP=DBEE
  12.1621 CALSLT A=00 HL=D353 DE=D2D9 IY=0000 IX=009C SP=DBEE
  12.1624 CALSLT A=65 HL=D353 DE=D2D9 IY=0000 IX=00A2 SP=DBF0
  12.1629 ENASLT A=83 HL=4053 DE=D2D9 IY=DC5B IX=F195 SP=DBF2
  12.1633 ENASLT A=87 HL=4053 DE=D2D9 IY=DC5B IX=F195 SP=DBF2
  12.1638 CALSLT A=72 HL=D353 DE=D2DA IY=0000 IX=00B7 SP=DBEE
  12.1640 CALSLT A=FF HL=00B7 DE=0003 IY=0000 IX=0038 SP=DDAC
  12.1642 CALLF A=9F HL=0038 DE=0003 IY=0000 IX=0038 SP=DD90
  12.1652 CALSLT A=00 HL=D353 DE=D2DA IY=0000 IX=009C SP=DBEE
  12.1655 CALSLT A=72 HL=D353 DE=D2DA IY=0000 IX=00A2 SP=DBF0
  12.1660 ENASLT A=83 HL=4053 DE=D2DA IY=DC5B IX=F195 SP=DBF2
  12.1664 ENASLT A=87 HL=4053 DE=D2DA IY=DC5B IX=F195 SP=DBF2
  12.1669 CALSLT A=20 HL=D353 DE=D2DB IY=0000 IX=00B7 SP=DBEE
  12.1671 CALSLT A=00 HL=D353 DE=D2DB IY=0000 IX=009C SP=DBEE
  12.1674 CALSLT A=20 HL=D353 DE=D2DB IY=0000 IX=00A2 SP=DBF0
  12.1679 ENASLT A=83 HL=4053 DE=D2DB IY=DC5B IX=F195 SP=DBF2
  12.1683 ENASLT A=87 HL=4053 DE=D2DB IY=DC5B IX=F195 SP=DBF2
  12.1688 CALSLT A=6E HL=D353 DE=D2DC IY=0000 IX=00B7 SP=DBEE
  12.1690 CALSLT A=00 HL=D353 DE=D2DC IY=0000 IX=009C SP=DBEE
  12.1693 CALSLT A=6E HL=D353 DE=D2DC IY=0000 IX=00A2 SP=DBF0
  12.1698 ENASLT A=83 HL=4053 DE=D2DC IY=DC5B IX=F195 SP=DBF2
  12.1702 ENASLT A=87 HL=4053 DE=D2DC IY=DC5B IX=F195 SP=DBF2
  12.1707 CALSLT A=65 HL=D353 DE=D2DD IY=0000 IX=00B7 SP=DBEE
  12.1709 CALSLT A=00 HL=D353 DE=D2DD IY=0000 IX=009C SP=DBEE
  12.1711 CALSLT A=65 HL=D353 DE=D2DD IY=0000 IX=00A2 SP=DBF0
  12.1717 ENASLT A=83 HL=4053 DE=D2DD IY=DC5B IX=F195 SP=DBF2
  12.1721 ENASLT A=87 HL=4053 DE=D2DD IY=DC5B IX=F195 SP=DBF2
  12.1725 CALSLT A=77 HL=D353 DE=D2DE IY=0000 IX=00B7 SP=DBEE
  12.1727 CALSLT A=00 HL=D353 DE=D2DE IY=0000 IX=009C SP=DBEE
  12.1730 CALSLT A=77 HL=D353 DE=D2DE IY=0000 IX=00A2 SP=DBF0
  12.1735 ENASLT A=83 HL=4053 DE=D2DE IY=DC5B IX=F195 SP=DBF2
  12.1739 ENASLT A=87 HL=4053 DE=D2DE IY=DC5B IX=F195 SP=DBF2
  12.1744 CALSLT A=20 HL=D353 DE=D2DF IY=0000 IX=00B7 SP=DBEE
  12.1746 CALSLT A=00 HL=D353 DE=D2DF IY=0000 IX=009C SP=DBEE
  12.1749 CALSLT A=20 HL=D353 DE=D2DF IY=0000 IX=00A2 SP=DBF0
  12.1754 ENASLT A=83 HL=4053 DE=D2DF IY=DC5B IX=F195 SP=DBF2
  12.1758 ENASLT A=87 HL=4053 DE=D2DF IY=DC5B IX=F195 SP=DBF2
  12.1763 CALSLT A=64 HL=D353 DE=D2E0 IY=0000 IX=00B7 SP=DBEE
  12.1765 CALSLT A=00 HL=D353 DE=D2E0 IY=0000 IX=009C SP=DBEE
  12.1768 CALSLT A=64 HL=D353 DE=D2E0 IY=0000 IX=00A2 SP=DBF0
  12.1773 ENASLT A=83 HL=4053 DE=D2E0 IY=DC5B IX=F195 SP=DBF2
  12.1777 ENASLT A=87 HL=4053 DE=D2E0 IY=DC5B IX=F195 SP=DBF2
  12.1782 CALSLT A=61 HL=D353 DE=D2E1 IY=0000 IX=00B7 SP=DBEE
  12.1784 CALSLT A=00 HL=D353 DE=D2E1 IY=0000 IX=009C SP=DBEE
  12.1786 CALSLT A=61 HL=D353 DE=D2E1 IY=0000 IX=00A2 SP=DBF0
  12.1792 ENASLT A=83 HL=4053 DE=D2E1 IY=DC5B IX=F195 SP=DBF2
  12.1796 ENASLT A=87 HL=4053 DE=D2E1 IY=DC5B IX=F195 SP=DBF2
  12.1800 CALSLT A=74 HL=D353 DE=D2E2 IY=0000 IX=00B7 SP=DBEE
  12.1802 CALSLT A=00 HL=D353 DE=D2E2 IY=0000 IX=009C SP=DBEE
  12.1805 CALSLT A=74 HL=D353 DE=D2E2 IY=0000 IX=00A2 SP=DBF0
  12.1809 CALLF A=9F HL=00A2 DE=0003 IY=0000 IX=00A2 SP=DBC4
  12.1820 ENASLT A=83 HL=4053 DE=D2E2 IY=DC5B IX=F195 SP=DBF2
  12.1824 ENASLT A=87 HL=4053 DE=D2E2 IY=DC5B IX=F195 SP=DBF2
  12.1829 CALSLT A=65 HL=D353 DE=D2E3 IY=0000 IX=00B7 SP=DBEE
  12.1831 CALSLT A=00 HL=D353 DE=D2E3 IY=0000 IX=009C SP=DBEE
  12.1834 CALSLT A=65 HL=D353 DE=D2E3 IY=0000 IX=00A2 SP=DBF0
  12.1839 ENASLT A=83 HL=4053 DE=D2E3 IY=DC5B IX=F195 SP=DBF2
  12.1843 ENASLT A=87 HL=4053 DE=D2E3 IY=DC5B IX=F195 SP=DBF2
  12.1848 CALSLT A=3A HL=D353 DE=D2E4 IY=0000 IX=00B7 SP=DBEE
  12.1850 CALSLT A=00 HL=D353 DE=D2E4 IY=0000 IX=009C SP=DBEE
  12.1852 CALSLT A=3A HL=D353 DE=D2E4 IY=0000 IX=00A2 SP=DBF0
  12.1858 ENASLT A=83 HL=4053 DE=D2E4 IY=DC5B IX=F195 SP=DBF2
  12.1862 ENASLT A=87 HL=4053 DE=D2E4 IY=DC5B IX=F195 SP=DBF2
  12.1866 CALSLT A=20 HL=D353 DE=D2E5 IY=0000 IX=00B7 SP=DBEE
  12.1869 CALSLT A=00 HL=D353 DE=D2E5 IY=0000 IX=009C SP=DBEE
  12.1871 CALSLT A=20 HL=D353 DE=D2E5 IY=0000 IX=00A2 SP=DBF0
  12.1876 ENASLT A=83 HL=4053 DE=D2E5 IY=DC5B IX=F195 SP=DBF2
  12.1880 ENASLT A=87 HL=4053 DE=D2E5 IY=DC5B IX=F195 SP=DBF2
  12.1884 ENASLT A=83 HL=4053 DE=D2E6 IY=DC5B IX=F195 SP=DBF2
  12.1891 ENASLT A=87 HL=4024 DE=DA40 IY=DC5B IX=F195 SP=DBF0
  12.1896 CALSLT A=00 HL=DA42 DE=000A IY=0000 IX=009F SP=DBEE
  12.1973 CALLF A=9F HL=009F DE=0003 IY=0000 IX=009F SP=DBC0
  12.2140 CALLF A=9F HL=009F DE=0003 IY=0000 IX=009F SP=DBC8
  12.2307 CALLF A=9F HL=009F DE=0003 IY=0000 IX=009F SP=DBC2
  12.2474 CALLF A=9F HL=009F DE=0003 IY=0000 IX=009F SP=DBC8
  12.2641 CALLF A=9F HL=009F DE=0003 IY=0000 IX=009F SP=DBC0
  12.2808 CALLF A=9F HL=009F DE=0003 IY=0000 IX=009F SP=DBC2
  12.2975 CALLF A=9F HL=009F DE=0003 IY=0000 IX=009F SP=DBC0
  12.3142 CALLF A=9F HL=009F DE=0003 IY=0000 IX=009F SP=DBC2
  12.3308 CALLF A=9F HL=009F DE=0003 IY=0000 IX=009F SP=DBC6
  12.3475 CALLF A=9F HL=009F DE=0003 IY=0000 IX=009F SP=DBC2
  12.3642 CALLF A=9F HL=009F DE=0003 IY=0000 IX=009F SP=DBC8
  12.3809 CALLF A=9F HL=009F DE=0003 IY=0000 IX=009F SP=DBC2
  12.3976 CALLF A=9F HL=009F DE=0003 IY=0000 IX=009F SP=DBC8
  12.4143 CALLF A=9F HL=009F DE=0003 IY=0000 IX=009F SP=DBC2
  12.4310 CALLF A=9F HL=009F DE=0003 IY=0000 IX=009F SP=DBC0
  12.4477 CALLF A=9F HL=009F DE=0003 IY=0000 IX=009F SP=DBC2
  12.4643 CALLF A=9F HL=009F DE=0003 IY=0000 IX=009F SP=DBC2
  12.4810 CALLF A=9F HL=009F DE=0003 IY=0000 IX=009F SP=DBCA
  12.4977 CALLF A=9F HL=009F DE=0003 IY=0000 IX=009F SP=DBC2
  12.5144 CALLF A=9F HL=009F DE=0003 IY=0000 IX=009F SP=DBC0
  12.5311 CALLF A=9F HL=009F DE=0003 IY=0000 IX=009F SP=DBC0
  12.5478 CALLF A=9F HL=009F DE=0003 IY=0000 IX=009F SP=DBC0
  12.5645 CALLF A=9F HL=009F DE=0003 IY=0000 IX=009F SP=DBC8
  12.5812 CALLF A=9F HL=009F DE=0003 IY=0000 IX=009F SP=DBC2
  12.5979 CALLF A=9F HL=009F DE=0003 IY=0000 IX=009F SP=DBC8
== OURS: 9 slot calls, 2 s .. 14.0 s
  2.6443 RDSLT A=01 HL=4000 DE=0001 IY=0004 IX=4010 SP=F2E6
  2.6445 RDSLT A=02 HL=4000 DE=0002 IY=0004 IX=4010 SP=F2E6
  2.6447 RDSLT A=83 HL=4000 DE=0003 IY=0004 IX=4010 SP=F2E4
  2.6451 RDSLT A=83 HL=0000 DE=8300 IY=0004 IX=4010 SP=F2E4
  2.6454 RDSLT A=87 HL=4000 DE=8300 IY=0004 IX=4010 SP=F2E4
  2.6457 RDSLT A=87 HL=4001 DE=8700 IY=0004 IX=4010 SP=F2E4
  2.6460 RDSLT A=87 HL=4002 DE=8700 IY=0004 IX=4010 SP=F2E4
  2.6464 RDSLT A=87 HL=4003 DE=8700 IY=0004 IX=4010 SP=F2E4
  2.6467 CALSLT A=87 HL=4034 DE=8700 IY=87FF IX=4034 SP=F2E4
